/*
 Navicat Premium Data Transfer

 Source Server         : 虚拟机212
 Source Server Type    : MySQL
 Source Server Version : 50173
 Source Host           : 192.168.43.212:3306
 Source Schema         : robopost

 Target Server Type    : MySQL
 Target Server Version : 50173
 File Encoding         : 65001

 Date: 04/09/2019 13:56:18
*/

SET NAMES utf8mb4;
SET FOREIGN_KEY_CHECKS = 0;

-- ----------------------------
-- Table structure for application
-- ----------------------------
DROP TABLE IF EXISTS `application`;
CREATE TABLE `application`  (
  `id` int(11) NOT NULL AUTO_INCREMENT,
  `app_ip` varchar(20) CHARACTER SET utf8 COLLATE utf8_general_ci NOT NULL,
  `hostname` varchar(100) CHARACTER SET utf8 COLLATE utf8_general_ci NOT NULL,
  `account` varchar(100) CHARACTER SET utf8 COLLATE utf8_general_ci NOT NULL,
  `password` varchar(100) CHARACTER SET utf8 COLLATE utf8_general_ci NOT NULL,
  `app_directory` varchar(500) CHARACTER SET utf8 COLLATE utf8_general_ci NOT NULL,
  `middleware_name` varchar(100) CHARACTER SET utf8 COLLATE utf8_general_ci NOT NULL,
  `middleware_pass` varchar(100) CHARACTER SET utf8 COLLATE utf8_general_ci NOT NULL,
  `url` varchar(500) CHARACTER SET utf8 COLLATE utf8_general_ci NOT NULL,
  `upload_path` varchar(500) CHARACTER SET utf8 COLLATE utf8_general_ci NOT NULL,
  `port` varchar(10) CHARACTER SET utf8 COLLATE utf8_general_ci NOT NULL,
  `log_path` varchar(500) CHARACTER SET utf8 COLLATE utf8_general_ci NOT NULL,
  `env_type` varchar(100) CHARACTER SET utf8 COLLATE utf8_general_ci NOT NULL,
  `extend1` varchar(1000) CHARACTER SET utf8 COLLATE utf8_general_ci NULL DEFAULT NULL,
  `extend2` varchar(1000) CHARACTER SET utf8 COLLATE utf8_general_ci NULL DEFAULT NULL,
  `extend3` varchar(1000) CHARACTER SET utf8 COLLATE utf8_general_ci NULL DEFAULT NULL,
  `temp_id_id` int(11) NOT NULL,
  PRIMARY KEY (`id`) USING BTREE,
  INDEX `application_temp_id_id_d392c152_fk_template_id`(`temp_id_id`) USING BTREE,
  CONSTRAINT `application_temp_id_id_d392c152_fk_template_id` FOREIGN KEY (`temp_id_id`) REFERENCES `template` (`id`) ON DELETE RESTRICT ON UPDATE RESTRICT
) ENGINE = InnoDB AUTO_INCREMENT = 98 CHARACTER SET = utf8 COLLATE = utf8_general_ci ROW_FORMAT = Compact;

-- ----------------------------
-- Records of application
-- ----------------------------
INSERT INTO `application` VALUES (1, '192.168.43.212', '', 'root', '123456', '/opt/Oracle/Middleware/user_projects/domains/tata_domain/startWebLogic.sh', '', '', '', '/home/wlgma/yatai', '7001', '/home/wlgma/yatai/logs', '生产', '/home/wlgma/yatai/backup2#/home/wlgma/yatai/backup', NULL, NULL, 51);
INSERT INTO `application` VALUES (2, '192.168.43.224', '', 'root', '123456', '/opt/Oracle/Middleware/user_projects/domains/tata_domain/startWebLogic.sh', '', '', '', '/home/wlgma/yatai', '7001', '/home/wlgma/yatai/logs', '生产', '/home/wlgma/yatai/backup2#/home/wlgma/yatai/backup', NULL, NULL, 51);
INSERT INTO `application` VALUES (3, '192.168.43.188', '2', 'root', '123456', '/opt/Oracle/Middleware/user_projects/domains/tata_domain/startWebLogic.sh', '', '', '', '/home/wlgma/yatai', '7001', '/home/wlgma/yatai/logs', '生产', '/home/wlgma/yatai/backup2#/home/wlgma/yatai/backup', NULL, NULL, 51);
INSERT INTO `application` VALUES (63, '172.10.2.4', 'B组1', 'wlgma', 'mawlg.1104', '/opt/bea10.3/user_projects/domains/domain8006/startWebLogic.sh', '1', '1', '', '/appdata/appsrv/core-jdk1.6/qcar/qcarCore8006', '8006', '/opt/bea10.3/user_projects/domains/domain8006/application_chinainsuranceWorkingDir', '生产', NULL, NULL, NULL, 52);
INSERT INTO `application` VALUES (64, '172.10.2.6', 'B组1', 'wlgma', 'mawlg.1106', '/opt/bea10.3/user_projects/domains/domain8006/startWebLogic.sh', '1', '1', '', '/appdata/appsrv/core-jdk1.6/qcar/qcarCore8006', '8006', '/opt/bea10.3/user_projects/domains/domain8006/application_chinainsuranceWorkingDir', '生产', NULL, NULL, NULL, 52);
INSERT INTO `application` VALUES (67, '172.10.2.1', 'A组1', 'wlgma', 'mawlg.1101', '/opt/bea10.3/user_projects/domains/domain7001/startWebLogic.sh', '1', '1', '', '/appdata/appsrv/core-jdk1.6/qcar/qcarCore8006', '7001', '/opt/bea10.3/user_projects/domains/domain7001/application_chinainsuranceWorkingDir', '生产', NULL, NULL, NULL, 52);
INSERT INTO `application` VALUES (68, '172.10.2.2', 'A组2', 'wlgma', 'mawlg.1102', '/opt/bea10.3/user_projects/domains/domain7001/startWebLogic.sh', '1', '1', '', '/appdata/appsrv/core-jdk1.6/qcar/qcarCore8006', '7001', '/opt/bea10.3/user_projects/domains/domain7001/application_chinainsuranceWorkingDir', '生产', NULL, NULL, NULL, 52);
INSERT INTO `application` VALUES (69, '172.10.2.1', 'shengchan', 'wlgma', 'mawlg.1101', '/opt/bea10.3/user_projects/domains/domain7002/startWebLogic.sh', '1', '1', '', '/appdata/appsrv/core-jdk1.6/qcar/qcarCore8006', '7002', '/opt/bea10.3/user_projects/domains/domain7002/application_chinainsuranceWorkingDir', '生产', NULL, NULL, NULL, 52);
INSERT INTO `application` VALUES (70, '172.10.2.2', 'shengchan', 'wlgma', 'mawlg.1102', '/opt/bea10.3/user_projects/domains/domain7002/startWebLogic.sh', '1', '1', '', '/appdata/appsrv/core-jdk1.6/qcar/qcarCore8006', '7002', '/opt/bea10.3/user_projects/domains/domain7002/application_chinainsuranceWorkingDir', '生产', NULL, NULL, NULL, 52);
INSERT INTO `application` VALUES (72, '172.10.2.4', 'shengchan', 'wlgma', 'mawlg.1104', '/opt/bea10.3/user_projects/domains/domain7003/startWebLogic.sh', '1', '1', '', '/appdata/appsrv/core-jdk1.6/qcar/qcarCore8006', '7003', '/opt/bea10.3/user_projects/domains/domain7003/application_chinainsuranceWorkingDir', '生产', NULL, NULL, NULL, 52);
INSERT INTO `application` VALUES (73, '172.10.2.2', 'shengchan', 'wlgma', 'mawlg.1102', '/opt/bea10.3/user_projects/domains/domain7004/startWebLogic.sh', '1', '1', '', '/appdata/appsrv/core-jdk1.6/qcar/qcarCore8006', '7004', '/opt/bea10.3/user_projects/domains/domain7004/application_chinainsuranceWorkingDir', '生产', NULL, NULL, NULL, 52);
INSERT INTO `application` VALUES (74, '172.10.2.4', 'shengchan', 'wlgma', 'mawlg.1104', '/opt/bea10.3/user_projects/domains/domain7004/startWebLogic.sh', '1', '1', '', '/appdata/appsrv/core-jdk1.6/qcar/qcarCore8006', '7004', '/opt/bea10.3/user_projects/domains/domain7004/application_chinainsuranceWorkingDir', '生产', NULL, NULL, NULL, 52);
INSERT INTO `application` VALUES (76, '172.10.2.1', 'shengchan', 'wlgma', 'mawlg.1101', '/opt/bea10.3/user_projects/domains/domain7005/startWebLogic.sh', '1', '1', '', '/appdata/appsrv/core-jdk1.6/qcar/qcarCore8006', '7005', '/opt/bea10.3/user_projects/domains/domain7005/application_chinainsuranceWorkingDir', '生产', NULL, NULL, NULL, 52);
INSERT INTO `application` VALUES (77, '172.10.2.2', 'shengchan', 'wlgma', 'mawlg.1102', '/opt/bea10.3/user_projects/domains/domain7005/startWebLogic.sh', '1', '1', '', '/appdata/appsrv/core-jdk1.6/qcar/qcarCore8006', '7005', '/opt/bea10.3/user_projects/domains/domain7005/application_chinainsuranceWorkingDir', '生产', NULL, NULL, NULL, 52);
INSERT INTO `application` VALUES (79, '172.10.2.4', 'shengchan', 'wlgma', 'mawlg.1104', '/opt/bea10.3/user_projects/domains/domain7005/startWebLogic.sh', '1', '1', '', '/appdata/appsrv/core-jdk1.6/qcar/qcarCore8006', '7005', '/opt/bea10.3/user_projects/domains/domain7005/application_chinainsuranceWorkingDir', '生产', NULL, NULL, NULL, 52);
INSERT INTO `application` VALUES (80, '172.10.2.6', 'shengchan', 'wlgma', 'mawlg.1106', '/opt/bea10.3/user_projects/domains/domain7006/startWebLogic.sh', '1', '1', '', '/appdata/appsrv/core-jdk1.6/qcar/qcarCore8006', '7006', '/opt/bea10.3/user_projects/domains/domain7006/application_chinainsuranceWorkingDir', '生产', NULL, NULL, NULL, 52);
INSERT INTO `application` VALUES (84, '172.10.2.6', 'shengchan', 'wlgma', 'mawlg.1106', '/opt/bea10.3/user_projects/domains/domain7004/startWebLogic.sh', '1', '1', '', '/appdata/appsrv/core-jdk1.6/qcar/qcarCore8006', '7004', '/opt/bea10.3/user_projects/domains/domain7004/application_chinainsuranceWorkingDir', '生产', NULL, NULL, NULL, 52);
INSERT INTO `application` VALUES (85, '172.10.2.70', 'B组2', 'wlgma', 'wlgma2013', '/opt/bea10.3/user_projects/domains/domain8006/bin/startWebLogic.sh', '1', '1', '', '/appdata/appsrv/core-jdk1.6/qcar/qcarCore8006', '8006', '/opt/bea10.3/user_projects/domains/domain8006/application_chinainsuranceWorkingDir', '生产', NULL, NULL, NULL, 52);
INSERT INTO `application` VALUES (86, '172.10.2.71', 'B组2', 'wlgma', 'wlgma2013', '/opt/bea10.3/user_projects/domains/domain8006/bin/startWebLogic.sh', '1', '1', '', '/appdata/appsrv/core-jdk1.6/qcar/qcarCore8006', '8006', '/opt/bea10.3/user_projects/domains/domain8006/application_chinainsuranceWorkingDir', '生产', NULL, NULL, NULL, 52);
INSERT INTO `application` VALUES (95, '172.10.2.6', 'B组2', 'wlgma', 'mawlg.1106', '/opt/bea10.3/user_projects/domains/domain7001/startWebLogic.sh', '1', '0', '', '/appdata/appsrv/core-jdk1.6/qcar/qcarCore8006', '7001', '/opt/bea10.3/user_projects/domains/domain7001/application_chinainsuranceWorkingDir', '生产', NULL, NULL, NULL, 52);
INSERT INTO `application` VALUES (96, '172.10.2.2', 'shengchan', 'wlgma', 'mawlg.1102', '/opt/bea10.3/user_projects/domains/domain7003/startWebLogic.sh', '1', '1', '', '/appdata/appsrv/core-jdk1.6/qcar/qcarCore8006', '7003', '/opt/bea10.3/user_projects/domains/domain7003/application_chinainsuranceWorkingDir', '生产', NULL, NULL, NULL, 52);
INSERT INTO `application` VALUES (97, '172.10.2.5', 'shengchan', 'wlgma', 'mawlg.1105', '/opt/bea10.3/user_projects/domains/domain7001/startWebLogic.sh', '1', '0', '', '/appdata/appsrv/core-jdk1.6/qcar/qcarCore8006', '7001', '/opt/bea10.3/user_projects/domains/domain7001/application_chinainsuranceWorkingDir', '生产', '/appdata/appsrv/core-jdk1.6/qcar/qcarCore8006#/opt/appsrv ', NULL, NULL, 52);

-- ----------------------------
-- Table structure for auth_group
-- ----------------------------
DROP TABLE IF EXISTS `auth_group`;
CREATE TABLE `auth_group`  (
  `id` int(11) NOT NULL AUTO_INCREMENT,
  `name` varchar(80) CHARACTER SET utf8 COLLATE utf8_general_ci NOT NULL,
  PRIMARY KEY (`id`) USING BTREE,
  UNIQUE INDEX `name`(`name`) USING BTREE
) ENGINE = InnoDB AUTO_INCREMENT = 14 CHARACTER SET = utf8 COLLATE = utf8_general_ci ROW_FORMAT = Compact;

-- ----------------------------
-- Records of auth_group
-- ----------------------------
INSERT INTO `auth_group` VALUES (13, '其他组');
INSERT INTO `auth_group` VALUES (12, '核心组');
INSERT INTO `auth_group` VALUES (9, '车险组');

-- ----------------------------
-- Table structure for auth_group_permissions
-- ----------------------------
DROP TABLE IF EXISTS `auth_group_permissions`;
CREATE TABLE `auth_group_permissions`  (
  `id` int(11) NOT NULL AUTO_INCREMENT,
  `group_id` int(11) NOT NULL,
  `permission_id` int(11) NOT NULL,
  PRIMARY KEY (`id`) USING BTREE,
  UNIQUE INDEX `auth_group_permissions_group_id_permission_id_0cd325b0_uniq`(`group_id`, `permission_id`) USING BTREE,
  INDEX `auth_group_permissio_permission_id_84c5c92e_fk_auth_perm`(`permission_id`) USING BTREE,
  CONSTRAINT `auth_group_permissions_group_id_b120cbf9_fk_auth_group_id` FOREIGN KEY (`group_id`) REFERENCES `auth_group` (`id`) ON DELETE RESTRICT ON UPDATE RESTRICT,
  CONSTRAINT `auth_group_permissio_permission_id_84c5c92e_fk_auth_perm` FOREIGN KEY (`permission_id`) REFERENCES `auth_permission` (`id`) ON DELETE RESTRICT ON UPDATE RESTRICT
) ENGINE = InnoDB AUTO_INCREMENT = 38 CHARACTER SET = utf8 COLLATE = utf8_general_ci ROW_FORMAT = Compact;

-- ----------------------------
-- Records of auth_group_permissions
-- ----------------------------
INSERT INTO `auth_group_permissions` VALUES (1, 9, 1);
INSERT INTO `auth_group_permissions` VALUES (2, 9, 2);
INSERT INTO `auth_group_permissions` VALUES (3, 9, 3);
INSERT INTO `auth_group_permissions` VALUES (4, 9, 4);
INSERT INTO `auth_group_permissions` VALUES (5, 9, 5);
INSERT INTO `auth_group_permissions` VALUES (6, 9, 6);
INSERT INTO `auth_group_permissions` VALUES (7, 9, 7);
INSERT INTO `auth_group_permissions` VALUES (8, 9, 8);
INSERT INTO `auth_group_permissions` VALUES (9, 9, 9);
INSERT INTO `auth_group_permissions` VALUES (10, 9, 10);
INSERT INTO `auth_group_permissions` VALUES (11, 9, 11);
INSERT INTO `auth_group_permissions` VALUES (12, 9, 12);
INSERT INTO `auth_group_permissions` VALUES (13, 9, 13);
INSERT INTO `auth_group_permissions` VALUES (14, 9, 14);
INSERT INTO `auth_group_permissions` VALUES (15, 9, 15);
INSERT INTO `auth_group_permissions` VALUES (16, 9, 16);
INSERT INTO `auth_group_permissions` VALUES (17, 9, 17);
INSERT INTO `auth_group_permissions` VALUES (18, 9, 18);
INSERT INTO `auth_group_permissions` VALUES (19, 9, 25);
INSERT INTO `auth_group_permissions` VALUES (20, 9, 26);
INSERT INTO `auth_group_permissions` VALUES (21, 9, 27);
INSERT INTO `auth_group_permissions` VALUES (22, 9, 28);
INSERT INTO `auth_group_permissions` VALUES (23, 9, 29);
INSERT INTO `auth_group_permissions` VALUES (26, 9, 32);
INSERT INTO `auth_group_permissions` VALUES (27, 9, 33);
INSERT INTO `auth_group_permissions` VALUES (28, 9, 34);
INSERT INTO `auth_group_permissions` VALUES (29, 9, 35);
INSERT INTO `auth_group_permissions` VALUES (30, 9, 36);
INSERT INTO `auth_group_permissions` VALUES (31, 9, 37);
INSERT INTO `auth_group_permissions` VALUES (32, 9, 38);
INSERT INTO `auth_group_permissions` VALUES (33, 9, 39);
INSERT INTO `auth_group_permissions` VALUES (34, 9, 40);
INSERT INTO `auth_group_permissions` VALUES (35, 9, 41);
INSERT INTO `auth_group_permissions` VALUES (36, 9, 42);
INSERT INTO `auth_group_permissions` VALUES (37, 9, 43);

-- ----------------------------
-- Table structure for auth_permission
-- ----------------------------
DROP TABLE IF EXISTS `auth_permission`;
CREATE TABLE `auth_permission`  (
  `id` int(11) NOT NULL AUTO_INCREMENT,
  `name` varchar(255) CHARACTER SET utf8 COLLATE utf8_general_ci NOT NULL,
  `content_type_id` int(11) NOT NULL,
  `codename` varchar(100) CHARACTER SET utf8 COLLATE utf8_general_ci NOT NULL,
  PRIMARY KEY (`id`) USING BTREE,
  UNIQUE INDEX `auth_permission_content_type_id_codename_01ab375a_uniq`(`content_type_id`, `codename`) USING BTREE,
  CONSTRAINT `auth_permission_content_type_id_2f476e4b_fk_django_co` FOREIGN KEY (`content_type_id`) REFERENCES `django_content_type` (`id`) ON DELETE RESTRICT ON UPDATE RESTRICT
) ENGINE = InnoDB AUTO_INCREMENT = 44 CHARACTER SET = utf8 COLLATE = utf8_general_ci ROW_FORMAT = Compact;

-- ----------------------------
-- Records of auth_permission
-- ----------------------------
INSERT INTO `auth_permission` VALUES (1, 'Can add log entry', 1, 'add_logentry');
INSERT INTO `auth_permission` VALUES (2, 'Can change log entry', 1, 'change_logentry');
INSERT INTO `auth_permission` VALUES (3, 'Can delete log entry', 1, 'delete_logentry');
INSERT INTO `auth_permission` VALUES (4, 'Can add permission', 2, 'add_permission');
INSERT INTO `auth_permission` VALUES (5, 'Can change permission', 2, 'change_permission');
INSERT INTO `auth_permission` VALUES (6, 'Can delete permission', 2, 'delete_permission');
INSERT INTO `auth_permission` VALUES (7, 'Can add group', 3, 'add_group');
INSERT INTO `auth_permission` VALUES (8, 'Can change group', 3, 'change_group');
INSERT INTO `auth_permission` VALUES (9, 'Can delete group', 3, 'delete_group');
INSERT INTO `auth_permission` VALUES (10, 'Can add user', 4, 'add_user');
INSERT INTO `auth_permission` VALUES (11, 'Can change user', 4, 'change_user');
INSERT INTO `auth_permission` VALUES (12, 'Can delete user', 4, 'delete_user');
INSERT INTO `auth_permission` VALUES (13, 'Can add content type', 5, 'add_contenttype');
INSERT INTO `auth_permission` VALUES (14, 'Can change content type', 5, 'change_contenttype');
INSERT INTO `auth_permission` VALUES (15, 'Can delete content type', 5, 'delete_contenttype');
INSERT INTO `auth_permission` VALUES (16, 'Can add session', 6, 'add_session');
INSERT INTO `auth_permission` VALUES (17, 'Can change session', 6, 'change_session');
INSERT INTO `auth_permission` VALUES (18, 'Can delete session', 6, 'delete_session');
INSERT INTO `auth_permission` VALUES (25, '可以使用发布管理模块', 7, 'use_work');
INSERT INTO `auth_permission` VALUES (26, '可以使用配置管理模块', 7, 'use_config');
INSERT INTO `auth_permission` VALUES (27, '可以使用组管理模块', 7, 'use_group');
INSERT INTO `auth_permission` VALUES (28, '可以使用用户管理模块', 7, 'use_user');
INSERT INTO `auth_permission` VALUES (29, '可以使用权限模块', 7, 'use_auth');
INSERT INTO `auth_permission` VALUES (32, 'Can add public parameter', 9, 'add_publicparameter');
INSERT INTO `auth_permission` VALUES (33, 'Can change public parameter', 9, 'change_publicparameter');
INSERT INTO `auth_permission` VALUES (34, 'Can delete public parameter', 9, 'delete_publicparameter');
INSERT INTO `auth_permission` VALUES (35, 'Can add project info', 10, 'add_projectinfo');
INSERT INTO `auth_permission` VALUES (36, 'Can change project info', 10, 'change_projectinfo');
INSERT INTO `auth_permission` VALUES (37, 'Can delete project info', 10, 'delete_projectinfo');
INSERT INTO `auth_permission` VALUES (38, 'Can add host info', 11, 'add_hostinfo');
INSERT INTO `auth_permission` VALUES (39, 'Can change host info', 11, 'change_hostinfo');
INSERT INTO `auth_permission` VALUES (40, 'Can delete host info', 11, 'delete_hostinfo');
INSERT INTO `auth_permission` VALUES (41, 'Can add db info', 12, 'add_dbinfo');
INSERT INTO `auth_permission` VALUES (42, 'Can change db info', 12, 'change_dbinfo');
INSERT INTO `auth_permission` VALUES (43, 'Can delete db info', 12, 'delete_dbinfo');

-- ----------------------------
-- Table structure for auth_user
-- ----------------------------
DROP TABLE IF EXISTS `auth_user`;
CREATE TABLE `auth_user`  (
  `id` int(11) NOT NULL AUTO_INCREMENT,
  `password` varchar(128) CHARACTER SET utf8 COLLATE utf8_general_ci NOT NULL,
  `last_login` datetime NULL DEFAULT NULL,
  `is_superuser` tinyint(1) NOT NULL,
  `username` varchar(150) CHARACTER SET utf8 COLLATE utf8_general_ci NOT NULL,
  `first_name` varchar(30) CHARACTER SET utf8 COLLATE utf8_general_ci NOT NULL,
  `last_name` varchar(30) CHARACTER SET utf8 COLLATE utf8_general_ci NOT NULL,
  `email` varchar(254) CHARACTER SET utf8 COLLATE utf8_general_ci NOT NULL,
  `is_staff` tinyint(1) NOT NULL,
  `is_active` tinyint(1) NOT NULL,
  `date_joined` datetime NULL,
  PRIMARY KEY (`id`) USING BTREE,
  UNIQUE INDEX `username`(`username`) USING BTREE
) ENGINE = InnoDB AUTO_INCREMENT = 15 CHARACTER SET = utf8 COLLATE = utf8_general_ci ROW_FORMAT = Compact;

-- ----------------------------
-- Records of auth_user
-- ----------------------------
INSERT INTO `auth_user` VALUES (1, 'pbkdf2_sha256$36000$0SvXGprFm6BJ$VwWb1+bAyjYYZqvnpNMeOEqtKdOrz1wN0+iv5vegwxE=', '2019-09-03 09:31:40', 1, 'admin', '超级', '管理员', 'q12@163.com', 1, 1, '2018-02-23 03:20:00');
INSERT INTO `auth_user` VALUES (14, 'pbkdf2_sha256$36000$QasgxSzuUAv9$+yK5DqlDByADsxwrFiNXfEo/0hHuh6Ltu3XVgVzffMg=', '2018-08-22 07:33:21', 0, 'wangnanfei', '王', '南飞', '', 1, 1, '2018-08-21 06:43:54');

-- ----------------------------
-- Table structure for auth_user_groups
-- ----------------------------
DROP TABLE IF EXISTS `auth_user_groups`;
CREATE TABLE `auth_user_groups`  (
  `id` int(11) NOT NULL AUTO_INCREMENT,
  `user_id` int(11) NOT NULL,
  `group_id` int(11) NOT NULL,
  PRIMARY KEY (`id`) USING BTREE,
  UNIQUE INDEX `auth_user_groups_user_id_group_id_94350c0c_uniq`(`user_id`, `group_id`) USING BTREE,
  INDEX `auth_user_groups_group_id_97559544_fk_auth_group_id`(`group_id`) USING BTREE,
  CONSTRAINT `auth_user_groups_group_id_97559544_fk_auth_group_id` FOREIGN KEY (`group_id`) REFERENCES `auth_group` (`id`) ON DELETE RESTRICT ON UPDATE RESTRICT,
  CONSTRAINT `auth_user_groups_user_id_6a12ed8b_fk_auth_user_id` FOREIGN KEY (`user_id`) REFERENCES `auth_user` (`id`) ON DELETE RESTRICT ON UPDATE RESTRICT
) ENGINE = InnoDB AUTO_INCREMENT = 56 CHARACTER SET = utf8 COLLATE = utf8_general_ci ROW_FORMAT = Compact;

-- ----------------------------
-- Records of auth_user_groups
-- ----------------------------
INSERT INTO `auth_user_groups` VALUES (55, 1, 12);
INSERT INTO `auth_user_groups` VALUES (54, 14, 12);

-- ----------------------------
-- Table structure for auth_user_user_permissions
-- ----------------------------
DROP TABLE IF EXISTS `auth_user_user_permissions`;
CREATE TABLE `auth_user_user_permissions`  (
  `id` int(11) NOT NULL AUTO_INCREMENT,
  `user_id` int(11) NOT NULL,
  `permission_id` int(11) NOT NULL,
  PRIMARY KEY (`id`) USING BTREE,
  UNIQUE INDEX `auth_user_user_permissions_user_id_permission_id_14a6b632_uniq`(`user_id`, `permission_id`) USING BTREE,
  INDEX `auth_user_user_permi_permission_id_1fbb5f2c_fk_auth_perm`(`permission_id`) USING BTREE,
  CONSTRAINT `auth_user_user_permissions_user_id_a95ead1b_fk_auth_user_id` FOREIGN KEY (`user_id`) REFERENCES `auth_user` (`id`) ON DELETE RESTRICT ON UPDATE RESTRICT,
  CONSTRAINT `auth_user_user_permi_permission_id_1fbb5f2c_fk_auth_perm` FOREIGN KEY (`permission_id`) REFERENCES `auth_permission` (`id`) ON DELETE RESTRICT ON UPDATE RESTRICT
) ENGINE = InnoDB AUTO_INCREMENT = 210 CHARACTER SET = utf8 COLLATE = utf8_general_ci ROW_FORMAT = Compact;

-- ----------------------------
-- Records of auth_user_user_permissions
-- ----------------------------
INSERT INTO `auth_user_user_permissions` VALUES (137, 1, 1);
INSERT INTO `auth_user_user_permissions` VALUES (66, 1, 2);
INSERT INTO `auth_user_user_permissions` VALUES (68, 1, 3);
INSERT INTO `auth_user_user_permissions` VALUES (75, 1, 4);
INSERT INTO `auth_user_user_permissions` VALUES (77, 1, 5);
INSERT INTO `auth_user_user_permissions` VALUES (79, 1, 6);
INSERT INTO `auth_user_user_permissions` VALUES (70, 1, 7);
INSERT INTO `auth_user_user_permissions` VALUES (72, 1, 8);
INSERT INTO `auth_user_user_permissions` VALUES (74, 1, 9);
INSERT INTO `auth_user_user_permissions` VALUES (81, 1, 10);
INSERT INTO `auth_user_user_permissions` VALUES (83, 1, 11);
INSERT INTO `auth_user_user_permissions` VALUES (85, 1, 12);
INSERT INTO `auth_user_user_permissions` VALUES (87, 1, 13);
INSERT INTO `auth_user_user_permissions` VALUES (88, 1, 14);
INSERT INTO `auth_user_user_permissions` VALUES (90, 1, 15);
INSERT INTO `auth_user_user_permissions` VALUES (92, 1, 16);
INSERT INTO `auth_user_user_permissions` VALUES (94, 1, 17);
INSERT INTO `auth_user_user_permissions` VALUES (96, 1, 18);
INSERT INTO `auth_user_user_permissions` VALUES (93, 1, 25);
INSERT INTO `auth_user_user_permissions` VALUES (98, 1, 26);
INSERT INTO `auth_user_user_permissions` VALUES (89, 1, 27);
INSERT INTO `auth_user_user_permissions` VALUES (91, 1, 28);
INSERT INTO `auth_user_user_permissions` VALUES (97, 1, 29);
INSERT INTO `auth_user_user_permissions` VALUES (82, 1, 32);
INSERT INTO `auth_user_user_permissions` VALUES (84, 1, 33);
INSERT INTO `auth_user_user_permissions` VALUES (86, 1, 34);
INSERT INTO `auth_user_user_permissions` VALUES (76, 1, 35);
INSERT INTO `auth_user_user_permissions` VALUES (78, 1, 36);
INSERT INTO `auth_user_user_permissions` VALUES (80, 1, 37);
INSERT INTO `auth_user_user_permissions` VALUES (69, 1, 38);
INSERT INTO `auth_user_user_permissions` VALUES (71, 1, 39);
INSERT INTO `auth_user_user_permissions` VALUES (73, 1, 40);
INSERT INTO `auth_user_user_permissions` VALUES (64, 1, 41);
INSERT INTO `auth_user_user_permissions` VALUES (65, 1, 42);
INSERT INTO `auth_user_user_permissions` VALUES (67, 1, 43);
INSERT INTO `auth_user_user_permissions` VALUES (175, 14, 1);
INSERT INTO `auth_user_user_permissions` VALUES (176, 14, 2);
INSERT INTO `auth_user_user_permissions` VALUES (177, 14, 3);
INSERT INTO `auth_user_user_permissions` VALUES (181, 14, 4);
INSERT INTO `auth_user_user_permissions` VALUES (182, 14, 5);
INSERT INTO `auth_user_user_permissions` VALUES (183, 14, 6);
INSERT INTO `auth_user_user_permissions` VALUES (178, 14, 7);
INSERT INTO `auth_user_user_permissions` VALUES (179, 14, 8);
INSERT INTO `auth_user_user_permissions` VALUES (180, 14, 9);
INSERT INTO `auth_user_user_permissions` VALUES (184, 14, 10);
INSERT INTO `auth_user_user_permissions` VALUES (185, 14, 11);
INSERT INTO `auth_user_user_permissions` VALUES (186, 14, 12);
INSERT INTO `auth_user_user_permissions` VALUES (204, 14, 13);
INSERT INTO `auth_user_user_permissions` VALUES (205, 14, 14);
INSERT INTO `auth_user_user_permissions` VALUES (206, 14, 15);
INSERT INTO `auth_user_user_permissions` VALUES (207, 14, 16);
INSERT INTO `auth_user_user_permissions` VALUES (208, 14, 17);
INSERT INTO `auth_user_user_permissions` VALUES (209, 14, 18);
INSERT INTO `auth_user_user_permissions` VALUES (191, 14, 25);
INSERT INTO `auth_user_user_permissions` VALUES (188, 14, 26);
INSERT INTO `auth_user_user_permissions` VALUES (189, 14, 27);
INSERT INTO `auth_user_user_permissions` VALUES (190, 14, 28);
INSERT INTO `auth_user_user_permissions` VALUES (187, 14, 29);
INSERT INTO `auth_user_user_permissions` VALUES (201, 14, 32);
INSERT INTO `auth_user_user_permissions` VALUES (202, 14, 33);
INSERT INTO `auth_user_user_permissions` VALUES (203, 14, 34);
INSERT INTO `auth_user_user_permissions` VALUES (198, 14, 35);
INSERT INTO `auth_user_user_permissions` VALUES (199, 14, 36);
INSERT INTO `auth_user_user_permissions` VALUES (200, 14, 37);
INSERT INTO `auth_user_user_permissions` VALUES (195, 14, 38);
INSERT INTO `auth_user_user_permissions` VALUES (196, 14, 39);
INSERT INTO `auth_user_user_permissions` VALUES (197, 14, 40);
INSERT INTO `auth_user_user_permissions` VALUES (192, 14, 41);
INSERT INTO `auth_user_user_permissions` VALUES (193, 14, 42);
INSERT INTO `auth_user_user_permissions` VALUES (194, 14, 43);

-- ----------------------------
-- Table structure for authmanage_function
-- ----------------------------
DROP TABLE IF EXISTS `authmanage_function`;
CREATE TABLE `authmanage_function`  (
  `id` int(11) NOT NULL AUTO_INCREMENT,
  `name` varchar(50) CHARACTER SET utf8 COLLATE utf8_general_ci NOT NULL,
  `description` longtext CHARACTER SET utf8 COLLATE utf8_general_ci NOT NULL,
  `url` longtext CHARACTER SET utf8 COLLATE utf8_general_ci NULL,
  `codename` varchar(50) CHARACTER SET utf8 COLLATE utf8_general_ci NULL DEFAULT NULL,
  `content_type_id` int(11) NULL DEFAULT NULL,
  `module_id` int(11) NOT NULL,
  PRIMARY KEY (`id`) USING BTREE,
  INDEX `authManage_function_content_type_id_e6a61340_fk_django_co`(`content_type_id`) USING BTREE,
  INDEX `authManage_function_module_id_ad4e34e7_fk_authManage_module_id`(`module_id`) USING BTREE,
  CONSTRAINT `authManage_function_content_type_id_e6a61340_fk_django_co` FOREIGN KEY (`content_type_id`) REFERENCES `django_content_type` (`id`) ON DELETE RESTRICT ON UPDATE RESTRICT,
  CONSTRAINT `authManage_function_module_id_ad4e34e7_fk_authManage_module_id` FOREIGN KEY (`module_id`) REFERENCES `authmanage_module` (`id`) ON DELETE RESTRICT ON UPDATE RESTRICT
) ENGINE = InnoDB AUTO_INCREMENT = 1 CHARACTER SET = utf8 COLLATE = utf8_general_ci ROW_FORMAT = Compact;

-- ----------------------------
-- Table structure for authmanage_module
-- ----------------------------
DROP TABLE IF EXISTS `authmanage_module`;
CREATE TABLE `authmanage_module`  (
  `id` int(11) NOT NULL AUTO_INCREMENT,
  `name` varchar(50) CHARACTER SET utf8 COLLATE utf8_general_ci NOT NULL,
  `description` longtext CHARACTER SET utf8 COLLATE utf8_general_ci NOT NULL,
  `url` longtext CHARACTER SET utf8 COLLATE utf8_general_ci NULL,
  `icon` varchar(50) CHARACTER SET utf8 COLLATE utf8_general_ci NULL DEFAULT NULL,
  `codename` varchar(50) CHARACTER SET utf8 COLLATE utf8_general_ci NULL DEFAULT NULL,
  `content_type_id` int(11) NULL DEFAULT NULL,
  PRIMARY KEY (`id`) USING BTREE,
  INDEX `authManage_module_content_type_id_ec4b7d8d_fk_django_co`(`content_type_id`) USING BTREE,
  CONSTRAINT `authManage_module_content_type_id_ec4b7d8d_fk_django_co` FOREIGN KEY (`content_type_id`) REFERENCES `django_content_type` (`id`) ON DELETE RESTRICT ON UPDATE RESTRICT
) ENGINE = InnoDB AUTO_INCREMENT = 6 CHARACTER SET = utf8 COLLATE = utf8_general_ci ROW_FORMAT = Compact;

-- ----------------------------
-- Records of authmanage_module
-- ----------------------------
INSERT INTO `authmanage_module` VALUES (1, '发布', 'issue', '/environment/issue', 'book', 'use_work', 7);
INSERT INTO `authmanage_module` VALUES (2, '配置', 'configs', '/environment/configs', 'cog', 'use_config', 7);
INSERT INTO `authmanage_module` VALUES (3, '用户组', 'userGroupList', '/auth/userGroup/userGroupList', 'users2', 'use_group', 7);
INSERT INTO `authmanage_module` VALUES (4, '用户', 'userList', '/auth/user/userList', 'user2', 'use_user', 7);
INSERT INTO `authmanage_module` VALUES (5, '权限', 'permissionList', '/auth/permission/permissionList', 'key', 'use_auth', 7);

-- ----------------------------
-- Table structure for config
-- ----------------------------
DROP TABLE IF EXISTS `config`;
CREATE TABLE `config`  (
  `id` int(11) NOT NULL AUTO_INCREMENT,
  `conf_key` varchar(500) CHARACTER SET utf8 COLLATE utf8_general_ci NOT NULL,
  `conf_value` varchar(500) CHARACTER SET utf8 COLLATE utf8_general_ci NOT NULL,
  `extend1` varchar(1000) CHARACTER SET utf8 COLLATE utf8_general_ci NULL DEFAULT NULL,
  `extend2` varchar(1000) CHARACTER SET utf8 COLLATE utf8_general_ci NULL DEFAULT NULL,
  `extend3` varchar(1000) CHARACTER SET utf8 COLLATE utf8_general_ci NULL DEFAULT NULL,
  PRIMARY KEY (`id`) USING BTREE
) ENGINE = InnoDB AUTO_INCREMENT = 5 CHARACTER SET = utf8 COLLATE = utf8_general_ci ROW_FORMAT = Compact;

-- ----------------------------
-- Records of config
-- ----------------------------
INSERT INTO `config` VALUES (4, 'work_params2', '{\"webapp_name\": [\"webapps\", \"webapp名称\"]}', '生产', '核心组', '');

-- ----------------------------
-- Table structure for confmanage_dbinfo
-- ----------------------------
DROP TABLE IF EXISTS `confmanage_dbinfo`;
CREATE TABLE `confmanage_dbinfo`  (
  `id` int(11) NOT NULL AUTO_INCREMENT,
  `name` varchar(50) CHARACTER SET utf8 COLLATE utf8_general_ci NOT NULL,
  `account` varchar(50) CHARACTER SET utf8 COLLATE utf8_general_ci NOT NULL,
  `password` varchar(500) CHARACTER SET utf8 COLLATE utf8_general_ci NOT NULL,
  `tnsname` varchar(500) CHARACTER SET utf8 COLLATE utf8_general_ci NOT NULL,
  `port` int(11) NULL DEFAULT NULL,
  `sid` varchar(200) CHARACTER SET utf8 COLLATE utf8_general_ci NOT NULL,
  `extend1` varchar(1000) CHARACTER SET utf8 COLLATE utf8_general_ci NULL DEFAULT NULL,
  `extend2` varchar(1000) CHARACTER SET utf8 COLLATE utf8_general_ci NULL DEFAULT NULL,
  `extend3` varchar(1000) CHARACTER SET utf8 COLLATE utf8_general_ci NULL DEFAULT NULL,
  `host_ip_id` int(11) NOT NULL,
  PRIMARY KEY (`id`) USING BTREE,
  INDEX `confManage_dbinfo_host_ip_id_bfae8c51_fk_confManage_hostinfo_id`(`host_ip_id`) USING BTREE,
  CONSTRAINT `confManage_dbinfo_host_ip_id_bfae8c51_fk_confManage_hostinfo_id` FOREIGN KEY (`host_ip_id`) REFERENCES `confmanage_hostinfo` (`id`) ON DELETE RESTRICT ON UPDATE RESTRICT
) ENGINE = InnoDB AUTO_INCREMENT = 12 CHARACTER SET = utf8 COLLATE = utf8_general_ci ROW_FORMAT = Compact;

-- ----------------------------
-- Records of confmanage_dbinfo
-- ----------------------------
INSERT INTO `confmanage_dbinfo` VALUES (3, 'mysql', 'root', '123456', '', 3306, '123456', NULL, NULL, NULL, 13);
INSERT INTO `confmanage_dbinfo` VALUES (5, 'testdb', 'orcl', 'b\'\\x9aLR\\xbdy\\xc9\\x9aj\\xf1\\xbey\\x90\\xadK\\x9e\\xf8\'', '', 1521, 'orcl', NULL, NULL, NULL, 20);
INSERT INTO `confmanage_dbinfo` VALUES (10, 'autoopsv2', 'root', 'b\'\\xec\\x99\\xd7\\xe7U\\x02\\x02eF\\xa2\\x93\\xfd\\xc0I\\x8e\\x9f\'', '', 3306, '123', NULL, NULL, NULL, 26);
INSERT INTO `confmanage_dbinfo` VALUES (11, 'autoopsv2', 'root', 'b\'\\xec\\x99\\xd7\\xe7U\\x02\\x02eF\\xa2\\x93\\xfd\\xc0I\\x8e\\x9f\'', '', 3306, '', NULL, NULL, NULL, 29);

-- ----------------------------
-- Table structure for confmanage_hostinfo
-- ----------------------------
DROP TABLE IF EXISTS `confmanage_hostinfo`;
CREATE TABLE `confmanage_hostinfo`  (
  `id` int(11) NOT NULL AUTO_INCREMENT,
  `IP` char(39) CHARACTER SET utf8 COLLATE utf8_general_ci NOT NULL,
  `host_name` varchar(100) CHARACTER SET utf8 COLLATE utf8_general_ci NOT NULL,
  `server_type` varchar(50) CHARACTER SET utf8 COLLATE utf8_general_ci NOT NULL,
  `platform` varchar(50) CHARACTER SET utf8 COLLATE utf8_general_ci NOT NULL,
  `province` varchar(50) CHARACTER SET utf8 COLLATE utf8_general_ci NOT NULL,
  `project` varchar(200) CHARACTER SET utf8 COLLATE utf8_general_ci NOT NULL,
  `account` varchar(50) CHARACTER SET utf8 COLLATE utf8_general_ci NOT NULL,
  `password` varchar(500) CHARACTER SET utf8 COLLATE utf8_general_ci NOT NULL,
  `extend1` varchar(1000) CHARACTER SET utf8 COLLATE utf8_general_ci NULL DEFAULT NULL,
  `extend2` varchar(1000) CHARACTER SET utf8 COLLATE utf8_general_ci NULL DEFAULT NULL,
  `extend3` varchar(1000) CHARACTER SET utf8 COLLATE utf8_general_ci NULL DEFAULT NULL,
  PRIMARY KEY (`id`) USING BTREE
) ENGINE = InnoDB AUTO_INCREMENT = 30 CHARACTER SET = utf8 COLLATE = utf8_general_ci ROW_FORMAT = Compact;

-- ----------------------------
-- Records of confmanage_hostinfo
-- ----------------------------
INSERT INTO `confmanage_hostinfo` VALUES (12, '192.168.1.100', 'tt', 'app', '众泰车险平台', '北京市', '北京车险项目', 'root', 'b\'\\xec\\x99\\xd7\\xe7U\\x02\\x02eF\\xa2\\x93\\xfd\\xc0I\\x8e\\x9f\'', NULL, NULL, NULL);
INSERT INTO `confmanage_hostinfo` VALUES (13, '192.168.1.99', '数据库服务器', 'db', '众泰车险平台', '北京市', '北京车险项目', 'root', 'b\'\\xec\\x99\\xd7\\xe7U\\x02\\x02eF\\xa2\\x93\\xfd\\xc0I\\x8e\\x9f\'', NULL, NULL, NULL);
INSERT INTO `confmanage_hostinfo` VALUES (14, '192.168.1.101', 'tt2', 'app', '众泰车险平台', '北京市', '北京车险项目', 'root', 'b\'\\xec\\x99\\xd7\\xe7U\\x02\\x02eF\\xa2\\x93\\xfd\\xc0I\\x8e\\x9f\'', NULL, NULL, NULL);
INSERT INTO `confmanage_hostinfo` VALUES (19, '172.16.36.66', 'jyf', 'app', '众泰车险平台', '北京市', 'ebao测试项目一', 'root', 'b\'\\xec\\x99\\xd7\\xe7U\\x02\\x02eF\\xa2\\x93\\xfd\\xc0I\\x8e\\x9f\'', NULL, NULL, NULL);
INSERT INTO `confmanage_hostinfo` VALUES (20, '172.16.36.66', 'jyf', 'db', '众泰车险平台', '北京市', 'ebao测试项目一', 'root', 'b\'\\xec\\x99\\xd7\\xe7U\\x02\\x02eF\\xa2\\x93\\xfd\\xc0I\\x8e\\x9f\'', NULL, NULL, NULL);
INSERT INTO `confmanage_hostinfo` VALUES (21, '172.16.36.68', '伊伟健的应用主机', 'app', '人寿保险平台', '天津市', '伊伟健的测试', 'root', 'b\'\\xec\\x99\\xd7\\xe7U\\x02\\x02eF\\xa2\\x93\\xfd\\xc0I\\x8e\\x9f\'', NULL, NULL, NULL);
INSERT INTO `confmanage_hostinfo` VALUES (26, '172.16.36.68', 'yiweijian', 'db', '人寿保险平台', '天津市', '伊伟健的测试', 'root', 'b\'\\xec\\x99\\xd7\\xe7U\\x02\\x02eF\\xa2\\x93\\xfd\\xc0I\\x8e\\x9f\'', NULL, NULL, NULL);
INSERT INTO `confmanage_hostinfo` VALUES (27, '172.16.36.66', 'jyf', 'app', '众泰车险平台', '北京市', 'ebao测试项目一', 'root', 'b\'\\xec\\x99\\xd7\\xe7U\\x02\\x02eF\\xa2\\x93\\xfd\\xc0I\\x8e\\x9f\'', NULL, NULL, NULL);
INSERT INTO `confmanage_hostinfo` VALUES (28, '172.16.36.68', '伊伟健的主机', 'app', '众泰车险平台', '北京市', '伊伟健TWO', 'root', 'b\'\\xec\\x99\\xd7\\xe7U\\x02\\x02eF\\xa2\\x93\\xfd\\xc0I\\x8e\\x9f\'', NULL, NULL, NULL);
INSERT INTO `confmanage_hostinfo` VALUES (29, '172.16.36.68', '伊伟健的主机', 'db', '众泰车险平台', '北京市', '伊伟健TWO', 'root', 'b\'\\xec\\x99\\xd7\\xe7U\\x02\\x02eF\\xa2\\x93\\xfd\\xc0I\\x8e\\x9f\'', NULL, NULL, NULL);

-- ----------------------------
-- Table structure for confmanage_projectinfo
-- ----------------------------
DROP TABLE IF EXISTS `confmanage_projectinfo`;
CREATE TABLE `confmanage_projectinfo`  (
  `id` int(11) NOT NULL AUTO_INCREMENT,
  `app_directory` varchar(200) CHARACTER SET utf8 COLLATE utf8_general_ci NOT NULL,
  `middleware_type` varchar(200) CHARACTER SET utf8 COLLATE utf8_general_ci NOT NULL,
  `middleware_name` varchar(200) CHARACTER SET utf8 COLLATE utf8_general_ci NOT NULL,
  `middleware_pass` varchar(500) CHARACTER SET utf8 COLLATE utf8_general_ci NOT NULL,
  `url` varchar(200) CHARACTER SET utf8 COLLATE utf8_general_ci NOT NULL,
  `restart_script_path` varchar(200) CHARACTER SET utf8 COLLATE utf8_general_ci NOT NULL,
  `static_directory` varchar(200) CHARACTER SET utf8 COLLATE utf8_general_ci NOT NULL,
  `cache_directory` varchar(200) CHARACTER SET utf8 COLLATE utf8_general_ci NOT NULL,
  `extend1` varchar(1000) CHARACTER SET utf8 COLLATE utf8_general_ci NULL DEFAULT NULL,
  `extend2` varchar(1000) CHARACTER SET utf8 COLLATE utf8_general_ci NULL DEFAULT NULL,
  `extend3` varchar(1000) CHARACTER SET utf8 COLLATE utf8_general_ci NULL DEFAULT NULL,
  `host_ip_id` int(11) NOT NULL,
  PRIMARY KEY (`id`) USING BTREE,
  INDEX `confManage_projectin_host_ip_id_b781fe78_fk_confManag`(`host_ip_id`) USING BTREE,
  CONSTRAINT `confManage_projectin_host_ip_id_b781fe78_fk_confManag` FOREIGN KEY (`host_ip_id`) REFERENCES `confmanage_hostinfo` (`id`) ON DELETE RESTRICT ON UPDATE RESTRICT
) ENGINE = InnoDB AUTO_INCREMENT = 14 CHARACTER SET = utf8 COLLATE = utf8_general_ci ROW_FORMAT = Compact;

-- ----------------------------
-- Records of confmanage_projectinfo
-- ----------------------------
INSERT INTO `confmanage_projectinfo` VALUES (5, '/opt/app/app01', 'Weblogic', 'weblogic', 'b\'Z\\x16\\x82\\xb9\\xe3\\xce<L\\xd5^\\xb1\\xc0\\xefn\\xcd\\xd8\'', 'www.baidu.com', '/opt/app/restart.sh', '/opt/app/static', '/opt/app/cache,/opt/app/cache2,/opt/app/cache3', NULL, NULL, NULL, 12);
INSERT INTO `confmanage_projectinfo` VALUES (6, '/opt/app/app02', 'Weblogic', 'weblogic', 'b\'Z\\x16\\x82\\xb9\\xe3\\xce<L\\xd5^\\xb1\\xc0\\xefn\\xcd\\xd8\'', 'www.taobao.com', '/opt/app/restart2.s', '/opt/app2/static', '/opt/app2/cache,/opt/app2/cache2,/opt/app2/cache3', NULL, NULL, NULL, 14);
INSERT INTO `confmanage_projectinfo` VALUES (10, '/home/weblogic/applications/circauto/', 'Weblogic', 'admin', 'b\'\\xec\\x99\\xd7\\xe7U\\x02\\x02eF\\xa2\\x93\\xfd\\xc0I\\x8e\\x9f\'', 'http://www.baidu.com', '/home/weblogic/', '/home/weblogic/html/', '/home/weblogic/appcache/,/home/weblogic/appcache/', NULL, NULL, NULL, 19);
INSERT INTO `confmanage_projectinfo` VALUES (11, '/root/project/circauto', 'Weblogic', 'weblogic', 'b\'\\xec\\x99\\xd7\\xe7U\\x02\\x02eF\\xa2\\x93\\xfd\\xc0I\\x8e\\x9f\'', 'https://www.baidu.com', '/root/project', '/root/project/static', '/root/project/cache', NULL, NULL, NULL, 21);
INSERT INTO `confmanage_projectinfo` VALUES (12, '/home/weblogic/applications/circauto/', 'Weblogic', 'admin', 'b\'\\x85\\x13U\\xcd\\x91\\xa3\\xb6\\xb2d~@\\x0f\\xdfK\\xbf*\'', 'http://www.baidu.com', '/home/weblogic/', '/home/weblogic/html/', '/home/weblogic/appcache/,/home/weblogic/appcache/', NULL, NULL, NULL, 27);
INSERT INTO `confmanage_projectinfo` VALUES (13, '/root/two_project', 'Weblogic', 'weblogic', 'b\'Z\\x16\\x82\\xb9\\xe3\\xce<L\\xd5^\\xb1\\xc0\\xefn\\xcd\\xd8\'', 'www.baidu.com', '/root/two_project', '/root/two_project/circauto/web/WEB-INF/static', '/root/two_project/circauto/web/WEB-INF/cache', NULL, NULL, NULL, 28);

-- ----------------------------
-- Table structure for confmanage_publicparameter
-- ----------------------------
DROP TABLE IF EXISTS `confmanage_publicparameter`;
CREATE TABLE `confmanage_publicparameter`  (
  `id` int(11) NOT NULL AUTO_INCREMENT,
  `confK` varchar(500) CHARACTER SET utf8 COLLATE utf8_general_ci NOT NULL,
  `confV` longtext CHARACTER SET utf8 COLLATE utf8_general_ci NOT NULL,
  `confI` longtext CHARACTER SET utf8 COLLATE utf8_general_ci NULL,
  PRIMARY KEY (`id`) USING BTREE
) ENGINE = InnoDB AUTO_INCREMENT = 34 CHARACTER SET = utf8 COLLATE = utf8_general_ci ROW_FORMAT = Compact;

-- ----------------------------
-- Records of confmanage_publicparameter
-- ----------------------------
INSERT INTO `confmanage_publicparameter` VALUES (4, 'platform', '众泰车险平台,人寿保险平台', '平台');
INSERT INTO `confmanage_publicparameter` VALUES (5, 'province', '北京市,天津市', '省市');
INSERT INTO `confmanage_publicparameter` VALUES (6, 'middleware_type', 'Tomcat,WAS,Weblogic', '中间件类型');
INSERT INTO `confmanage_publicparameter` VALUES (7, 'app_application_bakdir', '/home/weblogic/applications_bak', '应用app备份目录');
INSERT INTO `confmanage_publicparameter` VALUES (8, 'app_html_bakdir', '/home/weblogic/html_bak', '应用静态html备份目录');
INSERT INTO `confmanage_publicparameter` VALUES (9, 'local_public_dir', 'D:\\python\\', '本地公共目录');
INSERT INTO `confmanage_publicparameter` VALUES (10, 'remote_pulbic_dir', '/home/uploadtest/', '远程公共目录');
INSERT INTO `confmanage_publicparameter` VALUES (11, 'runway', '手动,定时', '作业的执行方式');
INSERT INTO `confmanage_publicparameter` VALUES (12, 'work_status', '未开始,执行中,执行成功,执行中断,执行异常', '作业的五大状态');
INSERT INTO `confmanage_publicparameter` VALUES (13, 'user_iden', '员工,管理员', '用户的登录类型');
INSERT INTO `confmanage_publicparameter` VALUES (14, 'user_status', '停用,活动', '账户的活跃状态');
INSERT INTO `confmanage_publicparameter` VALUES (15, 'work_param', '{\"app_application_bakdir\": [\"/home/uploadtest/\", \"应用app备份目录\"], \"app_html_bakdir\": [\"/home/uploadtest/\", \"应用静态html备份目录\"], \"local_public_dir\": [\"D:\\\\python\\\\\", \"本地公共目录\"], \"remote_app_pulbic_dir\": [\"/home/uploadtest/\", \"app远程公共目录\"], \"remote_db_pulbic_dir\": [\"/home/uploadtest/\", \"db远程公共目录\"]}', '作业默认参数');
INSERT INTO `confmanage_publicparameter` VALUES (18, 'proj_type', 'ebao测试项目一', 'ebao测试项目一');
INSERT INTO `confmanage_publicparameter` VALUES (23, 'proj_type', '伊伟健的测试', '伊伟健');
INSERT INTO `confmanage_publicparameter` VALUES (24, 'proj_type', '测试', '测试');
INSERT INTO `confmanage_publicparameter` VALUES (26, 'proj_type', '王小二', '王小二');
INSERT INTO `confmanage_publicparameter` VALUES (27, 'proj_type', '伊伟健TWO', '第二个配置项目');
INSERT INTO `confmanage_publicparameter` VALUES (28, 'proj_type', '测试1', '测试');
INSERT INTO `confmanage_publicparameter` VALUES (29, 'proj_type', 'IM', '什么也没有');
INSERT INTO `confmanage_publicparameter` VALUES (30, 'proj_type', '测试', '什么也没有');
INSERT INTO `confmanage_publicparameter` VALUES (31, 'proj_type', 'feiche', '什么也没有');
INSERT INTO `confmanage_publicparameter` VALUES (32, 'proj_type', '11', '2');
INSERT INTO `confmanage_publicparameter` VALUES (33, 'proj_type', '1111', '什么也没有');

-- ----------------------------
-- Table structure for database
-- ----------------------------
DROP TABLE IF EXISTS `database`;
CREATE TABLE `database`  (
  `id` int(11) NOT NULL AUTO_INCREMENT,
  `db_ip` varchar(20) CHARACTER SET utf8 COLLATE utf8_general_ci NOT NULL,
  `hostname` varchar(100) CHARACTER SET utf8 COLLATE utf8_general_ci NOT NULL,
  `account` varchar(100) CHARACTER SET utf8 COLLATE utf8_general_ci NOT NULL,
  `password` varchar(100) CHARACTER SET utf8 COLLATE utf8_general_ci NOT NULL,
  `db_name` varchar(100) CHARACTER SET utf8 COLLATE utf8_general_ci NOT NULL,
  `db_account` varchar(100) CHARACTER SET utf8 COLLATE utf8_general_ci NOT NULL,
  `db_password` varchar(100) CHARACTER SET utf8 COLLATE utf8_general_ci NOT NULL,
  `port` varchar(10) CHARACTER SET utf8 COLLATE utf8_general_ci NOT NULL,
  `env_type` varchar(100) CHARACTER SET utf8 COLLATE utf8_general_ci NOT NULL,
  `extend1` varchar(1000) CHARACTER SET utf8 COLLATE utf8_general_ci NULL DEFAULT NULL,
  `extend2` varchar(1000) CHARACTER SET utf8 COLLATE utf8_general_ci NULL DEFAULT NULL,
  `extend3` varchar(1000) CHARACTER SET utf8 COLLATE utf8_general_ci NULL DEFAULT NULL,
  `temp_id_id` int(11) NOT NULL,
  PRIMARY KEY (`id`) USING BTREE,
  INDEX `database_temp_id_id_1a4357ed_fk_template_id`(`temp_id_id`) USING BTREE,
  CONSTRAINT `database_temp_id_id_1a4357ed_fk_template_id` FOREIGN KEY (`temp_id_id`) REFERENCES `template` (`id`) ON DELETE RESTRICT ON UPDATE RESTRICT
) ENGINE = InnoDB AUTO_INCREMENT = 1 CHARACTER SET = utf8 COLLATE = utf8_general_ci ROW_FORMAT = Compact;

-- ----------------------------
-- Table structure for django_admin_log
-- ----------------------------
DROP TABLE IF EXISTS `django_admin_log`;
CREATE TABLE `django_admin_log`  (
  `id` int(11) NOT NULL AUTO_INCREMENT,
  `action_time` datetime NULL,
  `object_id` longtext CHARACTER SET utf8 COLLATE utf8_general_ci NULL,
  `object_repr` varchar(200) CHARACTER SET utf8 COLLATE utf8_general_ci NOT NULL,
  `action_flag` smallint(5) UNSIGNED NOT NULL,
  `change_message` longtext CHARACTER SET utf8 COLLATE utf8_general_ci NOT NULL,
  `content_type_id` int(11) NULL DEFAULT NULL,
  `user_id` int(11) NOT NULL,
  PRIMARY KEY (`id`) USING BTREE,
  INDEX `django_admin_log_content_type_id_c4bce8eb_fk_django_co`(`content_type_id`) USING BTREE,
  INDEX `django_admin_log_user_id_c564eba6_fk_auth_user_id`(`user_id`) USING BTREE,
  CONSTRAINT `django_admin_log_content_type_id_c4bce8eb_fk_django_co` FOREIGN KEY (`content_type_id`) REFERENCES `django_content_type` (`id`) ON DELETE RESTRICT ON UPDATE RESTRICT,
  CONSTRAINT `django_admin_log_user_id_c564eba6_fk_auth_user_id` FOREIGN KEY (`user_id`) REFERENCES `auth_user` (`id`) ON DELETE RESTRICT ON UPDATE RESTRICT
) ENGINE = InnoDB AUTO_INCREMENT = 22 CHARACTER SET = utf8 COLLATE = utf8_general_ci ROW_FORMAT = Compact;

-- ----------------------------
-- Records of django_admin_log
-- ----------------------------
INSERT INTO `django_admin_log` VALUES (1, '2018-06-28 03:38:06', '7', 'leon', 3, '', 4, 1);
INSERT INTO `django_admin_log` VALUES (2, '2018-06-28 03:38:25', '9', 'test01', 3, '', 4, 1);
INSERT INTO `django_admin_log` VALUES (3, '2018-06-28 03:38:49', '8', 'whx', 3, '', 4, 1);
INSERT INTO `django_admin_log` VALUES (4, '2018-06-28 03:39:30', '5', '伊伟健', 3, '', 3, 1);
INSERT INTO `django_admin_log` VALUES (5, '2018-06-28 03:39:46', '4', '测试组', 3, '', 3, 1);
INSERT INTO `django_admin_log` VALUES (6, '2018-06-28 03:40:02', '8', '王小二', 3, '', 3, 1);
INSERT INTO `django_admin_log` VALUES (7, '2018-06-28 03:40:57', '9', '车险组', 1, '[{\"added\": {}}]', 3, 1);
INSERT INTO `django_admin_log` VALUES (8, '2018-06-28 03:41:23', '10', '非车组', 1, '[{\"added\": {}}]', 3, 1);
INSERT INTO `django_admin_log` VALUES (9, '2018-06-28 03:41:56', '10', 'yiweijian', 1, '[{\"added\": {}}]', 4, 1);
INSERT INTO `django_admin_log` VALUES (10, '2018-06-28 03:42:57', '10', 'yiweijian', 2, '[{\"changed\": {\"fields\": [\"first_name\", \"last_name\", \"email\", \"is_staff\", \"groups\"]}}]', 4, 1);
INSERT INTO `django_admin_log` VALUES (11, '2018-06-28 06:38:49', '11', 'jilingyun', 1, '[{\"added\": {}}]', 4, 1);
INSERT INTO `django_admin_log` VALUES (12, '2018-06-28 06:39:26', '11', 'jilingyun', 2, '[{\"changed\": {\"fields\": [\"first_name\", \"last_name\", \"email\", \"is_staff\", \"groups\"]}}]', 4, 1);
INSERT INTO `django_admin_log` VALUES (17, '2018-07-02 09:27:31', '11', '测试组', 1, '[{\"added\": {}}]', 3, 1);
INSERT INTO `django_admin_log` VALUES (20, '2018-07-03 08:59:16', '12', 'yangxiaoya', 2, '[{\"changed\": {\"fields\": [\"groups\", \"last_login\"]}}]', 4, 1);
INSERT INTO `django_admin_log` VALUES (21, '2018-07-03 09:00:39', '12', 'yangxiaoya', 2, '[{\"changed\": {\"fields\": [\"user_permissions\"]}}]', 4, 1);

-- ----------------------------
-- Table structure for django_content_type
-- ----------------------------
DROP TABLE IF EXISTS `django_content_type`;
CREATE TABLE `django_content_type`  (
  `id` int(11) NOT NULL AUTO_INCREMENT,
  `app_label` varchar(100) CHARACTER SET utf8 COLLATE utf8_general_ci NOT NULL,
  `model` varchar(100) CHARACTER SET utf8 COLLATE utf8_general_ci NOT NULL,
  PRIMARY KEY (`id`) USING BTREE,
  UNIQUE INDEX `django_content_type_app_label_model_76bd3d3b_uniq`(`app_label`, `model`) USING BTREE
) ENGINE = InnoDB AUTO_INCREMENT = 13 CHARACTER SET = utf8 COLLATE = utf8_general_ci ROW_FORMAT = Compact;

-- ----------------------------
-- Records of django_content_type
-- ----------------------------
INSERT INTO `django_content_type` VALUES (1, 'admin', 'logentry');
INSERT INTO `django_content_type` VALUES (3, 'auth', 'group');
INSERT INTO `django_content_type` VALUES (2, 'auth', 'permission');
INSERT INTO `django_content_type` VALUES (4, 'auth', 'user');
INSERT INTO `django_content_type` VALUES (8, 'authManage', 'function');
INSERT INTO `django_content_type` VALUES (7, 'authManage', 'module');
INSERT INTO `django_content_type` VALUES (12, 'confManage', 'dbinfo');
INSERT INTO `django_content_type` VALUES (11, 'confManage', 'hostinfo');
INSERT INTO `django_content_type` VALUES (10, 'confManage', 'projectinfo');
INSERT INTO `django_content_type` VALUES (9, 'confManage', 'publicparameter');
INSERT INTO `django_content_type` VALUES (5, 'contenttypes', 'contenttype');
INSERT INTO `django_content_type` VALUES (6, 'sessions', 'session');

-- ----------------------------
-- Table structure for django_migrations
-- ----------------------------
DROP TABLE IF EXISTS `django_migrations`;
CREATE TABLE `django_migrations`  (
  `id` int(11) NOT NULL AUTO_INCREMENT,
  `app` varchar(255) CHARACTER SET utf8 COLLATE utf8_general_ci NOT NULL,
  `name` varchar(255) CHARACTER SET utf8 COLLATE utf8_general_ci NOT NULL,
  `applied` datetime NULL,
  PRIMARY KEY (`id`) USING BTREE
) ENGINE = InnoDB AUTO_INCREMENT = 19 CHARACTER SET = utf8 COLLATE = utf8_general_ci ROW_FORMAT = Compact;

-- ----------------------------
-- Records of django_migrations
-- ----------------------------
INSERT INTO `django_migrations` VALUES (2, 'confManage', '0001_initial', '2018-03-19 09:07:40');
INSERT INTO `django_migrations` VALUES (3, 'scriptManage', '0001_initial', '2018-03-19 09:10:22');
INSERT INTO `django_migrations` VALUES (4, 'work', '0001_initial', '2018-03-21 06:57:43');
INSERT INTO `django_migrations` VALUES (5, 'environment', '0001_initial', '2018-06-28 03:13:44');
INSERT INTO `django_migrations` VALUES (6, 'environment', '0002_auto_20180628_1741', '2018-06-28 09:42:24');
INSERT INTO `django_migrations` VALUES (7, 'environment', '0003_auto_20180628_1743', '2018-06-28 09:43:38');
INSERT INTO `django_migrations` VALUES (8, 'environment', '0004_auto_20180703_1727', '2018-07-03 09:27:32');
INSERT INTO `django_migrations` VALUES (9, 'environment', '0005_auto_20180704_1511', '2018-07-04 07:12:29');
INSERT INTO `django_migrations` VALUES (10, 'environment', '0006_auto_20180709_1002', '2018-07-09 02:22:59');
INSERT INTO `django_migrations` VALUES (11, 'environment', '0007_remove_template_config_step', '2018-07-09 02:31:02');
INSERT INTO `django_migrations` VALUES (12, 'environment', '0008_template_tmp_type', '2018-07-09 02:38:50');
INSERT INTO `django_migrations` VALUES (13, 'environment', '0009_auto_20180717_1735', '2018-07-17 09:36:15');
INSERT INTO `django_migrations` VALUES (14, 'environment', '0010_auto_20180719_1333', '2018-07-19 05:34:15');
INSERT INTO `django_migrations` VALUES (15, 'environment', '0002_work_work_type', '2018-07-20 03:08:27');
INSERT INTO `django_migrations` VALUES (16, 'environment', '0003_auto_20180725_1040', '2018-07-25 02:40:30');
INSERT INTO `django_migrations` VALUES (17, 'environment', '0004_auto_20180726_1621', '2018-07-26 08:21:24');
INSERT INTO `django_migrations` VALUES (18, 'environment', '0005_auto_20180730_0955', '2018-07-30 01:55:37');

-- ----------------------------
-- Table structure for django_session
-- ----------------------------
DROP TABLE IF EXISTS `django_session`;
CREATE TABLE `django_session`  (
  `session_key` varchar(40) CHARACTER SET utf8 COLLATE utf8_general_ci NOT NULL,
  `session_data` longtext CHARACTER SET utf8 COLLATE utf8_general_ci NOT NULL,
  `expire_date` datetime NULL,
  PRIMARY KEY (`session_key`) USING BTREE,
  INDEX `django_session_expire_date_a5c62663`(`expire_date`) USING BTREE
) ENGINE = InnoDB CHARACTER SET = utf8 COLLATE = utf8_general_ci ROW_FORMAT = Compact;

-- ----------------------------
-- Records of django_session
-- ----------------------------
INSERT INTO `django_session` VALUES ('934ndus3m1mv2cl3kv6h8n3waz2sqkau', 'YjRkNzY3ZDE4NDgwMDhlNjRiNjhhNDM0OGVkZGQzOGY0ZWIzN2MwODp7Il9hdXRoX3VzZXJfaWQiOiIxIiwiX2F1dGhfdXNlcl9iYWNrZW5kIjoiZGphbmdvLmNvbnRyaWIuYXV0aC5iYWNrZW5kcy5Nb2RlbEJhY2tlbmQiLCJfYXV0aF91c2VyX2hhc2giOiJlN2Q5NmM5ZGJlMTA3NGEwZDliM2NiZWM3NWM2NWM0YjRkZWZjZDIxIiwibW9kdWxlcyI6W3siaWQiOjEsImNvbnRlbnRfdHlwZV9pZCI6NywibmFtZSI6Ilx1NTNkMVx1NWUwMyIsImRlc2NyaXB0aW9uIjoiaXNzdWUiLCJ1cmwiOiIvZW52aXJvbm1lbnQvaXNzdWUiLCJpY29uIjoiYm9vayIsImNvZGVuYW1lIjoidXNlX3dvcmsifSx7ImlkIjoyLCJjb250ZW50X3R5cGVfaWQiOjcsIm5hbWUiOiJcdTkxNGRcdTdmNmUiLCJkZXNjcmlwdGlvbiI6ImNvbmZpZ3MiLCJ1cmwiOiIvZW52aXJvbm1lbnQvY29uZmlncyIsImljb24iOiJjb2ciLCJjb2RlbmFtZSI6InVzZV9jb25maWcifSx7ImlkIjozLCJjb250ZW50X3R5cGVfaWQiOjcsIm5hbWUiOiJcdTc1MjhcdTYyMzdcdTdlYzQiLCJkZXNjcmlwdGlvbiI6InVzZXJHcm91cExpc3QiLCJ1cmwiOiIvYXV0aC91c2VyR3JvdXAvdXNlckdyb3VwTGlzdCIsImljb24iOiJ1c2VyczIiLCJjb2RlbmFtZSI6InVzZV9ncm91cCJ9LHsiaWQiOjQsImNvbnRlbnRfdHlwZV9pZCI6NywibmFtZSI6Ilx1NzUyOFx1NjIzNyIsImRlc2NyaXB0aW9uIjoidXNlckxpc3QiLCJ1cmwiOiIvYXV0aC91c2VyL3VzZXJMaXN0IiwiaWNvbiI6InVzZXIyIiwiY29kZW5hbWUiOiJ1c2VfdXNlciJ9LHsiaWQiOjUsImNvbnRlbnRfdHlwZV9pZCI6NywibmFtZSI6Ilx1Njc0M1x1OTY1MCIsImRlc2NyaXB0aW9uIjoicGVybWlzc2lvbkxpc3QiLCJ1cmwiOiIvYXV0aC9wZXJtaXNzaW9uL3Blcm1pc3Npb25MaXN0IiwiaWNvbiI6ImtleSIsImNvZGVuYW1lIjoidXNlX2F1dGgifV0sInVzZXIiOnsiaWQiOjEsInVzZXJuYW1lIjoiYWRtaW4iLCJmaXJzdF9uYW1lIjoiXHU4ZDg1XHU3ZWE3IiwibGFzdF9uYW1lIjoiXHU3YmExXHU3NDA2XHU1NDU4IiwiaXNfc3VwZXJ1c2VyIjp0cnVlLCJpc19hY3RpdmUiOnRydWUsImVtYWlsIjoicTEyQDE2My5jb20ifSwiZnVuY3Rpb25zIjpbXSwiZ3JvdXBzIjpbeyJuYW1lIjoiXHU2ODM4XHU1ZmMzXHU3ZWM0In1dfQ==', '2019-09-03 01:21:59');
INSERT INTO `django_session` VALUES ('aswujack01i8ln842iwsujkym16ocjs6', 'YjRkNzY3ZDE4NDgwMDhlNjRiNjhhNDM0OGVkZGQzOGY0ZWIzN2MwODp7Il9hdXRoX3VzZXJfaWQiOiIxIiwiX2F1dGhfdXNlcl9iYWNrZW5kIjoiZGphbmdvLmNvbnRyaWIuYXV0aC5iYWNrZW5kcy5Nb2RlbEJhY2tlbmQiLCJfYXV0aF91c2VyX2hhc2giOiJlN2Q5NmM5ZGJlMTA3NGEwZDliM2NiZWM3NWM2NWM0YjRkZWZjZDIxIiwibW9kdWxlcyI6W3siaWQiOjEsImNvbnRlbnRfdHlwZV9pZCI6NywibmFtZSI6Ilx1NTNkMVx1NWUwMyIsImRlc2NyaXB0aW9uIjoiaXNzdWUiLCJ1cmwiOiIvZW52aXJvbm1lbnQvaXNzdWUiLCJpY29uIjoiYm9vayIsImNvZGVuYW1lIjoidXNlX3dvcmsifSx7ImlkIjoyLCJjb250ZW50X3R5cGVfaWQiOjcsIm5hbWUiOiJcdTkxNGRcdTdmNmUiLCJkZXNjcmlwdGlvbiI6ImNvbmZpZ3MiLCJ1cmwiOiIvZW52aXJvbm1lbnQvY29uZmlncyIsImljb24iOiJjb2ciLCJjb2RlbmFtZSI6InVzZV9jb25maWcifSx7ImlkIjozLCJjb250ZW50X3R5cGVfaWQiOjcsIm5hbWUiOiJcdTc1MjhcdTYyMzdcdTdlYzQiLCJkZXNjcmlwdGlvbiI6InVzZXJHcm91cExpc3QiLCJ1cmwiOiIvYXV0aC91c2VyR3JvdXAvdXNlckdyb3VwTGlzdCIsImljb24iOiJ1c2VyczIiLCJjb2RlbmFtZSI6InVzZV9ncm91cCJ9LHsiaWQiOjQsImNvbnRlbnRfdHlwZV9pZCI6NywibmFtZSI6Ilx1NzUyOFx1NjIzNyIsImRlc2NyaXB0aW9uIjoidXNlckxpc3QiLCJ1cmwiOiIvYXV0aC91c2VyL3VzZXJMaXN0IiwiaWNvbiI6InVzZXIyIiwiY29kZW5hbWUiOiJ1c2VfdXNlciJ9LHsiaWQiOjUsImNvbnRlbnRfdHlwZV9pZCI6NywibmFtZSI6Ilx1Njc0M1x1OTY1MCIsImRlc2NyaXB0aW9uIjoicGVybWlzc2lvbkxpc3QiLCJ1cmwiOiIvYXV0aC9wZXJtaXNzaW9uL3Blcm1pc3Npb25MaXN0IiwiaWNvbiI6ImtleSIsImNvZGVuYW1lIjoidXNlX2F1dGgifV0sInVzZXIiOnsiaWQiOjEsInVzZXJuYW1lIjoiYWRtaW4iLCJmaXJzdF9uYW1lIjoiXHU4ZDg1XHU3ZWE3IiwibGFzdF9uYW1lIjoiXHU3YmExXHU3NDA2XHU1NDU4IiwiaXNfc3VwZXJ1c2VyIjp0cnVlLCJpc19hY3RpdmUiOnRydWUsImVtYWlsIjoicTEyQDE2My5jb20ifSwiZnVuY3Rpb25zIjpbXSwiZ3JvdXBzIjpbeyJuYW1lIjoiXHU2ODM4XHU1ZmMzXHU3ZWM0In1dfQ==', '2019-09-04 01:33:47');
INSERT INTO `django_session` VALUES ('bykxvvaholrns94od5ggjdziea3k7j4u', 'YjRkNzY3ZDE4NDgwMDhlNjRiNjhhNDM0OGVkZGQzOGY0ZWIzN2MwODp7Il9hdXRoX3VzZXJfaWQiOiIxIiwiX2F1dGhfdXNlcl9iYWNrZW5kIjoiZGphbmdvLmNvbnRyaWIuYXV0aC5iYWNrZW5kcy5Nb2RlbEJhY2tlbmQiLCJfYXV0aF91c2VyX2hhc2giOiJlN2Q5NmM5ZGJlMTA3NGEwZDliM2NiZWM3NWM2NWM0YjRkZWZjZDIxIiwibW9kdWxlcyI6W3siaWQiOjEsImNvbnRlbnRfdHlwZV9pZCI6NywibmFtZSI6Ilx1NTNkMVx1NWUwMyIsImRlc2NyaXB0aW9uIjoiaXNzdWUiLCJ1cmwiOiIvZW52aXJvbm1lbnQvaXNzdWUiLCJpY29uIjoiYm9vayIsImNvZGVuYW1lIjoidXNlX3dvcmsifSx7ImlkIjoyLCJjb250ZW50X3R5cGVfaWQiOjcsIm5hbWUiOiJcdTkxNGRcdTdmNmUiLCJkZXNjcmlwdGlvbiI6ImNvbmZpZ3MiLCJ1cmwiOiIvZW52aXJvbm1lbnQvY29uZmlncyIsImljb24iOiJjb2ciLCJjb2RlbmFtZSI6InVzZV9jb25maWcifSx7ImlkIjozLCJjb250ZW50X3R5cGVfaWQiOjcsIm5hbWUiOiJcdTc1MjhcdTYyMzdcdTdlYzQiLCJkZXNjcmlwdGlvbiI6InVzZXJHcm91cExpc3QiLCJ1cmwiOiIvYXV0aC91c2VyR3JvdXAvdXNlckdyb3VwTGlzdCIsImljb24iOiJ1c2VyczIiLCJjb2RlbmFtZSI6InVzZV9ncm91cCJ9LHsiaWQiOjQsImNvbnRlbnRfdHlwZV9pZCI6NywibmFtZSI6Ilx1NzUyOFx1NjIzNyIsImRlc2NyaXB0aW9uIjoidXNlckxpc3QiLCJ1cmwiOiIvYXV0aC91c2VyL3VzZXJMaXN0IiwiaWNvbiI6InVzZXIyIiwiY29kZW5hbWUiOiJ1c2VfdXNlciJ9LHsiaWQiOjUsImNvbnRlbnRfdHlwZV9pZCI6NywibmFtZSI6Ilx1Njc0M1x1OTY1MCIsImRlc2NyaXB0aW9uIjoicGVybWlzc2lvbkxpc3QiLCJ1cmwiOiIvYXV0aC9wZXJtaXNzaW9uL3Blcm1pc3Npb25MaXN0IiwiaWNvbiI6ImtleSIsImNvZGVuYW1lIjoidXNlX2F1dGgifV0sInVzZXIiOnsiaWQiOjEsInVzZXJuYW1lIjoiYWRtaW4iLCJmaXJzdF9uYW1lIjoiXHU4ZDg1XHU3ZWE3IiwibGFzdF9uYW1lIjoiXHU3YmExXHU3NDA2XHU1NDU4IiwiaXNfc3VwZXJ1c2VyIjp0cnVlLCJpc19hY3RpdmUiOnRydWUsImVtYWlsIjoicTEyQDE2My5jb20ifSwiZnVuY3Rpb25zIjpbXSwiZ3JvdXBzIjpbeyJuYW1lIjoiXHU2ODM4XHU1ZmMzXHU3ZWM0In1dfQ==', '2019-08-31 01:03:06');
INSERT INTO `django_session` VALUES ('gwlu2ujd84h69v2kk2yvcwbcbi8hqtsj', 'YjRkNzY3ZDE4NDgwMDhlNjRiNjhhNDM0OGVkZGQzOGY0ZWIzN2MwODp7Il9hdXRoX3VzZXJfaWQiOiIxIiwiX2F1dGhfdXNlcl9iYWNrZW5kIjoiZGphbmdvLmNvbnRyaWIuYXV0aC5iYWNrZW5kcy5Nb2RlbEJhY2tlbmQiLCJfYXV0aF91c2VyX2hhc2giOiJlN2Q5NmM5ZGJlMTA3NGEwZDliM2NiZWM3NWM2NWM0YjRkZWZjZDIxIiwibW9kdWxlcyI6W3siaWQiOjEsImNvbnRlbnRfdHlwZV9pZCI6NywibmFtZSI6Ilx1NTNkMVx1NWUwMyIsImRlc2NyaXB0aW9uIjoiaXNzdWUiLCJ1cmwiOiIvZW52aXJvbm1lbnQvaXNzdWUiLCJpY29uIjoiYm9vayIsImNvZGVuYW1lIjoidXNlX3dvcmsifSx7ImlkIjoyLCJjb250ZW50X3R5cGVfaWQiOjcsIm5hbWUiOiJcdTkxNGRcdTdmNmUiLCJkZXNjcmlwdGlvbiI6ImNvbmZpZ3MiLCJ1cmwiOiIvZW52aXJvbm1lbnQvY29uZmlncyIsImljb24iOiJjb2ciLCJjb2RlbmFtZSI6InVzZV9jb25maWcifSx7ImlkIjozLCJjb250ZW50X3R5cGVfaWQiOjcsIm5hbWUiOiJcdTc1MjhcdTYyMzdcdTdlYzQiLCJkZXNjcmlwdGlvbiI6InVzZXJHcm91cExpc3QiLCJ1cmwiOiIvYXV0aC91c2VyR3JvdXAvdXNlckdyb3VwTGlzdCIsImljb24iOiJ1c2VyczIiLCJjb2RlbmFtZSI6InVzZV9ncm91cCJ9LHsiaWQiOjQsImNvbnRlbnRfdHlwZV9pZCI6NywibmFtZSI6Ilx1NzUyOFx1NjIzNyIsImRlc2NyaXB0aW9uIjoidXNlckxpc3QiLCJ1cmwiOiIvYXV0aC91c2VyL3VzZXJMaXN0IiwiaWNvbiI6InVzZXIyIiwiY29kZW5hbWUiOiJ1c2VfdXNlciJ9LHsiaWQiOjUsImNvbnRlbnRfdHlwZV9pZCI6NywibmFtZSI6Ilx1Njc0M1x1OTY1MCIsImRlc2NyaXB0aW9uIjoicGVybWlzc2lvbkxpc3QiLCJ1cmwiOiIvYXV0aC9wZXJtaXNzaW9uL3Blcm1pc3Npb25MaXN0IiwiaWNvbiI6ImtleSIsImNvZGVuYW1lIjoidXNlX2F1dGgifV0sInVzZXIiOnsiaWQiOjEsInVzZXJuYW1lIjoiYWRtaW4iLCJmaXJzdF9uYW1lIjoiXHU4ZDg1XHU3ZWE3IiwibGFzdF9uYW1lIjoiXHU3YmExXHU3NDA2XHU1NDU4IiwiaXNfc3VwZXJ1c2VyIjp0cnVlLCJpc19hY3RpdmUiOnRydWUsImVtYWlsIjoicTEyQDE2My5jb20ifSwiZnVuY3Rpb25zIjpbXSwiZ3JvdXBzIjpbeyJuYW1lIjoiXHU2ODM4XHU1ZmMzXHU3ZWM0In1dfQ==', '2019-09-04 09:31:40');
INSERT INTO `django_session` VALUES ('nj93v6jzsh44ah392detv97m9vi3d50k', 'YjRkNzY3ZDE4NDgwMDhlNjRiNjhhNDM0OGVkZGQzOGY0ZWIzN2MwODp7Il9hdXRoX3VzZXJfaWQiOiIxIiwiX2F1dGhfdXNlcl9iYWNrZW5kIjoiZGphbmdvLmNvbnRyaWIuYXV0aC5iYWNrZW5kcy5Nb2RlbEJhY2tlbmQiLCJfYXV0aF91c2VyX2hhc2giOiJlN2Q5NmM5ZGJlMTA3NGEwZDliM2NiZWM3NWM2NWM0YjRkZWZjZDIxIiwibW9kdWxlcyI6W3siaWQiOjEsImNvbnRlbnRfdHlwZV9pZCI6NywibmFtZSI6Ilx1NTNkMVx1NWUwMyIsImRlc2NyaXB0aW9uIjoiaXNzdWUiLCJ1cmwiOiIvZW52aXJvbm1lbnQvaXNzdWUiLCJpY29uIjoiYm9vayIsImNvZGVuYW1lIjoidXNlX3dvcmsifSx7ImlkIjoyLCJjb250ZW50X3R5cGVfaWQiOjcsIm5hbWUiOiJcdTkxNGRcdTdmNmUiLCJkZXNjcmlwdGlvbiI6ImNvbmZpZ3MiLCJ1cmwiOiIvZW52aXJvbm1lbnQvY29uZmlncyIsImljb24iOiJjb2ciLCJjb2RlbmFtZSI6InVzZV9jb25maWcifSx7ImlkIjozLCJjb250ZW50X3R5cGVfaWQiOjcsIm5hbWUiOiJcdTc1MjhcdTYyMzdcdTdlYzQiLCJkZXNjcmlwdGlvbiI6InVzZXJHcm91cExpc3QiLCJ1cmwiOiIvYXV0aC91c2VyR3JvdXAvdXNlckdyb3VwTGlzdCIsImljb24iOiJ1c2VyczIiLCJjb2RlbmFtZSI6InVzZV9ncm91cCJ9LHsiaWQiOjQsImNvbnRlbnRfdHlwZV9pZCI6NywibmFtZSI6Ilx1NzUyOFx1NjIzNyIsImRlc2NyaXB0aW9uIjoidXNlckxpc3QiLCJ1cmwiOiIvYXV0aC91c2VyL3VzZXJMaXN0IiwiaWNvbiI6InVzZXIyIiwiY29kZW5hbWUiOiJ1c2VfdXNlciJ9LHsiaWQiOjUsImNvbnRlbnRfdHlwZV9pZCI6NywibmFtZSI6Ilx1Njc0M1x1OTY1MCIsImRlc2NyaXB0aW9uIjoicGVybWlzc2lvbkxpc3QiLCJ1cmwiOiIvYXV0aC9wZXJtaXNzaW9uL3Blcm1pc3Npb25MaXN0IiwiaWNvbiI6ImtleSIsImNvZGVuYW1lIjoidXNlX2F1dGgifV0sInVzZXIiOnsiaWQiOjEsInVzZXJuYW1lIjoiYWRtaW4iLCJmaXJzdF9uYW1lIjoiXHU4ZDg1XHU3ZWE3IiwibGFzdF9uYW1lIjoiXHU3YmExXHU3NDA2XHU1NDU4IiwiaXNfc3VwZXJ1c2VyIjp0cnVlLCJpc19hY3RpdmUiOnRydWUsImVtYWlsIjoicTEyQDE2My5jb20ifSwiZnVuY3Rpb25zIjpbXSwiZ3JvdXBzIjpbeyJuYW1lIjoiXHU2ODM4XHU1ZmMzXHU3ZWM0In1dfQ==', '2019-08-31 07:28:41');
INSERT INTO `django_session` VALUES ('qqoj9oo42ttg6woth5pywizlolcqpjis', 'YjRkNzY3ZDE4NDgwMDhlNjRiNjhhNDM0OGVkZGQzOGY0ZWIzN2MwODp7Il9hdXRoX3VzZXJfaWQiOiIxIiwiX2F1dGhfdXNlcl9iYWNrZW5kIjoiZGphbmdvLmNvbnRyaWIuYXV0aC5iYWNrZW5kcy5Nb2RlbEJhY2tlbmQiLCJfYXV0aF91c2VyX2hhc2giOiJlN2Q5NmM5ZGJlMTA3NGEwZDliM2NiZWM3NWM2NWM0YjRkZWZjZDIxIiwibW9kdWxlcyI6W3siaWQiOjEsImNvbnRlbnRfdHlwZV9pZCI6NywibmFtZSI6Ilx1NTNkMVx1NWUwMyIsImRlc2NyaXB0aW9uIjoiaXNzdWUiLCJ1cmwiOiIvZW52aXJvbm1lbnQvaXNzdWUiLCJpY29uIjoiYm9vayIsImNvZGVuYW1lIjoidXNlX3dvcmsifSx7ImlkIjoyLCJjb250ZW50X3R5cGVfaWQiOjcsIm5hbWUiOiJcdTkxNGRcdTdmNmUiLCJkZXNjcmlwdGlvbiI6ImNvbmZpZ3MiLCJ1cmwiOiIvZW52aXJvbm1lbnQvY29uZmlncyIsImljb24iOiJjb2ciLCJjb2RlbmFtZSI6InVzZV9jb25maWcifSx7ImlkIjozLCJjb250ZW50X3R5cGVfaWQiOjcsIm5hbWUiOiJcdTc1MjhcdTYyMzdcdTdlYzQiLCJkZXNjcmlwdGlvbiI6InVzZXJHcm91cExpc3QiLCJ1cmwiOiIvYXV0aC91c2VyR3JvdXAvdXNlckdyb3VwTGlzdCIsImljb24iOiJ1c2VyczIiLCJjb2RlbmFtZSI6InVzZV9ncm91cCJ9LHsiaWQiOjQsImNvbnRlbnRfdHlwZV9pZCI6NywibmFtZSI6Ilx1NzUyOFx1NjIzNyIsImRlc2NyaXB0aW9uIjoidXNlckxpc3QiLCJ1cmwiOiIvYXV0aC91c2VyL3VzZXJMaXN0IiwiaWNvbiI6InVzZXIyIiwiY29kZW5hbWUiOiJ1c2VfdXNlciJ9LHsiaWQiOjUsImNvbnRlbnRfdHlwZV9pZCI6NywibmFtZSI6Ilx1Njc0M1x1OTY1MCIsImRlc2NyaXB0aW9uIjoicGVybWlzc2lvbkxpc3QiLCJ1cmwiOiIvYXV0aC9wZXJtaXNzaW9uL3Blcm1pc3Npb25MaXN0IiwiaWNvbiI6ImtleSIsImNvZGVuYW1lIjoidXNlX2F1dGgifV0sInVzZXIiOnsiaWQiOjEsInVzZXJuYW1lIjoiYWRtaW4iLCJmaXJzdF9uYW1lIjoiXHU4ZDg1XHU3ZWE3IiwibGFzdF9uYW1lIjoiXHU3YmExXHU3NDA2XHU1NDU4IiwiaXNfc3VwZXJ1c2VyIjp0cnVlLCJpc19hY3RpdmUiOnRydWUsImVtYWlsIjoicTEyQDE2My5jb20ifSwiZnVuY3Rpb25zIjpbXSwiZ3JvdXBzIjpbeyJuYW1lIjoiXHU2ODM4XHU1ZmMzXHU3ZWM0In1dfQ==', '2019-08-30 09:54:45');

-- ----------------------------
-- Table structure for log
-- ----------------------------
DROP TABLE IF EXISTS `log`;
CREATE TABLE `log`  (
  `id` int(11) NOT NULL AUTO_INCREMENT,
  `log_name` varchar(100) CHARACTER SET utf8 COLLATE utf8_general_ci NOT NULL,
  `log_info` longtext CHARACTER SET utf8 COLLATE utf8_general_ci NULL,
  `extend1` varchar(1000) CHARACTER SET utf8 COLLATE utf8_general_ci NULL DEFAULT NULL,
  `extend2` varchar(1000) CHARACTER SET utf8 COLLATE utf8_general_ci NULL DEFAULT NULL,
  `extend3` varchar(1000) CHARACTER SET utf8 COLLATE utf8_general_ci NULL DEFAULT NULL,
  `work_id_id` int(11) NOT NULL,
  PRIMARY KEY (`id`) USING BTREE,
  INDEX `log_work_id_id_32ef5853_fk_work_id`(`work_id_id`) USING BTREE,
  CONSTRAINT `log_work_id_id_32ef5853_fk_work_id` FOREIGN KEY (`work_id_id`) REFERENCES `work` (`id`) ON DELETE RESTRICT ON UPDATE RESTRICT
) ENGINE = InnoDB AUTO_INCREMENT = 134 CHARACTER SET = utf8 COLLATE = utf8_general_ci ROW_FORMAT = Compact;

-- ----------------------------
-- Records of log
-- ----------------------------
INSERT INTO `log` VALUES (101, '作业日志573', '[\"开始执行任务\\n\", \"服务器开始进行备份操作！！！\\n\", \"服务器：192.168.43.212 开始进行备份操作,备份路径为：/home/wlgma/yatai/\\n\", \"服务器：192.168.43.212 开始建立远程连接\\n\", \"服务器：192.168.43.212 备份文件,备份时间: 09021150\\n\", \"服务器：192.168.43.212 备份文件路径为：/home/wlgma/yatai/backup2,备份后的路径为：/home/wlgma/yatai/backup2/webapps09021150\\n\", \"服务器：192.168.43.212 备份文件路径为：/home/wlgma/yatai/backup,备份后的路径为：/home/wlgma/yatai/backup/webapps09021150\\n\", \"将打包文件上到到远程公共目\\n\", \"服务器：192.168.43.212 文件备份成功，文件名为:/home/wlgma/yatai/backup2/webapps09021150\\n\", \"服务器开始进行备份操作！！！\\n\", \"服务器：192.168.43.212 文件备份成功，文件名为:/home/wlgma/yatai/backup/webapps09021150\\n\", \"服务器：192.168.43.224 开始进行备份操作,备份路径为：/home/wlgma/yatai/\\n\", \"服务器：192.168.43.224 开始建立远程连接\\n\", \"服务器：192.168.43.224 备份文件,备份时间: 09021150\\n\", \"服务器：192.168.43.224 备份文件路径为：/home/wlgma/yatai/backup2,备份后的路径为：/home/wlgma/yatai/backup2/webapps09021150\\n\", \"将打包文件上到到远程公共目\\n\", \"服务器：192.168.43.224 备份文件路径为：/home/wlgma/yatai/backup,备份后的路径为：/home/wlgma/yatai/backup/webapps09021150\\n\", \"jar包成功上传至目标机器192.168.43.212路径为:/home/wlgma/yatai/\\n\", \"开始解压文件进行增量升级\\n\", \"服务器：192.168.43.224 文件备份成功，文件名为:/home/wlgma/yatai/backup2/webapps09021150\\n\", \"服务器：192.168.43.224 文件备份成功，文件名为:/home/wlgma/yatai/backup/webapps09021150\\n\", \"服务器开始进行备份操作！！！\\n\", \"服务器：192.168.43.188 开始进行备份操作,备份路径为：/home/wlgma/yatai/\\n\", \"服务器：192.168.43.188 开始建立远程连接\\n\", \"服务器：192.168.43.188 备份文件,备份时间: 09021150\\n\", \"服务器：192.168.43.188 备份文件路径为：/home/wlgma/yatai/backup2,备份后的路径为：/home/wlgma/yatai/backup2/webapps09021150\\n\", \"服务器：192.168.43.188 备份文件路径为：/home/wlgma/yatai/backup,备份后的路径为：/home/wlgma/yatai/backup/webapps09021150\\n\", \"将打包文件上到到远程公共目\\n\", \"jar包成功上传至目标机器192.168.43.224路径为:/home/wlgma/yatai/\\n\", \"开始解压文件进行增量升级\\n\", \"创建：META-INF/\\n  解压 META-INF/MANIFEST.MF\\n  解压 webapps/template/ftl/SpecificPolicyContract0923(5).ftl\\n  解压 webapps/WEB-INF/classes/resources/ApplicationResourcesGC.properties\\n  解压 webapps/WEB-INF/classes/resources/ApplicationResourcesGC_zh_CN.properties\\n  解压 webapps/WEB-INF/classes/resources/ApplicationResourcesGC_zh_HK.properties\\n展开：webapps/WEB-INF/classes/resources/ApplicationResourcesGW.properties\\n  解压 webapps/WEB-INF/classes/resources/ApplicationResourcesGW_zh_CN.properties\\n展开：webapps/WEB-INF/classes/resources/ApplicationResourcesGW_zh_HK.properties\\n展开：webapps/WEB-INF/classes/resources/ApplicationResourcesGD.properties\\n展开：webapps/WEB-INF/classes/resources/ApplicationResourcesGD_zh_CN.properties\\n展开：webapps/WEB-INF/classes/resources/ApplicationResourcesGD_zh_HK.properties\\n展开：webapps/WEB-INF/classes/resources/ApplicationResourcesGE.properties\\n展开：webapps/WEB-INF/classes/resources/ApplicationResourcesGE_zh_CN.properties\\n展开：webapps/WEB-INF/classes/resources/ApplicationResourcesGE_zh_HK.properties\\n  解压 webapps/WEB-INF/classes/resources/ApplicationResourcesGG_en_US.properties\\n  解压 webapps/WEB-INF/classes/resources/ApplicationResourcesGG_zh_CN.properties\\n  解压 webapps/WEB-INF/classes/resources/ApplicationResourcesGG_zh_HK.properties\\n展开：webapps/WEB-INF/classes/resources/ApplicationResourcesGP.properties\\n  解压 webapps/WEB-INF/classes/resources/ApplicationResourcesGP_zh_CN.properties\\n  解压 webapps/WEB-INF/classes/resources/ApplicationResourcesGP_zh_HK.properties\\n  解压 webapps/WEB-INF/classes/resources/ApplicationResourcesGP_en_US.properties\\n展开：webapps/WEB-INF/classes/resources/ApplicationResourcesGR.properties\\n  解压 webapps/WEB-INF/classes/resources/ApplicationResourcesGR_zh_CN.properties\\n  解压 webapps/WEB-INF/classes/resources/ApplicationResourcesGR_zh_HK.properties\\n  解压 webapps/WEB-INF/classes/resources/ApplicationResourcesGS.properties\\n  解压 webapps/WEB-INF/classes/resources/ApplicationResourcesGS_zh_CN.properties\\n  解压 webapps/WEB-INF/classes/resources/ApplicationResourcesGS_zh_HK.properties\\n展开：webapps/WEB-INF/classes/resources/ApplicationResourcesGU.properties\\n  解压 webapps/WEB-INF/classes/resources/ApplicationResourcesGU_zh_CN.properties\\n  解压 webapps/WEB-INF/classes/resources/ApplicationResourcesGU_zh_HK.properties\\n  解压 webapps/WEB-INF/classes/resources/ApplicationResourcesPUB_en_US.properties\\n  解压 webapps/WEB-INF/classes/resources/ApplicationResourcesPUB_zh_CN.properties\\n  解压 webapps/WEB-INF/classes/resources/ApplicationResourcesPUB_zh_HK.properties\\n展开：webapps/WEB-INF/classes/resources/ApplicationResourcesSQ_en_US.properties\\n展开：webapps/WEB-INF/classes/resources/ApplicationResourcesSQ_zh_CN.properties\\n展开：webapps/WEB-INF/classes/resources/ApplicationResourcesSQ_zh_HK.properties\\n0\\n\", \"创建：META-INF/\\n  解压 META-INF/MANIFEST.MF\\n  解压 webapps/template/ftl/SpecificPolicyContract0923(5).ftl\\n  解压 webapps/WEB-INF/classes/resources/ApplicationResourcesGC.properties\\n  解压 webapps/WEB-INF/classes/resources/ApplicationResourcesGC_zh_CN.properties\\n  解压 webapps/WEB-INF/classes/resources/ApplicationResourcesGC_zh_HK.properties\\n展开：webapps/WEB-INF/classes/resources/ApplicationResourcesGW.properties\\n  解压 webapps/WEB-INF/classes/resources/ApplicationResourcesGW_zh_CN.properties\\n展开：webapps/WEB-INF/classes/resources/ApplicationResourcesGW_zh_HK.properties\\n展开：webapps/WEB-INF/classes/resources/ApplicationResourcesGD.properties\\n展开：webapps/WEB-INF/classes/resources/ApplicationResourcesGD_zh_CN.properties\\n展开：webapps/WEB-INF/classes/resources/ApplicationResourcesGD_zh_HK.properties\\n展开：webapps/WEB-INF/classes/resources/ApplicationResourcesGE.properties\\n展开：webapps/WEB-INF/classes/resources/ApplicationResourcesGE_zh_CN.properties\\n展开：webapps/WEB-INF/classes/resources/ApplicationResourcesGE_zh_HK.properties\\n  解压 webapps/WEB-INF/classes/resources/ApplicationResourcesGG_en_US.properties\\n  解压 webapps/WEB-INF/classes/resources/ApplicationResourcesGG_zh_CN.properties\\n  解压 webapps/WEB-INF/classes/resources/ApplicationResourcesGG_zh_HK.properties\\n展开：webapps/WEB-INF/classes/resources/ApplicationResourcesGP.properties\\n  解压 webapps/WEB-INF/classes/resources/ApplicationResourcesGP_zh_CN.properties\\n  解压 webapps/WEB-INF/classes/resources/ApplicationResourcesGP_zh_HK.properties\\n  解压 webapps/WEB-INF/classes/resources/ApplicationResourcesGP_en_US.properties\\n展开：webapps/WEB-INF/classes/resources/ApplicationResourcesGR.properties\\n  解压 webapps/WEB-INF/classes/resources/ApplicationResourcesGR_zh_CN.properties\\n  解压 webapps/WEB-INF/classes/resources/ApplicationResourcesGR_zh_HK.properties\\n  解压 webapps/WEB-INF/classes/resources/ApplicationResourcesGS.properties\\n  解压 webapps/WEB-INF/classes/resources/ApplicationResourcesGS_zh_CN.properties\\n  解压 webapps/WEB-INF/classes/resources/ApplicationResourcesGS_zh_HK.properties\\n展开：webapps/WEB-INF/classes/resources/ApplicationResourcesGU.properties\\n  解压 webapps/WEB-INF/classes/resources/ApplicationResourcesGU_zh_CN.properties\\n  解压 webapps/WEB-INF/classes/resources/ApplicationResourcesGU_zh_HK.properties\\n  解压 webapps/WEB-INF/classes/resources/ApplicationResourcesPUB_en_US.properties\\n  解压 webapps/WEB-INF/classes/resources/ApplicationResourcesPUB_zh_CN.properties\\n  解压 webapps/WEB-INF/classes/resources/ApplicationResourcesPUB_zh_HK.properties\\n展开：webapps/WEB-INF/classes/resources/ApplicationResourcesSQ_en_US.properties\\n展开：webapps/WEB-INF/classes/resources/ApplicationResourcesSQ_zh_CN.properties\\n展开：webapps/WEB-INF/classes/resources/ApplicationResourcesSQ_zh_HK.properties\\n0\\n\", \"服务器：192.168.43.188 文件备份成功，文件名为:/home/wlgma/yatai/backup/webapps09021150\\n\", \"服务器：192.168.43.188 文件备份成功，文件名为:/home/wlgma/yatai/backup2/webapps09021150\\n\", \"jar包成功上传至目标机器192.168.43.188路径为:/home/wlgma/yatai/\\n\", \"开始解压文件进行增量升级\\n\", \"创建：META-INF/\\n  解压 META-INF/MANIFEST.MF\\n  解压 webapps/template/ftl/SpecificPolicyContract0923(5).ftl\\n  解压 webapps/WEB-INF/classes/resources/ApplicationResourcesGC.properties\\n  解压 webapps/WEB-INF/classes/resources/ApplicationResourcesGC_zh_CN.properties\\n  解压 webapps/WEB-INF/classes/resources/ApplicationResourcesGC_zh_HK.properties\\n展开：webapps/WEB-INF/classes/resources/ApplicationResourcesGW.properties\\n  解压 webapps/WEB-INF/classes/resources/ApplicationResourcesGW_zh_CN.properties\\n展开：webapps/WEB-INF/classes/resources/ApplicationResourcesGW_zh_HK.properties\\n展开：webapps/WEB-INF/classes/resources/ApplicationResourcesGD.properties\\n展开：webapps/WEB-INF/classes/resources/ApplicationResourcesGD_zh_CN.properties\\n展开：webapps/WEB-INF/classes/resources/ApplicationResourcesGD_zh_HK.properties\\n展开：webapps/WEB-INF/classes/resources/ApplicationResourcesGE.properties\\n展开：webapps/WEB-INF/classes/resources/ApplicationResourcesGE_zh_CN.properties\\n展开：webapps/WEB-INF/classes/resources/ApplicationResourcesGE_zh_HK.properties\\n  解压 webapps/WEB-INF/classes/resources/ApplicationResourcesGG_en_US.properties\\n  解压 webapps/WEB-INF/classes/resources/ApplicationResourcesGG_zh_CN.properties\\n  解压 webapps/WEB-INF/classes/resources/ApplicationResourcesGG_zh_HK.properties\\n展开：webapps/WEB-INF/classes/resources/ApplicationResourcesGP.properties\\n  解压 webapps/WEB-INF/classes/resources/ApplicationResourcesGP_zh_CN.properties\\n  解压 webapps/WEB-INF/classes/resources/ApplicationResourcesGP_zh_HK.properties\\n  解压 webapps/WEB-INF/classes/resources/ApplicationResourcesGP_en_US.properties\\n展开：webapps/WEB-INF/classes/resources/ApplicationResourcesGR.properties\\n  解压 webapps/WEB-INF/classes/resources/ApplicationResourcesGR_zh_CN.properties\\n  解压 webapps/WEB-INF/classes/resources/ApplicationResourcesGR_zh_HK.properties\\n  解压 webapps/WEB-INF/classes/resources/ApplicationResourcesGS.properties\\n  解压 webapps/WEB-INF/classes/resources/ApplicationResourcesGS_zh_CN.properties\\n  解压 webapps/WEB-INF/classes/resources/ApplicationResourcesGS_zh_HK.properties\\n展开：webapps/WEB-INF/classes/resources/ApplicationResourcesGU.properties\\n  解压 webapps/WEB-INF/classes/resources/ApplicationResourcesGU_zh_CN.properties\\n  解压 webapps/WEB-INF/classes/resources/ApplicationResourcesGU_zh_HK.properties\\n  解压 webapps/WEB-INF/classes/resources/ApplicationResourcesPUB_en_US.properties\\n  解压 webapps/WEB-INF/classes/resources/ApplicationResourcesPUB_zh_CN.properties\\n  解压 webapps/WEB-INF/classes/resources/ApplicationResourcesPUB_zh_HK.properties\\n展开：webapps/WEB-INF/classes/resources/ApplicationResourcesSQ_en_US.properties\\n展开：webapps/WEB-INF/classes/resources/ApplicationResourcesSQ_zh_CN.properties\\n展开：webapps/WEB-INF/classes/resources/ApplicationResourcesSQ_zh_HK.properties\\n0\\n\", \"第一批服务器开始进行升级操作！！！\\n\", \"##############################\\n\", \"##############################\\n\", \"当前机器ip为:192.168.43.212###\\n\", \"当前机器ip为:192.168.43.224###\\n\", \"##############################\\n\", \"##############################\\n\", \"服务器：192.168.43.212 7001开始进行启停weblogic操作！\\n\", \"服务器：192.168.43.224 7001开始进行启停weblogic操作！\\n\", \"服务器：192.168.43.212 的端口号为:7001\\n\", \"服务器：192.168.43.212 查看进行pid，并杀掉进程\\n\", \"服务器：192.168.43.224 的端口号为:7001\\n\", \"服务器：192.168.43.224 查看进行pid，并杀掉进程\\n\", \"服务器：192.168.43.224 进程号为:7926的进程。中断成功\\n\", \"服务器：192.168.43.212 进程号为:7327的进程。中断成功\\n\", \"进入服务器：192.168.43.224 日志缓存目录为：/home/wlgma/yatai/logs并清除缓存\\n\", \"进入服务器：192.168.43.212 日志缓存目录为：/home/wlgma/yatai/logs并清除缓存\\n\", \"清除缓存成功\\n\", \"nohup启动192.168.43.224 7001 的weblogic服务器\\n\", \"清除缓存成功\\n\", \"nohup启动192.168.43.212 7001 的weblogic服务器\\n\", \"查看192.168.43.224 7001的控制台是否启动。。。\\n\", \"查看192.168.43.212 7001的控制台是否启动。。。\\n\", \"检测过程持续5分钟,请耐心等待！！！\\n\", \"检测过程持续5分钟,请耐心等待！！！\\n\", \"192.168.43.224:7001:服务器启动成功！\\n\", \"192.168.43.224 7001 的服务器所有操作流程执行完毕！！！\\n\", \"192.168.43.212:7001:服务器启动成功！\\n\", \"192.168.43.212 7001 的服务器所有操作流程执行完毕！！！\\n\", \"第二批服务器开始进行升级操作！！！\\n\", \"##############################\\n\", \"当前机器ip为:192.168.43.188###\\n\", \"##############################\\n\", \"服务器：192.168.43.188 7001开始进行启停weblogic操作！\\n\", \"服务器：192.168.43.188 的端口号为:7001\\n\", \"服务器：192.168.43.188 查看进行pid，并杀掉进程\\n\", \"服务器：192.168.43.188 进程号为:10630的进程。中断成功\\n\", \"进入服务器：192.168.43.188 日志缓存目录为：/home/wlgma/yatai/logs并清除缓存\\n\", \"清除缓存成功\\n\", \"nohup启动192.168.43.188 7001 的weblogic服务器\\n\", \"查看192.168.43.188 7001的控制台是否启动。。。\\n\", \"检测过程持续5分钟,请耐心等待！！！\\n\", \"192.168.43.188:7001:服务器启动成功！\\n\", \"192.168.43.188 7001 的服务器所有操作流程执行完毕！！！\\n\", \"当前任务下所有服务器执行命令完成,任务执行成功(^_^)\\\"!\\n\", \"开始执行任务\\n\", \"服务器开始进行回滚操作！！！\\n\", \"服务器：192.168.43.212 开始进行回退操作!\\n\", \"服务器：192.168.43.224 开始进行回退操作!\\n\", \"服务器：192.168.43.188 开始进行回退操作!\\n\", \"服务器：192.168.43.212 开始建立远程连接\\n\", \"服务器：192.168.43.224 开始建立远程连接\\n\", \"服务器：192.168.43.188 开始建立远程连接\\n\", \"192.168.43.212 :服务器将备份目录文件/home/wlgma/yatai/backup2/webapps09021150移动到应用目录/home/wlgma/yatai/webapps09021150\\n\", \"192.168.43.224 :服务器将备份目录文件/home/wlgma/yatai/backup2/webapps09021150移动到应用目录/home/wlgma/yatai/webapps09021150\\n\", \"\\n\", \"192.168.43.212 :服务器将/home/wlgma/yatai/webapps修改为/home/wlgma/yatai/webapps_bak09021150\\n\", \"\\n\", \"192.168.43.188 :服务器将备份目录文件/home/wlgma/yatai/backup2/webapps09021150移动到应用目录/home/wlgma/yatai/webapps09021150\\n\", \"192.168.43.224 :服务器将/home/wlgma/yatai/webapps修改为/home/wlgma/yatai/webapps_bak09021150\\n\", \"\\n\", \"192.168.43.212 :服务器将/home/wlgma/yatai/webapps09021150修改成/home/wlgma/yatai/webapps\\n\", \"\\n\", \"192.168.43.224 :服务器将/home/wlgma/yatai/webapps09021150修改成/home/wlgma/yatai/webapps\\n\", \"\\n\", \"\\n\", \"192.168.43.188 :服务器将/home/wlgma/yatai/webapps修改为/home/wlgma/yatai/webapps_bak09021150\\n\", \"\\n\", \"\\n\", \"192.168.43.188 :服务器将/home/wlgma/yatai/webapps09021150修改成/home/wlgma/yatai/webapps\\n\", \"\\n\", \"服务器回滚操作全部完成,开始进行服务器启停操作\\n\", \"第一批服务器开始进行升级操作！！！\\n\", \"##############################\\n\", \"##############################\\n\", \"当前机器ip为:192.168.43.212###\\n\", \"当前机器ip为:192.168.43.224###\\n\", \"##############################\\n\", \"##############################\\n\", \"服务器：192.168.43.212 7001开始进行启停weblogic操作！\\n\", \"服务器：192.168.43.224 7001开始进行启停weblogic操作！\\n\", \"服务器：192.168.43.212 的端口号为:7001\\n\", \"服务器：192.168.43.212 查看进行pid，并杀掉进程\\n\", \"服务器：192.168.43.224 的端口号为:7001\\n\", \"服务器：192.168.43.224 查看进行pid，并杀掉进程\\n\", \"服务器：192.168.43.212 进程号为:7670的进程。中断成功\\n\", \"服务器：192.168.43.224 进程号为:8301的进程。中断成功\\n\", \"进入服务器：192.168.43.212 日志缓存目录为：/home/wlgma/yatai/logs并清除缓存\\n\", \"进入服务器：192.168.43.224 日志缓存目录为：/home/wlgma/yatai/logs并清除缓存\\n\", \"清除缓存成功\\n\", \"nohup启动192.168.43.212 7001 的weblogic服务器\\n\", \"清除缓存成功\\n\", \"nohup启动192.168.43.224 7001 的weblogic服务器\\n\", \"查看192.168.43.212 7001的控制台是否启动。。。\\n\", \"检测过程持续5分钟,请耐心等待！！！\\n\", \"查看192.168.43.224 7001的控制台是否启动。。。\\n\", \"检测过程持续5分钟,请耐心等待！！！\\n\", \"192.168.43.212:7001:服务器启动成功！\\n\", \"192.168.43.212 7001 的服务器所有操作流程执行完毕！！！\\n\", \"192.168.43.224:7001:服务器启动成功！\\n\", \"192.168.43.224 7001 的服务器所有操作流程执行完毕！！！\\n\", \"第二批服务器开始进行升级操作！！！\\n\", \"##############################\\n\", \"当前机器ip为:192.168.43.188###\\n\", \"##############################\\n\", \"服务器：192.168.43.188 7001开始进行启停weblogic操作！\\n\", \"服务器：192.168.43.188 的端口号为:7001\\n\", \"服务器：192.168.43.188 查看进行pid，并杀掉进程\\n\", \"服务器：192.168.43.188 进程号为:10950的进程。中断成功\\n\", \"进入服务器：192.168.43.188 日志缓存目录为：/home/wlgma/yatai/logs并清除缓存\\n\", \"清除缓存成功\\n\", \"nohup启动192.168.43.188 7001 的weblogic服务器\\n\", \"查看192.168.43.188 7001的控制台是否启动。。。\\n\", \"检测过程持续5分钟,请耐心等待！！！\\n\", \"192.168.43.188:7001:服务器启动成功！\\n\", \"192.168.43.188 7001 的服务器所有操作流程执行完毕！！！\\n\", \"当前任务下所有服务器执行命令完成,任务执行成功(^_^)\\\"!\\n\"]', NULL, NULL, NULL, 573);
INSERT INTO `log` VALUES (102, '作业日志574', '[\"开始执行任务\\n\", \"服务器开始进行备份操作！！！\\n\", \"服务器：192.168.43.212 开始进行备份操作,备份路径为：/home/wlgma/yatai/\\n\", \"服务器：192.168.43.212 开始建立远程连接\\n\", \"服务器：192.168.43.212 备份文件,备份时间: 09021344\\n\", \"服务器：192.168.43.212 备份文件路径为：/home/wlgma/yatai/backup2,备份后的路径为：/home/wlgma/yatai/backup2/webapps09021344\\n\", \"服务器：192.168.43.212 备份文件路径为：/home/wlgma/yatai/backup,备份后的路径为：/home/wlgma/yatai/backup/webapps09021344\\n\", \"将打包文件上到到远程公共目\\n\", \"服务器：192.168.43.212 文件备份成功，文件名为:/home/wlgma/yatai/backup2/webapps09021344\\n\", \"服务器：192.168.43.212 文件备份成功，文件名为:/home/wlgma/yatai/backup/webapps09021344\\n\", \"服务器开始进行备份操作！！！\\n\", \"服务器：192.168.43.224 开始进行备份操作,备份路径为：/home/wlgma/yatai/\\n\", \"服务器：192.168.43.224 开始建立远程连接\\n\", \"服务器：192.168.43.224 备份文件,备份时间: 09021344\\n\", \"jar包成功上传至目标机器192.168.43.212路径为:/home/wlgma/yatai/\\n\", \"服务器：192.168.43.224 备份文件路径为：/home/wlgma/yatai/backup2,备份后的路径为：/home/wlgma/yatai/backup2/webapps09021344\\n\", \"服务器：192.168.43.224 备份文件路径为：/home/wlgma/yatai/backup,备份后的路径为：/home/wlgma/yatai/backup/webapps09021344\\n\", \"将打包文件上到到远程公共目\\n\", \"开始解压文件进行增量升级\\n\", \"服务器开始进行备份操作！！！\\n\", \"服务器：192.168.43.188 开始进行备份操作,备份路径为：/home/wlgma/yatai/\\n\", \"服务器：192.168.43.188 开始建立远程连接\\n\", \"服务器：192.168.43.188 备份文件,备份时间: 09021344\\n\", \"服务器：192.168.43.188 备份文件路径为：/home/wlgma/yatai/backup2,备份后的路径为：/home/wlgma/yatai/backup2/webapps09021344\\n\", \"服务器：192.168.43.188 备份文件路径为：/home/wlgma/yatai/backup,备份后的路径为：/home/wlgma/yatai/backup/webapps09021344\\n\", \"将打包文件上到到远程公共目\\n\", \"服务器：192.168.43.224 文件备份成功，文件名为:/home/wlgma/yatai/backup2/webapps09021344\\n\", \"服务器：192.168.43.224 文件备份成功，文件名为:/home/wlgma/yatai/backup/webapps09021344\\n\", \"jar包成功上传至目标机器192.168.43.224路径为:/home/wlgma/yatai/\\n\", \"开始解压文件进行增量升级\\n\", \"创建：META-INF/\\n  解压 META-INF/MANIFEST.MF\\n  解压 webapps/template/ftl/SpecificPolicyContract0923(5).ftl\\n  解压 webapps/WEB-INF/classes/resources/ApplicationResourcesGC.properties\\n  解压 webapps/WEB-INF/classes/resources/ApplicationResourcesGC_zh_CN.properties\\n  解压 webapps/WEB-INF/classes/resources/ApplicationResourcesGC_zh_HK.properties\\n展开：webapps/WEB-INF/classes/resources/ApplicationResourcesGW.properties\\n  解压 webapps/WEB-INF/classes/resources/ApplicationResourcesGW_zh_CN.properties\\n展开：webapps/WEB-INF/classes/resources/ApplicationResourcesGW_zh_HK.properties\\n展开：webapps/WEB-INF/classes/resources/ApplicationResourcesGD.properties\\n展开：webapps/WEB-INF/classes/resources/ApplicationResourcesGD_zh_CN.properties\\n展开：webapps/WEB-INF/classes/resources/ApplicationResourcesGD_zh_HK.properties\\n展开：webapps/WEB-INF/classes/resources/ApplicationResourcesGE.properties\\n展开：webapps/WEB-INF/classes/resources/ApplicationResourcesGE_zh_CN.properties\\n展开：webapps/WEB-INF/classes/resources/ApplicationResourcesGE_zh_HK.properties\\n  解压 webapps/WEB-INF/classes/resources/ApplicationResourcesGG_en_US.properties\\n  解压 webapps/WEB-INF/classes/resources/ApplicationResourcesGG_zh_CN.properties\\n  解压 webapps/WEB-INF/classes/resources/ApplicationResourcesGG_zh_HK.properties\\n展开：webapps/WEB-INF/classes/resources/ApplicationResourcesGP.properties\\n  解压 webapps/WEB-INF/classes/resources/ApplicationResourcesGP_zh_CN.properties\\n  解压 webapps/WEB-INF/classes/resources/ApplicationResourcesGP_zh_HK.properties\\n  解压 webapps/WEB-INF/classes/resources/ApplicationResourcesGP_en_US.properties\\n展开：webapps/WEB-INF/classes/resources/ApplicationResourcesGR.properties\\n  解压 webapps/WEB-INF/classes/resources/ApplicationResourcesGR_zh_CN.properties\\n  解压 webapps/WEB-INF/classes/resources/ApplicationResourcesGR_zh_HK.properties\\n  解压 webapps/WEB-INF/classes/resources/ApplicationResourcesGS.properties\\n  解压 webapps/WEB-INF/classes/resources/ApplicationResourcesGS_zh_CN.properties\\n  解压 webapps/WEB-INF/classes/resources/ApplicationResourcesGS_zh_HK.properties\\n展开：webapps/WEB-INF/classes/resources/ApplicationResourcesGU.properties\\n  解压 webapps/WEB-INF/classes/resources/ApplicationResourcesGU_zh_CN.properties\\n  解压 webapps/WEB-INF/classes/resources/ApplicationResourcesGU_zh_HK.properties\\n  解压 webapps/WEB-INF/classes/resources/ApplicationResourcesPUB_en_US.properties\\n  解压 webapps/WEB-INF/classes/resources/ApplicationResourcesPUB_zh_CN.properties\\n  解压 webapps/WEB-INF/classes/resources/ApplicationResourcesPUB_zh_HK.properties\\n展开：webapps/WEB-INF/classes/resources/ApplicationResourcesSQ_en_US.properties\\n展开：webapps/WEB-INF/classes/resources/ApplicationResourcesSQ_zh_CN.properties\\n展开：webapps/WEB-INF/classes/resources/ApplicationResourcesSQ_zh_HK.properties\\n0\\n\", \"服务器：192.168.43.188 文件备份成功，文件名为:/home/wlgma/yatai/backup2/webapps09021344\\n\", \"服务器：192.168.43.188 文件备份成功，文件名为:/home/wlgma/yatai/backup/webapps09021344\\n\", \"创建：META-INF/\\n  解压 META-INF/MANIFEST.MF\\n  解压 webapps/template/ftl/SpecificPolicyContract0923(5).ftl\\n  解压 webapps/WEB-INF/classes/resources/ApplicationResourcesGC.properties\\n  解压 webapps/WEB-INF/classes/resources/ApplicationResourcesGC_zh_CN.properties\\n  解压 webapps/WEB-INF/classes/resources/ApplicationResourcesGC_zh_HK.properties\\n展开：webapps/WEB-INF/classes/resources/ApplicationResourcesGW.properties\\n  解压 webapps/WEB-INF/classes/resources/ApplicationResourcesGW_zh_CN.properties\\n展开：webapps/WEB-INF/classes/resources/ApplicationResourcesGW_zh_HK.properties\\n展开：webapps/WEB-INF/classes/resources/ApplicationResourcesGD.properties\\n展开：webapps/WEB-INF/classes/resources/ApplicationResourcesGD_zh_CN.properties\\n展开：webapps/WEB-INF/classes/resources/ApplicationResourcesGD_zh_HK.properties\\n展开：webapps/WEB-INF/classes/resources/ApplicationResourcesGE.properties\\n展开：webapps/WEB-INF/classes/resources/ApplicationResourcesGE_zh_CN.properties\\n展开：webapps/WEB-INF/classes/resources/ApplicationResourcesGE_zh_HK.properties\\n  解压 webapps/WEB-INF/classes/resources/ApplicationResourcesGG_en_US.properties\\n  解压 webapps/WEB-INF/classes/resources/ApplicationResourcesGG_zh_CN.properties\\n  解压 webapps/WEB-INF/classes/resources/ApplicationResourcesGG_zh_HK.properties\\n展开：webapps/WEB-INF/classes/resources/ApplicationResourcesGP.properties\\n  解压 webapps/WEB-INF/classes/resources/ApplicationResourcesGP_zh_CN.properties\\n  解压 webapps/WEB-INF/classes/resources/ApplicationResourcesGP_zh_HK.properties\\n  解压 webapps/WEB-INF/classes/resources/ApplicationResourcesGP_en_US.properties\\n展开：webapps/WEB-INF/classes/resources/ApplicationResourcesGR.properties\\n  解压 webapps/WEB-INF/classes/resources/ApplicationResourcesGR_zh_CN.properties\\n  解压 webapps/WEB-INF/classes/resources/ApplicationResourcesGR_zh_HK.properties\\n  解压 webapps/WEB-INF/classes/resources/ApplicationResourcesGS.properties\\n  解压 webapps/WEB-INF/classes/resources/ApplicationResourcesGS_zh_CN.properties\\n  解压 webapps/WEB-INF/classes/resources/ApplicationResourcesGS_zh_HK.properties\\n展开：webapps/WEB-INF/classes/resources/ApplicationResourcesGU.properties\\n  解压 webapps/WEB-INF/classes/resources/ApplicationResourcesGU_zh_CN.properties\\n  解压 webapps/WEB-INF/classes/resources/ApplicationResourcesGU_zh_HK.properties\\n  解压 webapps/WEB-INF/classes/resources/ApplicationResourcesPUB_en_US.properties\\n  解压 webapps/WEB-INF/classes/resources/ApplicationResourcesPUB_zh_CN.properties\\n  解压 webapps/WEB-INF/classes/resources/ApplicationResourcesPUB_zh_HK.properties\\n展开：webapps/WEB-INF/classes/resources/ApplicationResourcesSQ_en_US.properties\\n展开：webapps/WEB-INF/classes/resources/ApplicationResourcesSQ_zh_CN.properties\\n展开：webapps/WEB-INF/classes/resources/ApplicationResourcesSQ_zh_HK.properties\\n0\\n\", \"jar包成功上传至目标机器192.168.43.188路径为:/home/wlgma/yatai/\\n\", \"开始解压文件进行增量升级\\n\", \"创建：META-INF/\\n  解压 META-INF/MANIFEST.MF\\n  解压 webapps/template/ftl/SpecificPolicyContract0923(5).ftl\\n  解压 webapps/WEB-INF/classes/resources/ApplicationResourcesGC.properties\\n  解压 webapps/WEB-INF/classes/resources/ApplicationResourcesGC_zh_CN.properties\\n  解压 webapps/WEB-INF/classes/resources/ApplicationResourcesGC_zh_HK.properties\\n展开：webapps/WEB-INF/classes/resources/ApplicationResourcesGW.properties\\n  解压 webapps/WEB-INF/classes/resources/ApplicationResourcesGW_zh_CN.properties\\n展开：webapps/WEB-INF/classes/resources/ApplicationResourcesGW_zh_HK.properties\\n展开：webapps/WEB-INF/classes/resources/ApplicationResourcesGD.properties\\n展开：webapps/WEB-INF/classes/resources/ApplicationResourcesGD_zh_CN.properties\\n展开：webapps/WEB-INF/classes/resources/ApplicationResourcesGD_zh_HK.properties\\n展开：webapps/WEB-INF/classes/resources/ApplicationResourcesGE.properties\\n展开：webapps/WEB-INF/classes/resources/ApplicationResourcesGE_zh_CN.properties\\n展开：webapps/WEB-INF/classes/resources/ApplicationResourcesGE_zh_HK.properties\\n  解压 webapps/WEB-INF/classes/resources/ApplicationResourcesGG_en_US.properties\\n  解压 webapps/WEB-INF/classes/resources/ApplicationResourcesGG_zh_CN.properties\\n  解压 webapps/WEB-INF/classes/resources/ApplicationResourcesGG_zh_HK.properties\\n展开：webapps/WEB-INF/classes/resources/ApplicationResourcesGP.properties\\n  解压 webapps/WEB-INF/classes/resources/ApplicationResourcesGP_zh_CN.properties\\n  解压 webapps/WEB-INF/classes/resources/ApplicationResourcesGP_zh_HK.properties\\n  解压 webapps/WEB-INF/classes/resources/ApplicationResourcesGP_en_US.properties\\n展开：webapps/WEB-INF/classes/resources/ApplicationResourcesGR.properties\\n  解压 webapps/WEB-INF/classes/resources/ApplicationResourcesGR_zh_CN.properties\\n  解压 webapps/WEB-INF/classes/resources/ApplicationResourcesGR_zh_HK.properties\\n  解压 webapps/WEB-INF/classes/resources/ApplicationResourcesGS.properties\\n  解压 webapps/WEB-INF/classes/resources/ApplicationResourcesGS_zh_CN.properties\\n  解压 webapps/WEB-INF/classes/resources/ApplicationResourcesGS_zh_HK.properties\\n展开：webapps/WEB-INF/classes/resources/ApplicationResourcesGU.properties\\n  解压 webapps/WEB-INF/classes/resources/ApplicationResourcesGU_zh_CN.properties\\n  解压 webapps/WEB-INF/classes/resources/ApplicationResourcesGU_zh_HK.properties\\n  解压 webapps/WEB-INF/classes/resources/ApplicationResourcesPUB_en_US.properties\\n  解压 webapps/WEB-INF/classes/resources/ApplicationResourcesPUB_zh_CN.properties\\n  解压 webapps/WEB-INF/classes/resources/ApplicationResourcesPUB_zh_HK.properties\\n展开：webapps/WEB-INF/classes/resources/ApplicationResourcesSQ_en_US.properties\\n展开：webapps/WEB-INF/classes/resources/ApplicationResourcesSQ_zh_CN.properties\\n展开：webapps/WEB-INF/classes/resources/ApplicationResourcesSQ_zh_HK.properties\\n0\\n\", \"第一批服务器开始进行升级操作！！！\\n\", \"##############################\\n\", \"##############################\\n\", \"当前机器ip为:192.168.43.212###\\n\", \"当前机器ip为:192.168.43.224###\\n\", \"##############################\\n\", \"##############################\\n\", \"服务器：192.168.43.212 7001开始进行启停weblogic操作！\\n\", \"服务器：192.168.43.224 7001开始进行启停weblogic操作！\\n\", \"服务器：192.168.43.224 的端口号为:7001\\n\", \"服务器：192.168.43.224 查看进行pid，并杀掉进程\\n\", \"服务器：192.168.43.212 的端口号为:7001\\n\", \"服务器：192.168.43.212 查看进行pid，并杀掉进程\\n\", \"服务器：192.168.43.224 进程号为:8537的进程。中断成功\\n\", \"服务器：192.168.43.212 进程号为:7898的进程。中断成功\\n\", \"进入服务器：192.168.43.224 日志缓存目录为：/home/wlgma/yatai/logs并清除缓存\\n\", \"清除缓存成功\\n\", \"进入服务器：192.168.43.212 日志缓存目录为：/home/wlgma/yatai/logs并清除缓存\\n\", \"nohup启动192.168.43.224 7001 的weblogic服务器\\n\", \"清除缓存成功\\n\", \"nohup启动192.168.43.212 7001 的weblogic服务器\\n\", \"查看192.168.43.224 7001的控制台是否启动。。。\\n\", \"检测过程持续5分钟,请耐心等待！！！\\n\", \"查看192.168.43.212 7001的控制台是否启动。。。\\n\", \"检测过程持续5分钟,请耐心等待！！！\\n\", \"192.168.43.224:7001:服务器启动成功！\\n\", \"192.168.43.224 7001 的服务器所有操作流程执行完毕！！！\\n\", \"192.168.43.212:7001:服务器启动成功！\\n\", \"192.168.43.212 7001 的服务器所有操作流程执行完毕！！！\\n\", \"第二批服务器开始进行升级操作！！！\\n\", \"##############################\\n\", \"当前机器ip为:192.168.43.188###\\n\", \"##############################\\n\", \"服务器：192.168.43.188 7001开始进行启停weblogic操作！\\n\", \"服务器：192.168.43.188 的端口号为:7001\\n\", \"服务器：192.168.43.188 查看进行pid，并杀掉进程\\n\", \"服务器：192.168.43.188 进程号为:11142的进程。中断成功\\n\", \"进入服务器：192.168.43.188 日志缓存目录为：/home/wlgma/yatai/logs并清除缓存\\n\", \"清除缓存成功\\n\", \"nohup启动192.168.43.188 7001 的weblogic服务器\\n\", \"查看192.168.43.188 7001的控制台是否启动。。。\\n\", \"检测过程持续5分钟,请耐心等待！！！\\n\", \"192.168.43.188:7001:服务器启动成功！\\n\", \"192.168.43.188 7001 的服务器所有操作流程执行完毕！！！\\n\", \"当前任务下所有服务器执行命令完成,任务执行成功(^_^)\\\"!\\n\", \"开始执行任务\\n\", \"服务器开始进行回滚操作！！！\\n\", \"服务器：192.168.43.212 开始进行回退操作!\\n\", \"服务器：192.168.43.224 开始进行回退操作!\\n\", \"服务器：192.168.43.188 开始进行回退操作!\\n\", \"服务器：192.168.43.212 开始建立远程连接\\n\", \"服务器：192.168.43.188 开始建立远程连接\\n\", \"服务器：192.168.43.224 开始建立远程连接\\n\", \"192.168.43.224 :服务器将备份目录文件/home/wlgma/yatai/backup2/webapps09021344移动到应用目录/home/wlgma/yatai/webapps09021344\\n\", \"192.168.43.212 :服务器将备份目录文件/home/wlgma/yatai/backup2/webapps09021344移动到应用目录/home/wlgma/yatai/webapps09021344\\n\", \"\\n\", \"\\n\", \"192.168.43.224 :服务器将/home/wlgma/yatai/webapps修改为/home/wlgma/yatai/webapps_bak09021348\\n\", \"192.168.43.212 :服务器将/home/wlgma/yatai/webapps修改为/home/wlgma/yatai/webapps_bak09021348\\n\", \"192.168.43.188 :服务器将备份目录文件/home/wlgma/yatai/backup2/webapps09021344移动到应用目录/home/wlgma/yatai/webapps09021344\\n\", \"\\n\", \"\\n\", \"192.168.43.224 :服务器将/home/wlgma/yatai/webapps09021344修改成/home/wlgma/yatai/webapps\\n\", \"192.168.43.212 :服务器将/home/wlgma/yatai/webapps09021344修改成/home/wlgma/yatai/webapps\\n\", \"\\n\", \"192.168.43.188 :服务器将/home/wlgma/yatai/webapps修改为/home/wlgma/yatai/webapps_bak09021348\\n\", \"\\n\", \"\\n\", \"\\n\", \"192.168.43.188 :服务器将/home/wlgma/yatai/webapps09021344修改成/home/wlgma/yatai/webapps\\n\", \"\\n\", \"服务器回滚操作全部完成,开始进行服务器启停操作\\n\", \"第一批服务器开始进行升级操作！！！\\n\", \"##############################\\n\", \"##############################\\n\", \"当前机器ip为:192.168.43.212###\\n\", \"##############################\\n\", \"当前机器ip为:192.168.43.224###\\n\", \"服务器：192.168.43.212 7001开始进行启停weblogic操作！\\n\", \"##############################\\n\", \"服务器：192.168.43.224 7001开始进行启停weblogic操作！\\n\", \"服务器：192.168.43.212 的端口号为:7001\\n\", \"服务器：192.168.43.212 查看进行pid，并杀掉进程\\n\", \"服务器：192.168.43.224 的端口号为:7001\\n\", \"服务器：192.168.43.224 查看进行pid，并杀掉进程\\n\", \"服务器：192.168.43.212 进程号为:8563的进程。中断成功\\n\", \"进入服务器：192.168.43.212 日志缓存目录为：/home/wlgma/yatai/logs并清除缓存\\n\", \"服务器：192.168.43.224 进程号为:9363的进程。中断成功\\n\", \"进入服务器：192.168.43.224 日志缓存目录为：/home/wlgma/yatai/logs并清除缓存\\n\", \"清除缓存成功\\n\", \"nohup启动192.168.43.212 7001 的weblogic服务器\\n\", \"清除缓存成功\\n\", \"nohup启动192.168.43.224 7001 的weblogic服务器\\n\", \"查看192.168.43.212 7001的控制台是否启动。。。\\n\", \"检测过程持续5分钟,请耐心等待！！！\\n\", \"查看192.168.43.224 7001的控制台是否启动。。。\\n\", \"192.168.43.212:7001:服务器启动成功！\\n\", \"检测过程持续5分钟,请耐心等待！！！\\n\", \"192.168.43.212 7001 的服务器所有操作流程执行完毕！！！\\n\", \"192.168.43.224:7001:服务器启动成功！\\n\", \"192.168.43.224 7001 的服务器所有操作流程执行完毕！！！\\n\", \"第二批服务器开始进行升级操作！！！\\n\", \"##############################\\n\", \"当前机器ip为:192.168.43.188###\\n\", \"##############################\\n\", \"服务器：192.168.43.188 7001开始进行启停weblogic操作！\\n\", \"服务器：192.168.43.188 的端口号为:7001\\n\", \"服务器：192.168.43.188 查看进行pid，并杀掉进程\\n\", \"服务器：192.168.43.188 进程号为:12626的进程。中断成功\\n\", \"进入服务器：192.168.43.188 日志缓存目录为：/home/wlgma/yatai/logs并清除缓存\\n\", \"清除缓存成功\\n\", \"nohup启动192.168.43.188 7001 的weblogic服务器\\n\", \"查看192.168.43.188 7001的控制台是否启动。。。\\n\", \"检测过程持续5分钟,请耐心等待！！！\\n\", \"192.168.43.188:7001:服务器启动成功！\\n\", \"192.168.43.188 7001 的服务器所有操作流程执行完毕！！！\\n\", \"当前任务下所有服务器执行命令完成,任务执行成功(^_^)\\\"!\\n\"]', NULL, NULL, NULL, 574);
INSERT INTO `log` VALUES (103, '作业日志575', '[\"开始执行任务\\n\", \"服务器开始进行备份操作！！！\\n\", \"服务器：192.168.43.212 开始进行备份操作,备份路径为：/home/wlgma/yatai/\\n\", \"服务器：192.168.43.212 开始建立远程连接\\n\", \"服务器：192.168.43.212 备份文件,备份时间: 20190902135642\\n\", \"服务器：192.168.43.212 备份文件路径为：/home/wlgma/yatai/backup2,备份后的路径为：/home/wlgma/yatai/backup2/webapps20190902135642\\n\", \"服务器：192.168.43.212 备份文件路径为：/home/wlgma/yatai/backup,备份后的路径为：/home/wlgma/yatai/backup/webapps20190902135642\\n\", \"将打包文件上到到远程公共目\\n\", \"服务器开始进行备份操作！！！\\n\", \"服务器：192.168.43.224 开始进行备份操作,备份路径为：/home/wlgma/yatai/\\n\", \"服务器：192.168.43.212 文件备份成功，文件名为:/home/wlgma/yatai/backup2/webapps20190902135642\\n\", \"服务器：192.168.43.224 开始建立远程连接\\n\", \"服务器：192.168.43.212 文件备份成功，文件名为:/home/wlgma/yatai/backup/webapps20190902135642\\n\", \"服务器：192.168.43.224 备份文件,备份时间: 20190902135642\\n\", \"服务器：192.168.43.224 备份文件路径为：/home/wlgma/yatai/backup2,备份后的路径为：/home/wlgma/yatai/backup2/webapps20190902135642\\n\", \"服务器：192.168.43.224 备份文件路径为：/home/wlgma/yatai/backup,备份后的路径为：/home/wlgma/yatai/backup/webapps20190902135642\\n\", \"将打包文件上到到远程公共目\\n\", \"服务器开始进行备份操作！！！\\n\", \"jar包成功上传至目标机器192.168.43.212路径为:/home/wlgma/yatai/\\n\", \"服务器：192.168.43.188 开始进行备份操作,备份路径为：/home/wlgma/yatai/\\n\", \"服务器：192.168.43.224 文件备份成功，文件名为:/home/wlgma/yatai/backup2/webapps20190902135642\\n\", \"开始解压文件进行增量升级\\n\", \"服务器：192.168.43.188 开始建立远程连接\\n\", \"服务器：192.168.43.224 文件备份成功，文件名为:/home/wlgma/yatai/backup/webapps20190902135642\\n\", \"服务器：192.168.43.188 备份文件,备份时间: 20190902135642\\n\", \"服务器：192.168.43.188 备份文件路径为：/home/wlgma/yatai/backup2,备份后的路径为：/home/wlgma/yatai/backup2/webapps20190902135642\\n\", \"服务器：192.168.43.188 备份文件路径为：/home/wlgma/yatai/backup,备份后的路径为：/home/wlgma/yatai/backup/webapps20190902135642\\n\", \"将打包文件上到到远程公共目\\n\", \"jar包成功上传至目标机器192.168.43.224路径为:/home/wlgma/yatai/\\n\", \"开始解压文件进行增量升级\\n\", \"服务器：192.168.43.188 文件备份成功，文件名为:/home/wlgma/yatai/backup2/webapps20190902135642\\n\", \"创建：META-INF/\\n  解压 META-INF/MANIFEST.MF\\n  解压 webapps/template/ftl/SpecificPolicyContract0923(5).ftl\\n  解压 webapps/WEB-INF/classes/resources/ApplicationResourcesGC.properties\\n  解压 webapps/WEB-INF/classes/resources/ApplicationResourcesGC_zh_CN.properties\\n  解压 webapps/WEB-INF/classes/resources/ApplicationResourcesGC_zh_HK.properties\\n展开：webapps/WEB-INF/classes/resources/ApplicationResourcesGW.properties\\n  解压 webapps/WEB-INF/classes/resources/ApplicationResourcesGW_zh_CN.properties\\n展开：webapps/WEB-INF/classes/resources/ApplicationResourcesGW_zh_HK.properties\\n展开：webapps/WEB-INF/classes/resources/ApplicationResourcesGD.properties\\n展开：webapps/WEB-INF/classes/resources/ApplicationResourcesGD_zh_CN.properties\\n展开：webapps/WEB-INF/classes/resources/ApplicationResourcesGD_zh_HK.properties\\n展开：webapps/WEB-INF/classes/resources/ApplicationResourcesGE.properties\\n展开：webapps/WEB-INF/classes/resources/ApplicationResourcesGE_zh_CN.properties\\n展开：webapps/WEB-INF/classes/resources/ApplicationResourcesGE_zh_HK.properties\\n  解压 webapps/WEB-INF/classes/resources/ApplicationResourcesGG_en_US.properties\\n  解压 webapps/WEB-INF/classes/resources/ApplicationResourcesGG_zh_CN.properties\\n  解压 webapps/WEB-INF/classes/resources/ApplicationResourcesGG_zh_HK.properties\\n展开：webapps/WEB-INF/classes/resources/ApplicationResourcesGP.properties\\n  解压 webapps/WEB-INF/classes/resources/ApplicationResourcesGP_zh_CN.properties\\n  解压 webapps/WEB-INF/classes/resources/ApplicationResourcesGP_zh_HK.properties\\n  解压 webapps/WEB-INF/classes/resources/ApplicationResourcesGP_en_US.properties\\n展开：webapps/WEB-INF/classes/resources/ApplicationResourcesGR.properties\\n  解压 webapps/WEB-INF/classes/resources/ApplicationResourcesGR_zh_CN.properties\\n  解压 webapps/WEB-INF/classes/resources/ApplicationResourcesGR_zh_HK.properties\\n  解压 webapps/WEB-INF/classes/resources/ApplicationResourcesGS.properties\\n  解压 webapps/WEB-INF/classes/resources/ApplicationResourcesGS_zh_CN.properties\\n  解压 webapps/WEB-INF/classes/resources/ApplicationResourcesGS_zh_HK.properties\\n展开：webapps/WEB-INF/classes/resources/ApplicationResourcesGU.properties\\n  解压 webapps/WEB-INF/classes/resources/ApplicationResourcesGU_zh_CN.properties\\n  解压 webapps/WEB-INF/classes/resources/ApplicationResourcesGU_zh_HK.properties\\n  解压 webapps/WEB-INF/classes/resources/ApplicationResourcesPUB_en_US.properties\\n  解压 webapps/WEB-INF/classes/resources/ApplicationResourcesPUB_zh_CN.properties\\n  解压 webapps/WEB-INF/classes/resources/ApplicationResourcesPUB_zh_HK.properties\\n展开：webapps/WEB-INF/classes/resources/ApplicationResourcesSQ_en_US.properties\\n展开：webapps/WEB-INF/classes/resources/ApplicationResourcesSQ_zh_CN.properties\\n展开：webapps/WEB-INF/classes/resources/ApplicationResourcesSQ_zh_HK.properties\\n0\\n\", \"服务器：192.168.43.188 文件备份成功，文件名为:/home/wlgma/yatai/backup/webapps20190902135642\\n\", \"创建：META-INF/\\n  解压 META-INF/MANIFEST.MF\\n  解压 webapps/template/ftl/SpecificPolicyContract0923(5).ftl\\n  解压 webapps/WEB-INF/classes/resources/ApplicationResourcesGC.properties\\n  解压 webapps/WEB-INF/classes/resources/ApplicationResourcesGC_zh_CN.properties\\n  解压 webapps/WEB-INF/classes/resources/ApplicationResourcesGC_zh_HK.properties\\n展开：webapps/WEB-INF/classes/resources/ApplicationResourcesGW.properties\\n  解压 webapps/WEB-INF/classes/resources/ApplicationResourcesGW_zh_CN.properties\\n展开：webapps/WEB-INF/classes/resources/ApplicationResourcesGW_zh_HK.properties\\n展开：webapps/WEB-INF/classes/resources/ApplicationResourcesGD.properties\\n展开：webapps/WEB-INF/classes/resources/ApplicationResourcesGD_zh_CN.properties\\n展开：webapps/WEB-INF/classes/resources/ApplicationResourcesGD_zh_HK.properties\\n展开：webapps/WEB-INF/classes/resources/ApplicationResourcesGE.properties\\n展开：webapps/WEB-INF/classes/resources/ApplicationResourcesGE_zh_CN.properties\\n展开：webapps/WEB-INF/classes/resources/ApplicationResourcesGE_zh_HK.properties\\n  解压 webapps/WEB-INF/classes/resources/ApplicationResourcesGG_en_US.properties\\n  解压 webapps/WEB-INF/classes/resources/ApplicationResourcesGG_zh_CN.properties\\n  解压 webapps/WEB-INF/classes/resources/ApplicationResourcesGG_zh_HK.properties\\n展开：webapps/WEB-INF/classes/resources/ApplicationResourcesGP.properties\\n  解压 webapps/WEB-INF/classes/resources/ApplicationResourcesGP_zh_CN.properties\\n  解压 webapps/WEB-INF/classes/resources/ApplicationResourcesGP_zh_HK.properties\\n  解压 webapps/WEB-INF/classes/resources/ApplicationResourcesGP_en_US.properties\\n展开：webapps/WEB-INF/classes/resources/ApplicationResourcesGR.properties\\n  解压 webapps/WEB-INF/classes/resources/ApplicationResourcesGR_zh_CN.properties\\n  解压 webapps/WEB-INF/classes/resources/ApplicationResourcesGR_zh_HK.properties\\n  解压 webapps/WEB-INF/classes/resources/ApplicationResourcesGS.properties\\n  解压 webapps/WEB-INF/classes/resources/ApplicationResourcesGS_zh_CN.properties\\n  解压 webapps/WEB-INF/classes/resources/ApplicationResourcesGS_zh_HK.properties\\n展开：webapps/WEB-INF/classes/resources/ApplicationResourcesGU.properties\\n  解压 webapps/WEB-INF/classes/resources/ApplicationResourcesGU_zh_CN.properties\\n  解压 webapps/WEB-INF/classes/resources/ApplicationResourcesGU_zh_HK.properties\\n  解压 webapps/WEB-INF/classes/resources/ApplicationResourcesPUB_en_US.properties\\n  解压 webapps/WEB-INF/classes/resources/ApplicationResourcesPUB_zh_CN.properties\\n  解压 webapps/WEB-INF/classes/resources/ApplicationResourcesPUB_zh_HK.properties\\n展开：webapps/WEB-INF/classes/resources/ApplicationResourcesSQ_en_US.properties\\n展开：webapps/WEB-INF/classes/resources/ApplicationResourcesSQ_zh_CN.properties\\n展开：webapps/WEB-INF/classes/resources/ApplicationResourcesSQ_zh_HK.properties\\n0\\n\", \"jar包成功上传至目标机器192.168.43.188路径为:/home/wlgma/yatai/\\n\", \"开始解压文件进行增量升级\\n\", \"创建：META-INF/\\n  解压 META-INF/MANIFEST.MF\\n  解压 webapps/template/ftl/SpecificPolicyContract0923(5).ftl\\n  解压 webapps/WEB-INF/classes/resources/ApplicationResourcesGC.properties\\n  解压 webapps/WEB-INF/classes/resources/ApplicationResourcesGC_zh_CN.properties\\n  解压 webapps/WEB-INF/classes/resources/ApplicationResourcesGC_zh_HK.properties\\n展开：webapps/WEB-INF/classes/resources/ApplicationResourcesGW.properties\\n  解压 webapps/WEB-INF/classes/resources/ApplicationResourcesGW_zh_CN.properties\\n展开：webapps/WEB-INF/classes/resources/ApplicationResourcesGW_zh_HK.properties\\n展开：webapps/WEB-INF/classes/resources/ApplicationResourcesGD.properties\\n展开：webapps/WEB-INF/classes/resources/ApplicationResourcesGD_zh_CN.properties\\n展开：webapps/WEB-INF/classes/resources/ApplicationResourcesGD_zh_HK.properties\\n展开：webapps/WEB-INF/classes/resources/ApplicationResourcesGE.properties\\n展开：webapps/WEB-INF/classes/resources/ApplicationResourcesGE_zh_CN.properties\\n展开：webapps/WEB-INF/classes/resources/ApplicationResourcesGE_zh_HK.properties\\n  解压 webapps/WEB-INF/classes/resources/ApplicationResourcesGG_en_US.properties\\n  解压 webapps/WEB-INF/classes/resources/ApplicationResourcesGG_zh_CN.properties\\n  解压 webapps/WEB-INF/classes/resources/ApplicationResourcesGG_zh_HK.properties\\n展开：webapps/WEB-INF/classes/resources/ApplicationResourcesGP.properties\\n  解压 webapps/WEB-INF/classes/resources/ApplicationResourcesGP_zh_CN.properties\\n  解压 webapps/WEB-INF/classes/resources/ApplicationResourcesGP_zh_HK.properties\\n  解压 webapps/WEB-INF/classes/resources/ApplicationResourcesGP_en_US.properties\\n展开：webapps/WEB-INF/classes/resources/ApplicationResourcesGR.properties\\n  解压 webapps/WEB-INF/classes/resources/ApplicationResourcesGR_zh_CN.properties\\n  解压 webapps/WEB-INF/classes/resources/ApplicationResourcesGR_zh_HK.properties\\n  解压 webapps/WEB-INF/classes/resources/ApplicationResourcesGS.properties\\n  解压 webapps/WEB-INF/classes/resources/ApplicationResourcesGS_zh_CN.properties\\n  解压 webapps/WEB-INF/classes/resources/ApplicationResourcesGS_zh_HK.properties\\n展开：webapps/WEB-INF/classes/resources/ApplicationResourcesGU.properties\\n  解压 webapps/WEB-INF/classes/resources/ApplicationResourcesGU_zh_CN.properties\\n  解压 webapps/WEB-INF/classes/resources/ApplicationResourcesGU_zh_HK.properties\\n  解压 webapps/WEB-INF/classes/resources/ApplicationResourcesPUB_en_US.properties\\n  解压 webapps/WEB-INF/classes/resources/ApplicationResourcesPUB_zh_CN.properties\\n  解压 webapps/WEB-INF/classes/resources/ApplicationResourcesPUB_zh_HK.properties\\n展开：webapps/WEB-INF/classes/resources/ApplicationResourcesSQ_en_US.properties\\n展开：webapps/WEB-INF/classes/resources/ApplicationResourcesSQ_zh_CN.properties\\n展开：webapps/WEB-INF/classes/resources/ApplicationResourcesSQ_zh_HK.properties\\n0\\n\", \"第一批服务器开始进行升级操作！！！\\n\", \"##############################\\n\", \"##############################\\n\", \"当前机器ip为:192.168.43.212###\\n\", \"当前机器ip为:192.168.43.224###\\n\", \"##############################\\n\", \"##############################\\n\", \"服务器：192.168.43.212 7001开始进行启停weblogic操作！\\n\", \"服务器：192.168.43.224 7001开始进行启停weblogic操作！\\n\", \"服务器：192.168.43.224 的端口号为:7001\\n\", \"服务器：192.168.43.224 查看进行pid，并杀掉进程\\n\", \"服务器：192.168.43.212 的端口号为:7001\\n\", \"服务器：192.168.43.212 查看进行pid，并杀掉进程\\n\", \"服务器：192.168.43.224 进程号为:9635的进程。中断成功\\n\", \"进入服务器：192.168.43.224 日志缓存目录为：/home/wlgma/yatai/logs并清除缓存\\n\", \"服务器：192.168.43.212 进程号为:8812的进程。中断成功\\n\", \"清除缓存成功\\n\", \"nohup启动192.168.43.224 7001 的weblogic服务器\\n\", \"进入服务器：192.168.43.212 日志缓存目录为：/home/wlgma/yatai/logs并清除缓存\\n\", \"清除缓存成功\\n\", \"nohup启动192.168.43.212 7001 的weblogic服务器\\n\", \"查看192.168.43.224 7001的控制台是否启动。。。\\n\", \"检测过程持续5分钟,请耐心等待！！！\\n\", \"查看192.168.43.212 7001的控制台是否启动。。。\\n\", \"192.168.43.224:7001:服务器启动成功！\\n\", \"检测过程持续5分钟,请耐心等待！！！\\n\", \"192.168.43.224 7001 的服务器所有操作流程执行完毕！！！\\n\", \"192.168.43.212:7001:服务器启动成功！\\n\", \"192.168.43.212 7001 的服务器所有操作流程执行完毕！！！\\n\", \"第二批服务器开始进行升级操作！！！\\n\", \"##############################\\n\", \"当前机器ip为:192.168.43.188###\\n\", \"##############################\\n\", \"服务器：192.168.43.188 7001开始进行启停weblogic操作！\\n\", \"服务器：192.168.43.188 的端口号为:7001\\n\", \"服务器：192.168.43.188 查看进行pid，并杀掉进程\\n\", \"服务器：192.168.43.188 进程号为:12846的进程。中断成功\\n\", \"进入服务器：192.168.43.188 日志缓存目录为：/home/wlgma/yatai/logs并清除缓存\\n\", \"清除缓存成功\\n\", \"nohup启动192.168.43.188 7001 的weblogic服务器\\n\", \"查看192.168.43.188 7001的控制台是否启动。。。\\n\", \"检测过程持续5分钟,请耐心等待！！！\\n\", \"192.168.43.188:7001:服务器启动成功！\\n\", \"192.168.43.188 7001 的服务器所有操作流程执行完毕！！！\\n\", \"当前任务下所有服务器执行命令完成,任务执行成功(^_^)\\\"!\\n\", \"开始执行任务\\n\", \"服务器开始进行回滚操作！！！\\n\", \"服务器：192.168.43.212 开始进行回退操作!\\n\", \"服务器：192.168.43.224 开始进行回退操作!\\n\", \"服务器：192.168.43.188 开始进行回退操作!\\n\", \"服务器：192.168.43.188 开始建立远程连接\\n\", \"服务器：192.168.43.224 开始建立远程连接\\n\", \"服务器：192.168.43.212 开始建立远程连接\\n\", \"192.168.43.188 :服务器将备份目录文件/home/wlgma/yatai/backup2/webapps20190902135642移动到应用目录/home/wlgma/yatai/webapps20190902135642\\n\", \"\\n\", \"192.168.43.188 :服务器将/home/wlgma/yatai/webapps修改为/home/wlgma/yatai/webapps_bak20190902135751\\n\", \"192.168.43.224 :服务器将备份目录文件/home/wlgma/yatai/backup2/webapps20190902135642移动到应用目录/home/wlgma/yatai/webapps20190902135642\\n\", \"192.168.43.212 :服务器将备份目录文件/home/wlgma/yatai/backup2/webapps20190902135642移动到应用目录/home/wlgma/yatai/webapps20190902135642\\n\", \"\\n\", \"\\n\", \"192.168.43.188 :服务器将/home/wlgma/yatai/webapps20190902135642修改成/home/wlgma/yatai/webapps\\n\", \"192.168.43.224 :服务器将/home/wlgma/yatai/webapps修改为/home/wlgma/yatai/webapps_bak20190902135751\\n\", \"\\n\", \"192.168.43.212 :服务器将/home/wlgma/yatai/webapps修改为/home/wlgma/yatai/webapps_bak20190902135751\\n\", \"\\n\", \"\\n\", \"192.168.43.224 :服务器将/home/wlgma/yatai/webapps20190902135642修改成/home/wlgma/yatai/webapps\\n\", \"\\n\", \"192.168.43.212 :服务器将/home/wlgma/yatai/webapps20190902135642修改成/home/wlgma/yatai/webapps\\n\", \"\\n\", \"\\n\", \"服务器回滚操作全部完成,开始进行服务器启停操作\\n\", \"第一批服务器开始进行升级操作！！！\\n\", \"##############################\\n\", \"##############################\\n\", \"当前机器ip为:192.168.43.212###\\n\", \"当前机器ip为:192.168.43.224###\\n\", \"##############################\\n\", \"##############################\\n\", \"服务器：192.168.43.212 7001开始进行启停weblogic操作！\\n\", \"服务器：192.168.43.224 7001开始进行启停weblogic操作！\\n\", \"服务器：192.168.43.224 的端口号为:7001\\n\", \"服务器：192.168.43.224 查看进行pid，并杀掉进程\\n\", \"服务器：192.168.43.212 的端口号为:7001\\n\", \"服务器：192.168.43.212 查看进行pid，并杀掉进程\\n\", \"服务器：192.168.43.224 进程号为:10110的进程。中断成功\\n\", \"服务器：192.168.43.212 进程号为:9154的进程。中断成功\\n\", \"进入服务器：192.168.43.224 日志缓存目录为：/home/wlgma/yatai/logs并清除缓存\\n\", \"进入服务器：192.168.43.212 日志缓存目录为：/home/wlgma/yatai/logs并清除缓存\\n\", \"清除缓存成功\\n\", \"清除缓存成功\\n\", \"nohup启动192.168.43.212 7001 的weblogic服务器\\n\", \"nohup启动192.168.43.224 7001 的weblogic服务器\\n\", \"查看192.168.43.224 7001的控制台是否启动。。。\\n\", \"查看192.168.43.212 7001的控制台是否启动。。。\\n\", \"检测过程持续5分钟,请耐心等待！！！\\n\", \"检测过程持续5分钟,请耐心等待！！！\\n\", \"192.168.43.212:7001:服务器启动成功！\\n\", \"192.168.43.212 7001 的服务器所有操作流程执行完毕！！！\\n\", \"192.168.43.224:7001:服务器启动成功！\\n\", \"192.168.43.224 7001 的服务器所有操作流程执行完毕！！！\\n\", \"第二批服务器开始进行升级操作！！！\\n\", \"##############################\\n\", \"当前机器ip为:192.168.43.188###\\n\", \"##############################\\n\", \"服务器：192.168.43.188 7001开始进行启停weblogic操作！\\n\", \"服务器：192.168.43.188 的端口号为:7001\\n\", \"服务器：192.168.43.188 查看进行pid，并杀掉进程\\n\", \"服务器：192.168.43.188 进程号为:13141的进程。中断成功\\n\", \"进入服务器：192.168.43.188 日志缓存目录为：/home/wlgma/yatai/logs并清除缓存\\n\", \"清除缓存成功\\n\", \"nohup启动192.168.43.188 7001 的weblogic服务器\\n\", \"查看192.168.43.188 7001的控制台是否启动。。。\\n\", \"检测过程持续5分钟,请耐心等待！！！\\n\", \"192.168.43.188:7001:服务器启动成功！\\n\", \"192.168.43.188 7001 的服务器所有操作流程执行完毕！！！\\n\", \"当前任务下所有服务器执行命令完成,任务执行成功(^_^)\\\"!\\n\"]', NULL, NULL, NULL, 575);
INSERT INTO `log` VALUES (104, '作业日志576', '[\"开始执行任务\\n\", \"第一批服务器开始进行升级操作！！！\\n\", \"##############################\\n\", \"##############################\\n\", \"当前机器ip为:192.168.43.212###\\n\", \"当前机器ip为:192.168.43.224###\\n\", \"##############################\\n\", \"##############################\\n\", \"服务器：192.168.43.212 7001开始进行启停weblogic操作！\\n\", \"服务器：192.168.43.224 7001开始进行启停weblogic操作！\\n\", \"服务器：192.168.43.224 的端口号为:7001\\n\", \"服务器：192.168.43.224 查看进行pid，并杀掉进程\\n\", \"服务器：192.168.43.212 的端口号为:7001\\n\", \"服务器：192.168.43.212 查看进行pid，并杀掉进程\\n\", \"服务器：192.168.43.224 进程号为:10348的进程。中断成功\\n\", \"服务器：192.168.43.212 进程号为:9383的进程。中断成功\\n\", \"进入服务器：192.168.43.224 日志缓存目录为：/home/wlgma/yatai/logs并清除缓存\\n\", \"进入服务器：192.168.43.212 日志缓存目录为：/home/wlgma/yatai/logs并清除缓存\\n\", \"清除缓存成功\\n\", \"nohup启动192.168.43.224 7001 的weblogic服务器\\n\", \"清除缓存成功\\n\", \"nohup启动192.168.43.212 7001 的weblogic服务器\\n\", \"查看192.168.43.224 7001的控制台是否启动。。。\\n\", \"查看192.168.43.212 7001的控制台是否启动。。。\\n\", \"检测过程持续5分钟,请耐心等待！！！\\n\", \"检测过程持续5分钟,请耐心等待！！！\\n\", \"192.168.43.212:7001:服务器启动成功！\\n\", \"192.168.43.212 7001 的服务器所有操作流程执行完毕！！！\\n\", \"192.168.43.224:7001:服务器启动成功！\\n\", \"192.168.43.224 7001 的服务器所有操作流程执行完毕！！！\\n\", \"第二批服务器开始进行升级操作！！！\\n\", \"##############################\\n\", \"当前机器ip为:192.168.43.188###\\n\", \"##############################\\n\", \"服务器：192.168.43.188 7001开始进行启停weblogic操作！\\n\", \"服务器：192.168.43.188 的端口号为:7001\\n\", \"服务器：192.168.43.188 查看进行pid，并杀掉进程\\n\", \"服务器：192.168.43.188 进程号为:13361的进程。中断成功\\n\", \"进入服务器：192.168.43.188 日志缓存目录为：/home/wlgma/yatai/logs并清除缓存\\n\", \"清除缓存成功\\n\", \"nohup启动192.168.43.188 7001 的weblogic服务器\\n\", \"查看192.168.43.188 7001的控制台是否启动。。。\\n\", \"检测过程持续5分钟,请耐心等待！！！\\n\", \"192.168.43.188:7001:服务器启动成功！\\n\", \"192.168.43.188 7001 的服务器所有操作流程执行完毕！！！\\n\", \"当前任务下所有服务器执行命令完成,任务执行成功(^_^)\\\"!\\n\"]', NULL, NULL, NULL, 576);
INSERT INTO `log` VALUES (105, '作业日志577', '[\"开始执行任务\\n\", \"服务器开始进行备份操作！！！\\n\", \"服务器：192.168.43.212 开始进行备份操作,备份路径为：/home/wlgma/yatai/\\n\", \"服务器：192.168.43.212 开始建立远程连接\\n\", \"服务器：192.168.43.212 备份文件,备份时间: 20190902140329\\n\", \"服务器：192.168.43.212 备份文件路径为：/home/wlgma/yatai/backup2,备份后的路径为：/home/wlgma/yatai/backup2/webapps20190902140329\\n\", \"服务器：192.168.43.212 备份文件路径为：/home/wlgma/yatai/backup,备份后的路径为：/home/wlgma/yatai/backup/webapps20190902140329\\n\", \"服务器开始进行备份操作！！！\\n\", \"服务器：192.168.43.224 开始进行备份操作,备份路径为：/home/wlgma/yatai/\\n\", \"服务器：192.168.43.224 开始建立远程连接\\n\", \"服务器：192.168.43.224 备份文件,备份时间: 20190902140329\\n\", \"服务器：192.168.43.224 备份文件路径为：/home/wlgma/yatai/backup2,备份后的路径为：/home/wlgma/yatai/backup2/webapps20190902140329\\n\", \"服务器：192.168.43.224 备份文件路径为：/home/wlgma/yatai/backup,备份后的路径为：/home/wlgma/yatai/backup/webapps20190902140329\\n\", \"服务器：192.168.43.212 文件备份成功，文件名为:/home/wlgma/yatai/backup2/webapps20190902140329\\n\", \"服务器：192.168.43.212 文件备份成功，文件名为:/home/wlgma/yatai/backup/webapps20190902140329\\n\", \"服务器开始进行备份操作！！！\\n\", \"服务器：192.168.43.224 文件备份成功，文件名为:/home/wlgma/yatai/backup/webapps20190902140329\\n\", \"服务器：192.168.43.188 开始进行备份操作,备份路径为：/home/wlgma/yatai/\\n\", \"服务器：192.168.43.188 开始建立远程连接\\n\", \"服务器：192.168.43.188 备份文件,备份时间: 20190902140329\\n\", \"服务器：192.168.43.188 备份文件路径为：/home/wlgma/yatai/backup2,备份后的路径为：/home/wlgma/yatai/backup2/webapps20190902140329\\n\", \"服务器：192.168.43.188 备份文件路径为：/home/wlgma/yatai/backup,备份后的路径为：/home/wlgma/yatai/backup/webapps20190902140329\\n\", \"第一批服务器开始进行升级操作！！！\\n\", \"##############################\\n\", \"##############################\\n\", \"服务器：192.168.43.224 文件备份成功，文件名为:/home/wlgma/yatai/backup2/webapps20190902140329\\n\", \"当前机器ip为:192.168.43.224###\\n\", \"当前机器ip为:192.168.43.212###\\n\", \"##############################\\n\", \"##############################\\n\", \"第二批服务器开始进行升级操作！！！\\n\", \"##############################\\n\", \"当前机器ip为:192.168.43.188###\\n\", \"##############################\\n\", \"当前任务下所有服务器执行命令完成,任务执行成功(^_^)\\\"!\\n\", \"服务器：192.168.43.188 文件备份成功，文件名为:/home/wlgma/yatai/backup2/webapps20190902140329\\n\", \"服务器：192.168.43.188 文件备份成功，文件名为:/home/wlgma/yatai/backup/webapps20190902140329\\n\", \"开始执行任务\\n\", \"服务器开始进行回滚操作！！！\\n\", \"服务器：192.168.43.212 开始进行回退操作!\\n\", \"服务器：192.168.43.224 开始进行回退操作!\\n\", \"服务器：192.168.43.188 开始进行回退操作!\\n\", \"服务器：192.168.43.224 开始建立远程连接\\n\", \"服务器：192.168.43.212 开始建立远程连接\\n\", \"服务器：192.168.43.188 开始建立远程连接\\n\", \"192.168.43.224 :服务器将备份目录文件/home/wlgma/yatai/backup2/webapps20190902140329移动到应用目录/home/wlgma/yatai/webapps20190902140329\\n\", \"\\n\", \"192.168.43.224 :服务器将/home/wlgma/yatai/webapps修改为/home/wlgma/yatai/webapps_bak20190902140458\\n\", \"\\n\", \"192.168.43.224 :服务器将/home/wlgma/yatai/webapps20190902140329修改成/home/wlgma/yatai/webapps\\n\", \"\\n\", \"192.168.43.212 :服务器将备份目录文件/home/wlgma/yatai/backup2/webapps20190902140329移动到应用目录/home/wlgma/yatai/webapps20190902140329\\n\", \"\\n\", \"192.168.43.212 :服务器将/home/wlgma/yatai/webapps修改为/home/wlgma/yatai/webapps_bak20190902140458\\n\", \"192.168.43.188 :服务器将备份目录文件/home/wlgma/yatai/backup2/webapps20190902140329移动到应用目录/home/wlgma/yatai/webapps20190902140329\\n\", \"\\n\", \"192.168.43.212 :服务器将/home/wlgma/yatai/webapps20190902140329修改成/home/wlgma/yatai/webapps\\n\", \"\\n\", \"192.168.43.188 :服务器将/home/wlgma/yatai/webapps修改为/home/wlgma/yatai/webapps_bak20190902140458\\n\", \"\\n\", \"\\n\", \"192.168.43.188 :服务器将/home/wlgma/yatai/webapps20190902140329修改成/home/wlgma/yatai/webapps\\n\", \"\\n\", \"服务器回滚操作全部完成,开始进行服务器启停操作\\n\", \"第一批服务器开始进行升级操作！！！\\n\", \"##############################\\n\", \"##############################\\n\", \"当前机器ip为:192.168.43.224###\\n\", \"当前机器ip为:192.168.43.212###\\n\", \"##############################\\n\", \"##############################\\n\", \"第二批服务器开始进行升级操作！！！\\n\", \"##############################\\n\", \"当前机器ip为:192.168.43.188###\\n\", \"##############################\\n\", \"当前任务下所有服务器执行命令完成,任务执行成功(^_^)\\\"!\\n\"]', NULL, NULL, NULL, 577);
INSERT INTO `log` VALUES (106, '作业日志578', '[\"开始执行任务\\n\", \"服务器开始进行备份操作！！！\\n\", \"服务器：192.168.43.212 开始进行备份操作,备份路径为：/home/wlgma/yatai/\\n\", \"服务器：192.168.43.212 开始建立远程连接\\n\", \"服务器：192.168.43.212 备份文件,备份时间: 20190902140426\\n\", \"服务器：192.168.43.212 备份文件路径为：/home/wlgma/yatai/backup2,备份后的路径为：/home/wlgma/yatai/backup2/webapps20190902140426\\n\", \"服务器：192.168.43.212 备份文件路径为：/home/wlgma/yatai/backup,备份后的路径为：/home/wlgma/yatai/backup/webapps20190902140426\\n\", \"服务器：192.168.43.212 文件备份成功，文件名为:/home/wlgma/yatai/backup2/webapps20190902140426\\n\", \"服务器：192.168.43.212 文件备份成功，文件名为:/home/wlgma/yatai/backup/webapps20190902140426\\n\", \"服务器开始进行备份操作！！！\\n\", \"服务器：192.168.43.224 开始进行备份操作,备份路径为：/home/wlgma/yatai/\\n\", \"服务器：192.168.43.224 开始建立远程连接\\n\", \"服务器：192.168.43.224 备份文件,备份时间: 20190902140426\\n\", \"服务器：192.168.43.224 备份文件路径为：/home/wlgma/yatai/backup2,备份后的路径为：/home/wlgma/yatai/backup2/webapps20190902140426\\n\", \"服务器：192.168.43.224 备份文件路径为：/home/wlgma/yatai/backup,备份后的路径为：/home/wlgma/yatai/backup/webapps20190902140426\\n\", \"服务器开始进行备份操作！！！\\n\", \"服务器：192.168.43.224 文件备份成功，文件名为:/home/wlgma/yatai/backup2/webapps20190902140426\\n\", \"服务器：192.168.43.224 文件备份成功，文件名为:/home/wlgma/yatai/backup/webapps20190902140426\\n\", \"服务器：192.168.43.188 开始进行备份操作,备份路径为：/home/wlgma/yatai/\\n\", \"服务器：192.168.43.188 开始建立远程连接\\n\", \"服务器：192.168.43.188 备份文件,备份时间: 20190902140426\\n\", \"服务器：192.168.43.188 备份文件路径为：/home/wlgma/yatai/backup2,备份后的路径为：/home/wlgma/yatai/backup2/webapps20190902140426\\n\", \"服务器：192.168.43.188 备份文件路径为：/home/wlgma/yatai/backup,备份后的路径为：/home/wlgma/yatai/backup/webapps20190902140426\\n\", \"第一批服务器开始进行升级操作！！！\\n\", \"##############################\\n\", \"##############################\\n\", \"当前机器ip为:192.168.43.212###\\n\", \"当前机器ip为:192.168.43.224###\\n\", \"服务器：192.168.43.188 文件备份成功，文件名为:/home/wlgma/yatai/backup2/webapps20190902140426\\n\", \"服务器：192.168.43.188 文件备份成功，文件名为:/home/wlgma/yatai/backup/webapps20190902140426\\n\", \"##############################\\n\", \"##############################\\n\", \"第二批服务器开始进行升级操作！！！\\n\", \"##############################\\n\", \"当前机器ip为:192.168.43.188###\\n\", \"##############################\\n\", \"当前任务下所有服务器执行命令完成,任务执行成功(^_^)\\\"!\\n\", \"开始执行任务\\n\", \"服务器开始进行回滚操作！！！\\n\", \"服务器：192.168.43.212 开始进行回退操作!\\n\", \"服务器：192.168.43.224 开始进行回退操作!\\n\", \"服务器：192.168.43.188 开始进行回退操作!\\n\", \"服务器：192.168.43.212 开始建立远程连接\\n\", \"服务器：192.168.43.188 开始建立远程连接\\n\", \"服务器：192.168.43.224 开始建立远程连接\\n\", \"192.168.43.212 :服务器将备份目录文件/home/wlgma/yatai/backup2/webapps20190902140426移动到应用目录/home/wlgma/yatai/webapps20190902140426\\n\", \"\\n\", \"192.168.43.212 :服务器将/home/wlgma/yatai/webapps修改为/home/wlgma/yatai/webapps_bak20190902140551\\n\", \"192.168.43.224 :服务器将备份目录文件/home/wlgma/yatai/backup2/webapps20190902140426移动到应用目录/home/wlgma/yatai/webapps20190902140426\\n\", \"192.168.43.188 :服务器将备份目录文件/home/wlgma/yatai/backup2/webapps20190902140426移动到应用目录/home/wlgma/yatai/webapps20190902140426\\n\", \"\\n\", \"\\n\", \"192.168.43.212 :服务器将/home/wlgma/yatai/webapps20190902140426修改成/home/wlgma/yatai/webapps\\n\", \"192.168.43.224 :服务器将/home/wlgma/yatai/webapps修改为/home/wlgma/yatai/webapps_bak20190902140551\\n\", \"\\n\", \"\\n\", \"\\n\", \"192.168.43.188 :服务器将/home/wlgma/yatai/webapps修改为/home/wlgma/yatai/webapps_bak20190902140551\\n\", \"192.168.43.224 :服务器将/home/wlgma/yatai/webapps20190902140426修改成/home/wlgma/yatai/webapps\\n\", \"\\n\", \"\\n\", \"192.168.43.188 :服务器将/home/wlgma/yatai/webapps20190902140426修改成/home/wlgma/yatai/webapps\\n\", \"\\n\", \"服务器回滚操作全部完成,开始进行服务器启停操作\\n\", \"第一批服务器开始进行升级操作！！！\\n\", \"##############################\\n\", \"##############################\\n\", \"当前机器ip为:192.168.43.224###\\n\", \"当前机器ip为:192.168.43.212###\\n\", \"##############################\\n\", \"##############################\\n\", \"第二批服务器开始进行升级操作！！！\\n\", \"##############################\\n\", \"当前机器ip为:192.168.43.188###\\n\", \"##############################\\n\", \"当前任务下所有服务器执行命令完成,任务执行成功(^_^)\\\"!\\n\"]', NULL, NULL, NULL, 578);
INSERT INTO `log` VALUES (107, '作业日志579', '[\"开始执行任务\\n\", \"服务器开始进行备份操作！！！\\n\", \"服务器：192.168.43.212 开始进行备份操作,备份路径为：/home/wlgma/yatai/\\n\", \"服务器：192.168.43.212 开始建立远程连接\\n\", \"服务器：192.168.43.212 备份文件,备份时间: 20190902141324\\n\", \"服务器：192.168.43.212 备份文件路径为：/home/wlgma/yatai/backup2,备份后的路径为：/home/wlgma/yatai/backup2/webapps20190902141324\\n\", \"服务器：192.168.43.212 备份文件路径为：/home/wlgma/yatai/backup,备份后的路径为：/home/wlgma/yatai/backup/webapps20190902141324\\n\", \"服务器开始进行备份操作！！！\\n\", \"服务器：192.168.43.224 开始进行备份操作,备份路径为：/home/wlgma/yatai/\\n\", \"服务器：192.168.43.224 开始建立远程连接\\n\", \"服务器：192.168.43.212 文件备份成功，文件名为:/home/wlgma/yatai/backup2/webapps20190902141324\\n\", \"服务器：192.168.43.224 备份文件,备份时间: 20190902141324\\n\", \"服务器：192.168.43.224 备份文件路径为：/home/wlgma/yatai/backup2,备份后的路径为：/home/wlgma/yatai/backup2/webapps20190902141324\\n\", \"服务器：192.168.43.224 备份文件路径为：/home/wlgma/yatai/backup,备份后的路径为：/home/wlgma/yatai/backup/webapps20190902141324\\n\", \"服务器：192.168.43.212 文件备份成功，文件名为:/home/wlgma/yatai/backup/webapps20190902141324\\n\", \"服务器开始进行备份操作！！！\\n\", \"服务器：192.168.43.224 文件备份成功，文件名为:/home/wlgma/yatai/backup/webapps20190902141324\\n\", \"服务器：192.168.43.224 文件备份成功，文件名为:/home/wlgma/yatai/backup2/webapps20190902141324\\n\", \"服务器：192.168.43.188 开始进行备份操作,备份路径为：/home/wlgma/yatai/\\n\", \"服务器：192.168.43.188 开始建立远程连接\\n\", \"服务器：192.168.43.188 备份文件,备份时间: 20190902141324\\n\", \"服务器：192.168.43.188 备份文件路径为：/home/wlgma/yatai/backup2,备份后的路径为：/home/wlgma/yatai/backup2/webapps20190902141324\\n\", \"服务器：192.168.43.188 备份文件路径为：/home/wlgma/yatai/backup,备份后的路径为：/home/wlgma/yatai/backup/webapps20190902141324\\n\", \"第一批服务器开始进行升级操作！！！\\n\", \"##############################\\n\", \"##############################\\n\", \"当前机器ip为:192.168.43.212###\\n\", \"当前机器ip为:192.168.43.224###\\n\", \"##############################\\n\", \"##############################\\n\", \"服务器：192.168.43.212 7001开始进行启停weblogic操作！\\n\", \"服务器：192.168.43.224 7001开始进行启停weblogic操作！\\n\", \"服务器：192.168.43.188 文件备份成功，文件名为:/home/wlgma/yatai/backup2/webapps20190902141324\\n\", \"服务器：192.168.43.188 文件备份成功，文件名为:/home/wlgma/yatai/backup/webapps20190902141324\\n\", \"服务器：192.168.43.224 的端口号为:7001\\n\", \"服务器：192.168.43.224 查看进行pid，并杀掉进程\\n\", \"服务器：192.168.43.212 的端口号为:7001\\n\", \"服务器：192.168.43.212 查看进行pid，并杀掉进程\\n\", \"服务器：192.168.43.224 进程号为:10562的进程。中断成功\\n\", \"服务器：192.168.43.212 进程号为:9593的进程。中断成功\\n\", \"进入服务器：192.168.43.224 日志缓存目录为：/home/wlgma/yatai/logs并清除缓存\\n\", \"进入服务器：192.168.43.212 日志缓存目录为：/home/wlgma/yatai/logs并清除缓存\\n\", \"清除缓存成功\\n\", \"nohup启动192.168.43.224 7001 的weblogic服务器\\n\", \"清除缓存成功\\n\", \"nohup启动192.168.43.212 7001 的weblogic服务器\\n\", \"查看192.168.43.224 7001的控制台是否启动。。。\\n\", \"检测过程持续5分钟,请耐心等待！！！\\n\", \"查看192.168.43.212 7001的控制台是否启动。。。\\n\", \"检测过程持续5分钟,请耐心等待！！！\\n\", \"192.168.43.212:7001:服务器启动成功！\\n\", \"192.168.43.212 7001 的服务器所有操作流程执行完毕！！！\\n\", \"192.168.43.224:7001:服务器启动成功！\\n\", \"192.168.43.224 7001 的服务器所有操作流程执行完毕！！！\\n\", \"第二批服务器开始进行升级操作！！！\\n\", \"##############################\\n\", \"当前机器ip为:192.168.43.188###\\n\", \"##############################\\n\", \"服务器：192.168.43.188 7001开始进行启停weblogic操作！\\n\", \"服务器：192.168.43.188 的端口号为:7001\\n\", \"服务器：192.168.43.188 查看进行pid，并杀掉进程\\n\", \"服务器：192.168.43.188 进程号为:13554的进程。中断成功\\n\", \"进入服务器：192.168.43.188 日志缓存目录为：/home/wlgma/yatai/logs并清除缓存\\n\", \"清除缓存成功\\n\", \"nohup启动192.168.43.188 7001 的weblogic服务器\\n\", \"查看192.168.43.188 7001的控制台是否启动。。。\\n\", \"检测过程持续5分钟,请耐心等待！！！\\n\", \"192.168.43.188:7001:服务器启动成功！\\n\", \"192.168.43.188 7001 的服务器所有操作流程执行完毕！！！\\n\", \"当前任务下所有服务器执行命令完成,任务执行成功(^_^)\\\"!\\n\", \"开始执行任务\\n\", \"服务器开始进行回滚操作！！！\\n\", \"服务器：192.168.43.212 开始进行回退操作!\\n\", \"服务器：192.168.43.224 开始进行回退操作!\\n\", \"服务器：192.168.43.188 开始进行回退操作!\\n\", \"服务器：192.168.43.212 开始建立远程连接\\n\", \"服务器：192.168.43.188 开始建立远程连接\\n\", \"服务器：192.168.43.224 开始建立远程连接\\n\", \"192.168.43.188 :服务器将备份目录文件/home/wlgma/yatai/backup2/webapps20190902141324移动到应用目录/home/wlgma/yatai/webapps20190902141324\\n\", \"192.168.43.212 :服务器将备份目录文件/home/wlgma/yatai/backup2/webapps20190902141324移动到应用目录/home/wlgma/yatai/webapps20190902141324\\n\", \"\\n\", \"192.168.43.224 :服务器将备份目录文件/home/wlgma/yatai/backup2/webapps20190902141324移动到应用目录/home/wlgma/yatai/webapps20190902141324\\n\", \"192.168.43.188 :服务器将/home/wlgma/yatai/webapps修改为/home/wlgma/yatai/webapps_bak20190902141419\\n\", \"\\n\", \"192.168.43.212 :服务器将/home/wlgma/yatai/webapps修改为/home/wlgma/yatai/webapps_bak20190902141419\\n\", \"\\n\", \"\\n\", \"192.168.43.188 :服务器将/home/wlgma/yatai/webapps20190902141324修改成/home/wlgma/yatai/webapps\\n\", \"192.168.43.224 :服务器将/home/wlgma/yatai/webapps修改为/home/wlgma/yatai/webapps_bak20190902141419\\n\", \"\\n\", \"192.168.43.212 :服务器将/home/wlgma/yatai/webapps20190902141324修改成/home/wlgma/yatai/webapps\\n\", \"\\n\", \"\\n\", \"192.168.43.224 :服务器将/home/wlgma/yatai/webapps20190902141324修改成/home/wlgma/yatai/webapps\\n\", \"\\n\", \"\\n\", \"服务器回滚操作全部完成,开始进行服务器启停操作\\n\", \"第一批服务器开始进行升级操作！！！\\n\", \"##############################\\n\", \"##############################\\n\", \"当前机器ip为:192.168.43.212###\\n\", \"当前机器ip为:192.168.43.224###\\n\", \"##############################\\n\", \"##############################\\n\", \"服务器：192.168.43.212 7001开始进行启停weblogic操作！\\n\", \"服务器：192.168.43.224 7001开始进行启停weblogic操作！\\n\", \"服务器：192.168.43.224 的端口号为:7001\\n\", \"服务器：192.168.43.224 查看进行pid，并杀掉进程\\n\", \"服务器：192.168.43.212 的端口号为:7001\\n\", \"服务器：192.168.43.212 查看进行pid，并杀掉进程\\n\", \"服务器：192.168.43.224 进程号为:11163的进程。中断成功\\n\", \"服务器：192.168.43.212 进程号为:10142的进程。中断成功\\n\", \"进入服务器：192.168.43.224 日志缓存目录为：/home/wlgma/yatai/logs并清除缓存\\n\", \"进入服务器：192.168.43.212 日志缓存目录为：/home/wlgma/yatai/logs并清除缓存\\n\", \"清除缓存成功\\n\", \"nohup启动192.168.43.224 7001 的weblogic服务器\\n\", \"清除缓存成功\\n\", \"nohup启动192.168.43.212 7001 的weblogic服务器\\n\", \"查看192.168.43.224 7001的控制台是否启动。。。\\n\", \"检测过程持续5分钟,请耐心等待！！！\\n\", \"查看192.168.43.212 7001的控制台是否启动。。。\\n\", \"检测过程持续5分钟,请耐心等待！！！\\n\", \"192.168.43.224:7001:服务器启动成功！\\n\", \"192.168.43.212:7001:服务器启动成功！\\n\", \"192.168.43.224 7001 的服务器所有操作流程执行完毕！！！\\n\", \"192.168.43.212 7001 的服务器所有操作流程执行完毕！！！\\n\", \"第二批服务器开始进行升级操作！！！\\n\", \"##############################\\n\", \"当前机器ip为:192.168.43.188###\\n\", \"##############################\\n\", \"服务器：192.168.43.188 7001开始进行启停weblogic操作！\\n\", \"服务器：192.168.43.188 的端口号为:7001\\n\", \"服务器：192.168.43.188 查看进行pid，并杀掉进程\\n\", \"服务器：192.168.43.188 进程号为:13965的进程。中断成功\\n\", \"进入服务器：192.168.43.188 日志缓存目录为：/home/wlgma/yatai/logs并清除缓存\\n\", \"清除缓存成功\\n\", \"nohup启动192.168.43.188 7001 的weblogic服务器\\n\", \"查看192.168.43.188 7001的控制台是否启动。。。\\n\", \"检测过程持续5分钟,请耐心等待！！！\\n\", \"192.168.43.188:7001:服务器启动成功！\\n\", \"192.168.43.188 7001 的服务器所有操作流程执行完毕！！！\\n\", \"当前任务下所有服务器执行命令完成,任务执行成功(^_^)\\\"!\\n\"]', NULL, NULL, NULL, 579);
INSERT INTO `log` VALUES (108, '作业日志580', '[\"开始执行任务\\n\", \"服务器开始进行备份操作！！！\\n\", \"服务器：192.168.43.212 开始进行备份操作,备份路径为：/home/wlgma/yatai/\\n\", \"服务器：192.168.43.212 开始建立远程连接\\n\", \"服务器：192.168.43.212 备份文件,备份时间: 20190902141629\\n\", \"服务器：192.168.43.212 备份文件路径为：/home/wlgma/yatai/backup2,备份后的路径为：/home/wlgma/yatai/backup2/webapps20190902141629\\n\", \"服务器：192.168.43.212 备份文件路径为：/home/wlgma/yatai/backup,备份后的路径为：/home/wlgma/yatai/backup/webapps20190902141629\\n\", \"将打包文件上到到远程公共目\\n\", \"服务器：192.168.43.212 文件备份成功，文件名为:/home/wlgma/yatai/backup/webapps20190902141629\\n\", \"服务器：192.168.43.212 文件备份成功，文件名为:/home/wlgma/yatai/backup2/webapps20190902141629\\n\", \"jar包成功上传至目标机器192.168.43.212路径为:/home/wlgma/yatai/\\n\", \"开始解压文件进行增量升级\\n\", \"创建：META-INF/\\n  解压 META-INF/MANIFEST.MF\\n  解压 webapps/template/ftl/SpecificPolicyContract0923(5).ftl\\n  解压 webapps/WEB-INF/classes/resources/ApplicationResourcesGC.properties\\n  解压 webapps/WEB-INF/classes/resources/ApplicationResourcesGC_zh_CN.properties\\n  解压 webapps/WEB-INF/classes/resources/ApplicationResourcesGC_zh_HK.properties\\n展开：webapps/WEB-INF/classes/resources/ApplicationResourcesGW.properties\\n  解压 webapps/WEB-INF/classes/resources/ApplicationResourcesGW_zh_CN.properties\\n展开：webapps/WEB-INF/classes/resources/ApplicationResourcesGW_zh_HK.properties\\n展开：webapps/WEB-INF/classes/resources/ApplicationResourcesGD.properties\\n展开：webapps/WEB-INF/classes/resources/ApplicationResourcesGD_zh_CN.properties\\n展开：webapps/WEB-INF/classes/resources/ApplicationResourcesGD_zh_HK.properties\\n展开：webapps/WEB-INF/classes/resources/ApplicationResourcesGE.properties\\n展开：webapps/WEB-INF/classes/resources/ApplicationResourcesGE_zh_CN.properties\\n展开：webapps/WEB-INF/classes/resources/ApplicationResourcesGE_zh_HK.properties\\n  解压 webapps/WEB-INF/classes/resources/ApplicationResourcesGG_en_US.properties\\n  解压 webapps/WEB-INF/classes/resources/ApplicationResourcesGG_zh_CN.properties\\n  解压 webapps/WEB-INF/classes/resources/ApplicationResourcesGG_zh_HK.properties\\n展开：webapps/WEB-INF/classes/resources/ApplicationResourcesGP.properties\\n  解压 webapps/WEB-INF/classes/resources/ApplicationResourcesGP_zh_CN.properties\\n  解压 webapps/WEB-INF/classes/resources/ApplicationResourcesGP_zh_HK.properties\\n  解压 webapps/WEB-INF/classes/resources/ApplicationResourcesGP_en_US.properties\\n展开：webapps/WEB-INF/classes/resources/ApplicationResourcesGR.properties\\n  解压 webapps/WEB-INF/classes/resources/ApplicationResourcesGR_zh_CN.properties\\n  解压 webapps/WEB-INF/classes/resources/ApplicationResourcesGR_zh_HK.properties\\n  解压 webapps/WEB-INF/classes/resources/ApplicationResourcesGS.properties\\n  解压 webapps/WEB-INF/classes/resources/ApplicationResourcesGS_zh_CN.properties\\n  解压 webapps/WEB-INF/classes/resources/ApplicationResourcesGS_zh_HK.properties\\n展开：webapps/WEB-INF/classes/resources/ApplicationResourcesGU.properties\\n  解压 webapps/WEB-INF/classes/resources/ApplicationResourcesGU_zh_CN.properties\\n  解压 webapps/WEB-INF/classes/resources/ApplicationResourcesGU_zh_HK.properties\\n  解压 webapps/WEB-INF/classes/resources/ApplicationResourcesPUB_en_US.properties\\n  解压 webapps/WEB-INF/classes/resources/ApplicationResourcesPUB_zh_CN.properties\\n  解压 webapps/WEB-INF/classes/resources/ApplicationResourcesPUB_zh_HK.properties\\n展开：webapps/WEB-INF/classes/resources/ApplicationResourcesSQ_en_US.properties\\n展开：webapps/WEB-INF/classes/resources/ApplicationResourcesSQ_zh_CN.properties\\n展开：webapps/WEB-INF/classes/resources/ApplicationResourcesSQ_zh_HK.properties\\n0\\n\", \"第一批服务器开始进行升级操作！！！\\n\", \"##############################\\n\", \"##############################\\n\", \"当前机器ip为:192.168.43.224###\\n\", \"当前机器ip为:192.168.43.212###\\n\", \"##############################\\n\", \"##############################\\n\", \"服务器：192.168.43.224 7001开始进行启停weblogic操作！\\n\", \"服务器：192.168.43.212 7001开始进行启停weblogic操作！\\n\", \"服务器：192.168.43.224 的端口号为:7001\\n\", \"服务器：192.168.43.224 查看进行pid，并杀掉进程\\n\", \"服务器：192.168.43.212 的端口号为:7001\\n\", \"服务器：192.168.43.212 查看进行pid，并杀掉进程\\n\", \"服务器：192.168.43.224 进程号为:11410的进程。中断成功\\n\", \"服务器：192.168.43.212 进程号为:10372的进程。中断成功\\n\", \"进入服务器：192.168.43.224 日志缓存目录为：/home/wlgma/yatai/logs并清除缓存\\n\", \"进入服务器：192.168.43.212 日志缓存目录为：/home/wlgma/yatai/logs并清除缓存\\n\", \"清除缓存成功\\n\", \"nohup启动192.168.43.224 7001 的weblogic服务器\\n\", \"清除缓存成功\\n\", \"nohup启动192.168.43.212 7001 的weblogic服务器\\n\", \"查看192.168.43.224 7001的控制台是否启动。。。\\n\", \"检测过程持续5分钟,请耐心等待！！！\\n\", \"查看192.168.43.212 7001的控制台是否启动。。。\\n\", \"检测过程持续5分钟,请耐心等待！！！\\n\", \"192.168.43.224:7001:服务器启动成功！\\n\", \"192.168.43.224 7001 的服务器所有操作流程执行完毕！！！\\n\", \"192.168.43.212:7001:服务器启动成功！\\n\", \"192.168.43.212 7001 的服务器所有操作流程执行完毕！！！\\n\", \"第二批服务器开始进行升级操作！！！\\n\", \"##############################\\n\", \"当前机器ip为:192.168.43.188###\\n\", \"##############################\\n\", \"服务器：192.168.43.188 7001开始进行启停weblogic操作！\\n\", \"服务器：192.168.43.188 的端口号为:7001\\n\", \"服务器：192.168.43.188 查看进行pid，并杀掉进程\\n\", \"服务器：192.168.43.188 进程号为:14157的进程。中断成功\\n\", \"进入服务器：192.168.43.188 日志缓存目录为：/home/wlgma/yatai/logs并清除缓存\\n\", \"清除缓存成功\\n\", \"nohup启动192.168.43.188 7001 的weblogic服务器\\n\", \"查看192.168.43.188 7001的控制台是否启动。。。\\n\", \"检测过程持续5分钟,请耐心等待！！！\\n\", \"192.168.43.188:7001:服务器启动成功！\\n\", \"192.168.43.188 7001 的服务器所有操作流程执行完毕！！！\\n\", \"当前任务下所有服务器执行命令完成,任务执行成功(^_^)\\\"!\\n\", \"开始执行任务\\n\", \"服务器开始进行回滚操作！！！\\n\", \"服务器：192.168.43.212 开始进行回退操作!\\n\", \"服务器：192.168.43.224 开始进行回退操作!\\n\", \"服务器：192.168.43.188 开始进行回退操作!\\n\", \"服务器：192.168.43.212 开始建立远程连接\\n\", \"服务器：192.168.43.188 开始建立远程连接\\n\", \"服务器：192.168.43.224 开始建立远程连接\\n\", \"192.168.43.224 :服务器将备份目录文件/home/wlgma/yatai/backup2/webapps20190902141629移动到应用目录/home/wlgma/yatai/webapps20190902141629\\n\", \"cp: 鏃犳硶鑾峰彇\\\"/home/wlgma/yatai/backup2/webapps20190902141629\\\" 鐨勬枃浠剁姸鎬(stat): 娌℃湁閭ｄ釜鏂囦欢鎴栫洰褰\\n\", \"192.168.43.212 :服务器将备份目录文件/home/wlgma/yatai/backup2/webapps20190902141629移动到应用目录/home/wlgma/yatai/webapps20190902141629\\n\", \"\\n\", \"192.168.43.212 :服务器将/home/wlgma/yatai/webapps修改为/home/wlgma/yatai/webapps_bak20190902142345\\n\", \"192.168.43.188 :服务器将备份目录文件/home/wlgma/yatai/backup2/webapps20190902141629移动到应用目录/home/wlgma/yatai/webapps20190902141629\\n\", \"\\n\", \"192.168.43.212 :服务器将/home/wlgma/yatai/webapps20190902141629修改成/home/wlgma/yatai/webapps\\n\", \"cp: 鏃犳硶鑾峰彇\\\"/home/wlgma/yatai/backup2/webapps20190902141629\\\" 鐨勬枃浠剁姸鎬(stat): 娌℃湁閭ｄ釜鏂囦欢鎴栫洰褰\\n\", \"\\n\", \"服务器回滚操作全部完成,开始进行服务器启停操作\\n\", \"第一批服务器开始进行升级操作！！！\\n\", \"##############################\\n\", \"##############################\\n\", \"当前机器ip为:192.168.43.224###\\n\", \"当前机器ip为:192.168.43.212###\\n\", \"##############################\\n\", \"##############################\\n\", \"服务器：192.168.43.224 7001开始进行启停weblogic操作！\\n\", \"服务器：192.168.43.212 7001开始进行启停weblogic操作！\\n\", \"服务器：192.168.43.224 的端口号为:7001\\n\", \"服务器：192.168.43.224 查看进行pid，并杀掉进程\\n\", \"服务器：192.168.43.212 的端口号为:7001\\n\", \"服务器：192.168.43.212 查看进行pid，并杀掉进程\\n\", \"服务器：192.168.43.224 进程号为:11626的进程。中断成功\\n\", \"服务器：192.168.43.212 进程号为:10641的进程。中断成功\\n\", \"进入服务器：192.168.43.224 日志缓存目录为：/home/wlgma/yatai/logs并清除缓存\\n\", \"进入服务器：192.168.43.212 日志缓存目录为：/home/wlgma/yatai/logs并清除缓存\\n\", \"清除缓存成功\\n\", \"nohup启动192.168.43.224 7001 的weblogic服务器\\n\", \"清除缓存成功\\n\", \"nohup启动192.168.43.212 7001 的weblogic服务器\\n\", \"查看192.168.43.224 7001的控制台是否启动。。。\\n\", \"检测过程持续5分钟,请耐心等待！！！\\n\", \"查看192.168.43.212 7001的控制台是否启动。。。\\n\", \"检测过程持续5分钟,请耐心等待！！！\\n\", \"192.168.43.224:7001:服务器启动成功！\\n\", \"192.168.43.212:7001:服务器启动成功！\\n\", \"192.168.43.224 7001 的服务器所有操作流程执行完毕！！！\\n\", \"192.168.43.212 7001 的服务器所有操作流程执行完毕！！！\\n\", \"第二批服务器开始进行升级操作！！！\\n\", \"##############################\\n\", \"当前机器ip为:192.168.43.188###\\n\", \"##############################\\n\", \"服务器：192.168.43.188 7001开始进行启停weblogic操作！\\n\", \"服务器：192.168.43.188 的端口号为:7001\\n\", \"服务器：192.168.43.188 查看进行pid，并杀掉进程\\n\", \"服务器：192.168.43.188 进程号为:14309的进程。中断成功\\n\", \"进入服务器：192.168.43.188 日志缓存目录为：/home/wlgma/yatai/logs并清除缓存\\n\", \"清除缓存成功\\n\", \"nohup启动192.168.43.188 7001 的weblogic服务器\\n\", \"查看192.168.43.188 7001的控制台是否启动。。。\\n\", \"检测过程持续5分钟,请耐心等待！！！\\n\", \"192.168.43.188:7001:服务器启动成功！\\n\", \"192.168.43.188 7001 的服务器所有操作流程执行完毕！！！\\n\", \"当前任务下所有服务器执行命令完成,任务执行成功(^_^)\\\"!\\n\"]', NULL, NULL, NULL, 580);
INSERT INTO `log` VALUES (109, '作业日志581', '[\"开始执行任务\\n\", \"服务器开始进行备份操作！！！\\n\", \"服务器：192.168.43.212 开始进行备份操作,备份路径为：/home/wlgma/yatai/\\n\", \"服务器：192.168.43.212 开始建立远程连接\\n\", \"服务器：192.168.43.212 备份文件,备份时间: 20190902142722\\n\", \"服务器：192.168.43.212 备份文件路径为：/home/wlgma/yatai/backup2,备份后的路径为：/home/wlgma/yatai/backup2/webapps20190902142722\\n\", \"服务器：192.168.43.212 备份文件路径为：/home/wlgma/yatai/backup,备份后的路径为：/home/wlgma/yatai/backup/webapps20190902142722\\n\", \"将打包文件上到到远程公共目\\n\", \"服务器：192.168.43.212 文件备份成功，文件名为:/home/wlgma/yatai/backup/webapps20190902142722\\n\", \"服务器：192.168.43.212 文件备份成功，文件名为:/home/wlgma/yatai/backup2/webapps20190902142722\\n\", \"jar包成功上传至目标机器192.168.43.212路径为:/home/wlgma/yatai/\\n\", \"开始解压文件进行增量升级\\n\", \"创建：META-INF/\\n  解压 META-INF/MANIFEST.MF\\n  解压 webapps/template/ftl/SpecificPolicyContract0923(5).ftl\\n  解压 webapps/WEB-INF/classes/resources/ApplicationResourcesGC.properties\\n  解压 webapps/WEB-INF/classes/resources/ApplicationResourcesGC_zh_CN.properties\\n  解压 webapps/WEB-INF/classes/resources/ApplicationResourcesGC_zh_HK.properties\\n展开：webapps/WEB-INF/classes/resources/ApplicationResourcesGW.properties\\n  解压 webapps/WEB-INF/classes/resources/ApplicationResourcesGW_zh_CN.properties\\n展开：webapps/WEB-INF/classes/resources/ApplicationResourcesGW_zh_HK.properties\\n展开：webapps/WEB-INF/classes/resources/ApplicationResourcesGD.properties\\n展开：webapps/WEB-INF/classes/resources/ApplicationResourcesGD_zh_CN.properties\\n展开：webapps/WEB-INF/classes/resources/ApplicationResourcesGD_zh_HK.properties\\n展开：webapps/WEB-INF/classes/resources/ApplicationResourcesGE.properties\\n展开：webapps/WEB-INF/classes/resources/ApplicationResourcesGE_zh_CN.properties\\n展开：webapps/WEB-INF/classes/resources/ApplicationResourcesGE_zh_HK.properties\\n  解压 webapps/WEB-INF/classes/resources/ApplicationResourcesGG_en_US.properties\\n  解压 webapps/WEB-INF/classes/resources/ApplicationResourcesGG_zh_CN.properties\\n  解压 webapps/WEB-INF/classes/resources/ApplicationResourcesGG_zh_HK.properties\\n展开：webapps/WEB-INF/classes/resources/ApplicationResourcesGP.properties\\n  解压 webapps/WEB-INF/classes/resources/ApplicationResourcesGP_zh_CN.properties\\n  解压 webapps/WEB-INF/classes/resources/ApplicationResourcesGP_zh_HK.properties\\n  解压 webapps/WEB-INF/classes/resources/ApplicationResourcesGP_en_US.properties\\n展开：webapps/WEB-INF/classes/resources/ApplicationResourcesGR.properties\\n  解压 webapps/WEB-INF/classes/resources/ApplicationResourcesGR_zh_CN.properties\\n  解压 webapps/WEB-INF/classes/resources/ApplicationResourcesGR_zh_HK.properties\\n  解压 webapps/WEB-INF/classes/resources/ApplicationResourcesGS.properties\\n  解压 webapps/WEB-INF/classes/resources/ApplicationResourcesGS_zh_CN.properties\\n  解压 webapps/WEB-INF/classes/resources/ApplicationResourcesGS_zh_HK.properties\\n展开：webapps/WEB-INF/classes/resources/ApplicationResourcesGU.properties\\n  解压 webapps/WEB-INF/classes/resources/ApplicationResourcesGU_zh_CN.properties\\n  解压 webapps/WEB-INF/classes/resources/ApplicationResourcesGU_zh_HK.properties\\n  解压 webapps/WEB-INF/classes/resources/ApplicationResourcesPUB_en_US.properties\\n  解压 webapps/WEB-INF/classes/resources/ApplicationResourcesPUB_zh_CN.properties\\n  解压 webapps/WEB-INF/classes/resources/ApplicationResourcesPUB_zh_HK.properties\\n展开：webapps/WEB-INF/classes/resources/ApplicationResourcesSQ_en_US.properties\\n展开：webapps/WEB-INF/classes/resources/ApplicationResourcesSQ_zh_CN.properties\\n展开：webapps/WEB-INF/classes/resources/ApplicationResourcesSQ_zh_HK.properties\\n0\\n\", \"第一批服务器开始进行升级操作！！！\\n\", \"##############################\\n\", \"##############################\\n\", \"当前机器ip为:192.168.43.212###\\n\", \"当前机器ip为:192.168.43.224###\\n\", \"##############################\\n\", \"##############################\\n\", \"服务器：192.168.43.212 7001开始进行启停weblogic操作！\\n\", \"服务器：192.168.43.224 7001开始进行启停weblogic操作！\\n\", \"服务器：192.168.43.224 的端口号为:7001\\n\", \"服务器：192.168.43.224 查看进行pid，并杀掉进程\\n\", \"服务器：192.168.43.212 的端口号为:7001\\n\", \"服务器：192.168.43.212 查看进行pid，并杀掉进程\\n\", \"服务器：192.168.43.224 进程号为:11919的进程。中断成功\\n\", \"服务器：192.168.43.212 进程号为:10899的进程。中断成功\\n\", \"进入服务器：192.168.43.224 日志缓存目录为：/home/wlgma/yatai/logs并清除缓存\\n\", \"进入服务器：192.168.43.212 日志缓存目录为：/home/wlgma/yatai/logs并清除缓存\\n\", \"清除缓存成功\\n\", \"nohup启动192.168.43.224 7001 的weblogic服务器\\n\", \"清除缓存成功\\n\", \"nohup启动192.168.43.212 7001 的weblogic服务器\\n\", \"查看192.168.43.224 7001的控制台是否启动。。。\\n\", \"检测过程持续5分钟,请耐心等待！！！\\n\", \"查看192.168.43.212 7001的控制台是否启动。。。\\n\", \"检测过程持续5分钟,请耐心等待！！！\\n\", \"192.168.43.212:7001:服务器启动成功！\\n\", \"192.168.43.212 7001 的服务器所有操作流程执行完毕！！！\\n\", \"192.168.43.224:7001:服务器启动成功！\\n\", \"192.168.43.224 7001 的服务器所有操作流程执行完毕！！！\\n\", \"第二批服务器开始进行升级操作！！！\\n\", \"##############################\\n\", \"当前机器ip为:192.168.43.188###\\n\", \"##############################\\n\", \"服务器：192.168.43.188 7001开始进行启停weblogic操作！\\n\", \"服务器：192.168.43.188 的端口号为:7001\\n\", \"服务器：192.168.43.188 查看进行pid，并杀掉进程\\n\", \"服务器：192.168.43.188 进程号为:14563的进程。中断成功\\n\", \"进入服务器：192.168.43.188 日志缓存目录为：/home/wlgma/yatai/logs并清除缓存\\n\", \"清除缓存成功\\n\", \"nohup启动192.168.43.188 7001 的weblogic服务器\\n\", \"查看192.168.43.188 7001的控制台是否启动。。。\\n\", \"检测过程持续5分钟,请耐心等待！！！\\n\", \"192.168.43.188:7001:服务器启动成功！\\n\", \"192.168.43.188 7001 的服务器所有操作流程执行完毕！！！\\n\", \"当前任务下所有服务器执行命令完成,任务执行成功(^_^)\\\"!\\n\", \"开始执行任务\\n\", \"服务器开始进行回滚操作！！！\\n\", \"服务器：192.168.43.212 开始进行回退操作!\\n\", \"服务器：192.168.43.224 开始进行回退操作!\\n\", \"服务器：192.168.43.188 开始进行回退操作!\\n\", \"服务器：192.168.43.212 开始建立远程连接\\n\", \"服务器：192.168.43.188 开始建立远程连接\\n\", \"服务器：192.168.43.224 开始建立远程连接\\n\", \"192.168.43.212 :服务器将备份目录文件/home/wlgma/yatai/backup2/webapps20190902142722移动到应用目录/home/wlgma/yatai/webapps20190902142722\\n\", \"\\n\", \"192.168.43.224 :服务器将备份目录文件/home/wlgma/yatai/backup2/webapps20190902142722移动到应用目录/home/wlgma/yatai/webapps20190902142722\\n\", \"192.168.43.212 :服务器将/home/wlgma/yatai/webapps修改为/home/wlgma/yatai/webapps_bak20190902142800\\n\", \"192.168.43.188 :服务器将备份目录文件/home/wlgma/yatai/backup2/webapps20190902142722移动到应用目录/home/wlgma/yatai/webapps20190902142722\\n\", \"\\n\", \"192.168.43.212 :服务器将/home/wlgma/yatai/webapps20190902142722修改成/home/wlgma/yatai/webapps\\n\", \"cp: 无法获取\\\"/home/wlgma/yatai/backup2/webapps20190902142722\\\" 的文件状态(stat): 没有那个文件或目录\\n\\n\", \"cp: 无法获取\\\"/home/wlgma/yatai/backup2/webapps20190902142722\\\" 的文件状态(stat): 没有那个文件或目录\\n\\n\", \"\\n\", \"服务器回滚操作全部完成,开始进行服务器启停操作\\n\", \"第一批服务器开始进行升级操作！！！\\n\", \"##############################\\n\", \"##############################\\n\", \"当前机器ip为:192.168.43.212###\\n\", \"当前机器ip为:192.168.43.224###\\n\", \"##############################\\n\", \"##############################\\n\", \"服务器：192.168.43.212 7001开始进行启停weblogic操作！\\n\", \"服务器：192.168.43.224 7001开始进行启停weblogic操作！\\n\", \"服务器：192.168.43.224 的端口号为:7001\\n\", \"服务器：192.168.43.224 查看进行pid，并杀掉进程\\n\", \"服务器：192.168.43.212 的端口号为:7001\\n\", \"服务器：192.168.43.212 查看进行pid，并杀掉进程\\n\", \"服务器：192.168.43.212 进程号为:11178的进程。中断成功\\n\", \"服务器：192.168.43.224 进程号为:12164的进程。中断成功\\n\", \"进入服务器：192.168.43.212 日志缓存目录为：/home/wlgma/yatai/logs并清除缓存\\n\", \"进入服务器：192.168.43.224 日志缓存目录为：/home/wlgma/yatai/logs并清除缓存\\n\", \"清除缓存成功\\n\", \"清除缓存成功\\n\", \"nohup启动192.168.43.212 7001 的weblogic服务器\\n\", \"nohup启动192.168.43.224 7001 的weblogic服务器\\n\", \"查看192.168.43.224 7001的控制台是否启动。。。\\n\", \"查看192.168.43.212 7001的控制台是否启动。。。\\n\", \"检测过程持续5分钟,请耐心等待！！！\\n\", \"检测过程持续5分钟,请耐心等待！！！\\n\", \"192.168.43.212:7001:服务器启动成功！\\n\", \"192.168.43.212 7001 的服务器所有操作流程执行完毕！！！\\n\", \"192.168.43.224:7001:服务器启动成功！\\n\", \"192.168.43.224 7001 的服务器所有操作流程执行完毕！！！\\n\", \"第二批服务器开始进行升级操作！！！\\n\", \"##############################\\n\", \"当前机器ip为:192.168.43.188###\\n\", \"##############################\\n\", \"服务器：192.168.43.188 7001开始进行启停weblogic操作！\\n\", \"服务器：192.168.43.188 的端口号为:7001\\n\", \"服务器：192.168.43.188 查看进行pid，并杀掉进程\\n\", \"服务器：192.168.43.188 进程号为:14734的进程。中断成功\\n\", \"进入服务器：192.168.43.188 日志缓存目录为：/home/wlgma/yatai/logs并清除缓存\\n\", \"清除缓存成功\\n\", \"nohup启动192.168.43.188 7001 的weblogic服务器\\n\", \"查看192.168.43.188 7001的控制台是否启动。。。\\n\", \"检测过程持续5分钟,请耐心等待！！！\\n\", \"192.168.43.188:7001:服务器启动成功！\\n\", \"192.168.43.188 7001 的服务器所有操作流程执行完毕！！！\\n\", \"当前任务下所有服务器执行命令完成,任务执行成功(^_^)\\\"!\\n\"]', NULL, NULL, NULL, 581);
INSERT INTO `log` VALUES (110, '作业日志582', '[\"开始执行任务\\n\", \"服务器开始进行备份操作！！！\\n\", \"服务器：192.168.43.212 开始进行备份操作,备份路径为：/home/wlgma/yatai/\\n\", \"服务器：192.168.43.212 开始建立远程连接\\n\", \"服务器：192.168.43.212 备份文件,备份时间: 20190902143354\\n\", \"服务器：192.168.43.212 备份文件路径为：/home/wlgma/yatai/backup2,备份后的路径为：/home/wlgma/yatai/backup2/webapps20190902143354\\n\", \"服务器：192.168.43.212 备份文件路径为：/home/wlgma/yatai/backup,备份后的路径为：/home/wlgma/yatai/backup/webapps20190902143354\\n\", \"第一批服务器开始进行升级操作！！！\\n\", \"##############################\\n\", \"##############################\\n\", \"当前机器ip为:192.168.43.224###\\n\", \"当前机器ip为:192.168.43.212###\\n\", \"##############################\\n\", \"服务器：192.168.43.212 文件备份成功，文件名为:/home/wlgma/yatai/backup/webapps20190902143354\\n\", \"##############################\\n\", \"服务器：192.168.43.224 7001开始进行启停weblogic操作！\\n\", \"服务器：192.168.43.212 文件备份成功，文件名为:/home/wlgma/yatai/backup2/webapps20190902143354\\n\", \"服务器：192.168.43.212 7001开始进行启停weblogic操作！\\n\", \"服务器：192.168.43.224 的端口号为:7001\\n\", \"服务器：192.168.43.224 查看进行pid，并杀掉进程\\n\", \"服务器：192.168.43.212 的端口号为:7001\\n\", \"服务器：192.168.43.212 查看进行pid，并杀掉进程\\n\", \"服务器：192.168.43.224 进程号为:12392的进程。中断成功\\n\", \"服务器：192.168.43.212 进程号为:11434的进程。中断成功\\n\", \"进入服务器：192.168.43.224 日志缓存目录为：/home/wlgma/yatai/logs并清除缓存\\n\", \"进入服务器：192.168.43.212 日志缓存目录为：/home/wlgma/yatai/logs并清除缓存\\n\", \"清除缓存成功\\n\", \"清除缓存成功\\n\", \"nohup启动192.168.43.212 7001 的weblogic服务器\\n\", \"nohup启动192.168.43.224 7001 的weblogic服务器\\n\", \"查看192.168.43.212 7001的控制台是否启动。。。\\n\", \"查看192.168.43.224 7001的控制台是否启动。。。\\n\", \"检测过程持续5分钟,请耐心等待！！！\\n\", \"检测过程持续5分钟,请耐心等待！！！\\n\", \"192.168.43.212:7001:服务器启动成功！\\n\", \"192.168.43.212 7001 的服务器所有操作流程执行完毕！！！\\n\", \"192.168.43.224:7001:服务器启动成功！\\n\", \"192.168.43.224 7001 的服务器所有操作流程执行完毕！！！\\n\", \"第二批服务器开始进行升级操作！！！\\n\", \"##############################\\n\", \"当前机器ip为:192.168.43.188###\\n\", \"##############################\\n\", \"服务器：192.168.43.188 7001开始进行启停weblogic操作！\\n\", \"服务器：192.168.43.188 的端口号为:7001\\n\", \"服务器：192.168.43.188 查看进行pid，并杀掉进程\\n\", \"服务器：192.168.43.188 进程号为:14925的进程。中断成功\\n\", \"进入服务器：192.168.43.188 日志缓存目录为：/home/wlgma/yatai/logs并清除缓存\\n\", \"清除缓存成功\\n\", \"nohup启动192.168.43.188 7001 的weblogic服务器\\n\", \"查看192.168.43.188 7001的控制台是否启动。。。\\n\", \"检测过程持续5分钟,请耐心等待！！！\\n\", \"192.168.43.188:7001:服务器启动成功！\\n\", \"192.168.43.188 7001 的服务器所有操作流程执行完毕！！！\\n\", \"当前任务下所有服务器执行命令完成,任务执行成功(^_^)\\\"!\\n\", \"开始执行任务\\n\", \"服务器开始进行回滚操作！！！\\n\", \"服务器：192.168.43.212 开始进行回退操作!\\n\", \"服务器：192.168.43.224 开始进行回退操作!\\n\", \"服务器：192.168.43.188 开始进行回退操作!\\n\", \"服务器：192.168.43.212 开始建立远程连接\\n\", \"服务器：192.168.43.188 开始建立远程连接\\n\", \"服务器：192.168.43.224 开始建立远程连接\\n\", \"192.168.43.224 :服务器将备份目录文件/home/wlgma/yatai/backup2/webapps20190902143354移动到应用目录/home/wlgma/yatai/webapps20190902143354\\n\", \"192.168.43.212 :服务器将备份目录文件/home/wlgma/yatai/backup2/webapps20190902143354移动到应用目录/home/wlgma/yatai/webapps20190902143354\\n\", \"192.168.43.188 :服务器将备份目录文件/home/wlgma/yatai/backup2/webapps20190902143354移动到应用目录/home/wlgma/yatai/webapps20190902143354\\n\", \"服务器回滚操作全部完成,开始进行服务器启停操作\\n\", \"第一批服务器开始进行升级操作！！！\\n\", \"##############################\\n\", \"##############################\\n\", \"当前机器ip为:192.168.43.212###\\n\", \"当前机器ip为:192.168.43.224###\\n\", \"##############################\\n\", \"##############################\\n\", \"服务器：192.168.43.212 7001开始进行启停weblogic操作！\\n\", \"服务器：192.168.43.224 7001开始进行启停weblogic操作！\\n\", \"服务器：192.168.43.224 的端口号为:7001\\n\", \"服务器：192.168.43.224 查看进行pid，并杀掉进程\\n\", \"服务器：192.168.43.212 的端口号为:7001\\n\", \"服务器：192.168.43.212 查看进行pid，并杀掉进程\\n\", \"服务器：192.168.43.224 进程号为:12620的进程。中断成功\\n\", \"服务器：192.168.43.212 进程号为:11668的进程。中断成功\\n\", \"进入服务器：192.168.43.224 日志缓存目录为：/home/wlgma/yatai/logs并清除缓存\\n\", \"进入服务器：192.168.43.212 日志缓存目录为：/home/wlgma/yatai/logs并清除缓存\\n\", \"清除缓存成功\\n\", \"nohup启动192.168.43.224 7001 的weblogic服务器\\n\", \"清除缓存成功\\n\", \"nohup启动192.168.43.212 7001 的weblogic服务器\\n\", \"查看192.168.43.224 7001的控制台是否启动。。。\\n\", \"检测过程持续5分钟,请耐心等待！！！\\n\", \"查看192.168.43.212 7001的控制台是否启动。。。\\n\", \"检测过程持续5分钟,请耐心等待！！！\\n\", \"192.168.43.212:7001:服务器启动成功！\\n\", \"192.168.43.212 7001 的服务器所有操作流程执行完毕！！！\\n\", \"192.168.43.224:7001:服务器启动成功！\\n\", \"192.168.43.224 7001 的服务器所有操作流程执行完毕！！！\\n\", \"第二批服务器开始进行升级操作！！！\\n\", \"##############################\\n\", \"当前机器ip为:192.168.43.188###\\n\", \"##############################\\n\", \"服务器：192.168.43.188 7001开始进行启停weblogic操作！\\n\", \"服务器：192.168.43.188 的端口号为:7001\\n\", \"服务器：192.168.43.188 查看进行pid，并杀掉进程\\n\", \"服务器：192.168.43.188 进程号为:15116的进程。中断成功\\n\", \"进入服务器：192.168.43.188 日志缓存目录为：/home/wlgma/yatai/logs并清除缓存\\n\", \"清除缓存成功\\n\", \"nohup启动192.168.43.188 7001 的weblogic服务器\\n\", \"查看192.168.43.188 7001的控制台是否启动。。。\\n\", \"检测过程持续5分钟,请耐心等待！！！\\n\", \"192.168.43.188:7001:服务器启动成功！\\n\", \"192.168.43.188 7001 的服务器所有操作流程执行完毕！！！\\n\", \"当前任务下所有服务器执行命令完成,任务执行成功(^_^)\\\"!\\n\"]', NULL, NULL, NULL, 582);
INSERT INTO `log` VALUES (111, '作业日志583', '[\"开始执行任务\\n\", \"服务器开始进行备份操作！！！\\n\", \"服务器：192.168.43.212 开始进行备份操作,备份路径为：/home/wlgma/yatai/\\n\", \"服务器：192.168.43.212 开始建立远程连接\\n\", \"服务器：192.168.43.212 备份文件,备份时间: 20190902143754\\n\", \"服务器：192.168.43.212 备份文件路径为：/home/wlgma/yatai/backup2,备份后的路径为：/home/wlgma/yatai/backup2/webapps20190902143754\\n\", \"第一批服务器开始进行升级操作！！！\\n\", \"服务器：192.168.43.212 备份文件路径为：/home/wlgma/yatai/backup,备份后的路径为：/home/wlgma/yatai/backup/webapps20190902143754\\n\", \"##############################\\n\", \"##############################\\n\", \"当前机器ip为:192.168.43.212###\\n\", \"当前机器ip为:192.168.43.224###\\n\", \"##############################\\n\", \"##############################\\n\", \"服务器：192.168.43.212 文件备份成功，文件名为:/home/wlgma/yatai/backup2/webapps20190902143754\\n\", \"服务器：192.168.43.212 7001开始进行启停weblogic操作！\\n\", \"服务器：192.168.43.224 7001开始进行启停weblogic操作！\\n\", \"服务器：192.168.43.224 的端口号为:7001\\n\", \"服务器：192.168.43.224 查看进行pid，并杀掉进程\\n\", \"服务器：192.168.43.212 的端口号为:7001\\n\", \"服务器：192.168.43.212 查看进行pid，并杀掉进程\\n\", \"服务器：192.168.43.224 进程号为:12850的进程。中断成功\\n\", \"服务器：192.168.43.212 进程号为:11891的进程。中断成功\\n\", \"进入服务器：192.168.43.224 日志缓存目录为：/home/wlgma/yatai/logs并清除缓存\\n\", \"进入服务器：192.168.43.212 日志缓存目录为：/home/wlgma/yatai/logs并清除缓存\\n\", \"清除缓存成功\\n\", \"nohup启动192.168.43.224 7001 的weblogic服务器\\n\", \"清除缓存成功\\n\", \"nohup启动192.168.43.212 7001 的weblogic服务器\\n\", \"查看192.168.43.224 7001的控制台是否启动。。。\\n\", \"检测过程持续5分钟,请耐心等待！！！\\n\", \"查看192.168.43.212 7001的控制台是否启动。。。\\n\", \"检测过程持续5分钟,请耐心等待！！！\\n\", \"192.168.43.224:7001:服务器启动成功！\\n\", \"192.168.43.224 7001 的服务器所有操作流程执行完毕！！！\\n\", \"192.168.43.212:7001:服务器启动成功！\\n\", \"192.168.43.212 7001 的服务器所有操作流程执行完毕！！！\\n\", \"第二批服务器开始进行升级操作！！！\\n\", \"##############################\\n\", \"当前机器ip为:192.168.43.188###\\n\", \"##############################\\n\", \"服务器：192.168.43.188 7001开始进行启停weblogic操作！\\n\", \"服务器：192.168.43.188 的端口号为:7001\\n\", \"服务器：192.168.43.188 查看进行pid，并杀掉进程\\n\", \"服务器：192.168.43.188 进程号为:15316的进程。中断成功\\n\", \"进入服务器：192.168.43.188 日志缓存目录为：/home/wlgma/yatai/logs并清除缓存\\n\", \"清除缓存成功\\n\", \"nohup启动192.168.43.188 7001 的weblogic服务器\\n\", \"查看192.168.43.188 7001的控制台是否启动。。。\\n\", \"检测过程持续5分钟,请耐心等待！！！\\n\", \"192.168.43.188:7001:服务器启动成功！\\n\", \"192.168.43.188 7001 的服务器所有操作流程执行完毕！！！\\n\", \"当前任务下所有服务器执行命令完成,任务执行成功(^_^)\\\"!\\n\", \"开始执行任务\\n\", \"服务器开始进行回滚操作！！！\\n\", \"服务器：192.168.43.212 开始进行回退操作!\\n\", \"服务器：192.168.43.224 开始进行回退操作!\\n\", \"服务器：192.168.43.188 开始进行回退操作!\\n\", \"服务器：192.168.43.212 开始建立远程连接\\n\", \"服务器：192.168.43.224 开始建立远程连接\\n\", \"服务器：192.168.43.188 开始建立远程连接\\n\", \"192.168.43.212 :服务器将备份目录文件/home/wlgma/yatai/backup2/webapps20190902143754移动到应用目录/home/wlgma/yatai/webapps20190902143754\\n\", \"192.168.43.224 :服务器将备份目录文件/home/wlgma/yatai/backup2/webapps20190902143754移动到应用目录/home/wlgma/yatai/webapps20190902143754\\n\", \"192.168.43.188 :服务器将备份目录文件/home/wlgma/yatai/backup2/webapps20190902143754移动到应用目录/home/wlgma/yatai/webapps20190902143754\\n\", \"服务器回滚操作全部完成,开始进行服务器启停操作\\n\", \"第一批服务器开始进行升级操作！！！\\n\", \"##############################\\n\", \"##############################\\n\", \"当前机器ip为:192.168.43.224###\\n\", \"当前机器ip为:192.168.43.212###\\n\", \"##############################\\n\", \"##############################\\n\", \"服务器：192.168.43.224 7001开始进行启停weblogic操作！\\n\", \"服务器：192.168.43.212 7001开始进行启停weblogic操作！\\n\", \"服务器：192.168.43.224 的端口号为:7001\\n\", \"服务器：192.168.43.224 查看进行pid，并杀掉进程\\n\", \"服务器：192.168.43.212 的端口号为:7001\\n\", \"服务器：192.168.43.212 查看进行pid，并杀掉进程\\n\", \"服务器：192.168.43.224 进程号为:13098的进程。中断成功\\n\", \"进入服务器：192.168.43.224 日志缓存目录为：/home/wlgma/yatai/logs并清除缓存\\n\", \"服务器：192.168.43.212 进程号为:12116的进程。中断成功\\n\", \"清除缓存成功\\n\", \"nohup启动192.168.43.224 7001 的weblogic服务器\\n\", \"进入服务器：192.168.43.212 日志缓存目录为：/home/wlgma/yatai/logs并清除缓存\\n\", \"清除缓存成功\\n\", \"nohup启动192.168.43.212 7001 的weblogic服务器\\n\", \"查看192.168.43.224 7001的控制台是否启动。。。\\n\", \"检测过程持续5分钟,请耐心等待！！！\\n\", \"192.168.43.224:7001:服务器启动成功！\\n\", \"查看192.168.43.212 7001的控制台是否启动。。。\\n\", \"192.168.43.224 7001 的服务器所有操作流程执行完毕！！！\\n\", \"检测过程持续5分钟,请耐心等待！！！\\n\", \"192.168.43.212:7001:服务器启动成功！\\n\", \"192.168.43.212 7001 的服务器所有操作流程执行完毕！！！\\n\", \"第二批服务器开始进行升级操作！！！\\n\", \"##############################\\n\", \"当前机器ip为:192.168.43.188###\\n\", \"##############################\\n\", \"服务器：192.168.43.188 7001开始进行启停weblogic操作！\\n\", \"服务器：192.168.43.188 的端口号为:7001\\n\", \"服务器：192.168.43.188 查看进行pid，并杀掉进程\\n\", \"服务器：192.168.43.188 进程号为:15469的进程。中断成功\\n\", \"进入服务器：192.168.43.188 日志缓存目录为：/home/wlgma/yatai/logs并清除缓存\\n\", \"清除缓存成功\\n\", \"nohup启动192.168.43.188 7001 的weblogic服务器\\n\", \"查看192.168.43.188 7001的控制台是否启动。。。\\n\", \"检测过程持续5分钟,请耐心等待！！！\\n\", \"192.168.43.188:7001:服务器启动成功！\\n\", \"192.168.43.188 7001 的服务器所有操作流程执行完毕！！！\\n\", \"当前任务下所有服务器执行命令完成,任务执行成功(^_^)\\\"!\\n\"]', NULL, NULL, NULL, 583);
INSERT INTO `log` VALUES (112, '作业日志584', '[\"开始执行任务\\n\", \"服务器开始进行备份操作！！！\\n\", \"服务器：192.168.43.212 开始进行备份操作,备份路径为：/home/wlgma/yatai/\\n\", \"服务器：192.168.43.212 开始建立远程连接\\n\", \"服务器：192.168.43.212 备份文件,备份时间: 20190902144212\\n\", \"服务器：192.168.43.212 备份文件路径为：/home/wlgma/yatai/backup2,备份后的路径为：/home/wlgma/yatai/backup2/webapps20190902144212\\n\", \"服务器：192.168.43.212 备份文件路径为：/home/wlgma/yatai/backup,备份后的路径为：/home/wlgma/yatai/backup/webapps20190902144212\\n\", \"第一批服务器开始进行升级操作！！！\\n\", \"##############################\\n\", \"##############################\\n\", \"当前机器ip为:192.168.43.212###\\n\", \"当前机器ip为:192.168.43.224###\\n\", \"##############################\\n\", \"##############################\\n\", \"服务器：192.168.43.212 7001开始进行启停weblogic操作！\\n\", \"服务器：192.168.43.224 7001开始进行启停weblogic操作！\\n\", \"服务器：192.168.43.212 文件备份成功，文件名为:/home/wlgma/yatai/backup/webapps20190902144212\\n\", \"服务器：192.168.43.212 文件备份成功，文件名为:/home/wlgma/yatai/backup2/webapps20190902144212\\n\", \"服务器：192.168.43.224 的端口号为:7001\\n\", \"服务器：192.168.43.224 查看进行pid，并杀掉进程\\n\", \"服务器：192.168.43.212 的端口号为:7001\\n\", \"服务器：192.168.43.212 查看进行pid，并杀掉进程\\n\", \"服务器：192.168.43.224 进程号为:13338的进程。中断成功\\n\", \"服务器：192.168.43.212 进程号为:12349的进程。中断成功\\n\", \"进入服务器：192.168.43.224 日志缓存目录为：/home/wlgma/yatai/logs并清除缓存\\n\", \"进入服务器：192.168.43.212 日志缓存目录为：/home/wlgma/yatai/logs并清除缓存\\n\", \"清除缓存成功\\n\", \"nohup启动192.168.43.224 7001 的weblogic服务器\\n\", \"清除缓存成功\\n\", \"nohup启动192.168.43.212 7001 的weblogic服务器\\n\", \"查看192.168.43.224 7001的控制台是否启动。。。\\n\", \"检测过程持续5分钟,请耐心等待！！！\\n\", \"查看192.168.43.212 7001的控制台是否启动。。。\\n\", \"检测过程持续5分钟,请耐心等待！！！\\n\", \"192.168.43.224:7001:服务器启动成功！\\n\", \"192.168.43.224 7001 的服务器所有操作流程执行完毕！！！\\n\", \"192.168.43.212:7001:服务器启动成功！\\n\", \"192.168.43.212 7001 的服务器所有操作流程执行完毕！！！\\n\", \"第二批服务器开始进行升级操作！！！\\n\", \"##############################\\n\", \"当前机器ip为:192.168.43.188###\\n\", \"##############################\\n\", \"服务器：192.168.43.188 7001开始进行启停weblogic操作！\\n\", \"服务器：192.168.43.188 的端口号为:7001\\n\", \"服务器：192.168.43.188 查看进行pid，并杀掉进程\\n\", \"服务器：192.168.43.188 进程号为:15652的进程。中断成功\\n\", \"进入服务器：192.168.43.188 日志缓存目录为：/home/wlgma/yatai/logs并清除缓存\\n\", \"清除缓存成功\\n\", \"nohup启动192.168.43.188 7001 的weblogic服务器\\n\", \"查看192.168.43.188 7001的控制台是否启动。。。\\n\", \"检测过程持续5分钟,请耐心等待！！！\\n\", \"192.168.43.188:7001:服务器启动成功！\\n\", \"192.168.43.188 7001 的服务器所有操作流程执行完毕！！！\\n\", \"当前任务下所有服务器执行命令完成,任务执行成功(^_^)\\\"!\\n\", \"开始执行任务\\n\", \"服务器开始进行回滚操作！！！\\n\", \"服务器：192.168.43.212 开始进行回退操作!\\n\", \"服务器：192.168.43.224 开始进行回退操作!\\n\", \"服务器：192.168.43.188 开始进行回退操作!\\n\", \"服务器：192.168.43.212 开始建立远程连接\\n\", \"服务器：192.168.43.224 开始建立远程连接\\n\", \"服务器：192.168.43.188 开始建立远程连接\\n\", \"192.168.43.224 :服务器将备份目录文件/home/wlgma/yatai/backup2/webapps20190902144212移动到应用目录/home/wlgma/yatai/webapps20190902144212\\n\", \"192.168.43.212 :服务器将备份目录文件/home/wlgma/yatai/backup2/webapps20190902144212移动到应用目录/home/wlgma/yatai/webapps20190902144212\\n\", \"192.168.43.188 :服务器将备份目录文件/home/wlgma/yatai/backup2/webapps20190902144212移动到应用目录/home/wlgma/yatai/webapps20190902144212\\n\", \"Traceback (most recent call last):\\n  File \\\"/tmp/pycharm_robopost/tool/execut_work.py\\\", line 80, in run_task\\n    for done in done_iter:\\nUnboundLocalError: local variable \'done_iter\' referenced before assignment\\n\\n\"]', NULL, NULL, NULL, 584);
INSERT INTO `log` VALUES (113, '作业日志585', '[\"开始执行任务\\n\", \"服务器开始进行备份操作！！！\\n\", \"服务器：192.168.43.212 开始进行备份操作,备份路径为：/home/wlgma/yatai/\\n\", \"服务器：192.168.43.212 开始建立远程连接\\n\", \"服务器：192.168.43.212 备份文件,备份时间: 20190902144355\\n\", \"服务器：192.168.43.212 备份文件路径为：/home/wlgma/yatai/backup2,备份后的路径为：/home/wlgma/yatai/backup2/webapps20190902144355\\n\", \"服务器：192.168.43.212 备份文件路径为：/home/wlgma/yatai/backup,备份后的路径为：/home/wlgma/yatai/backup/webapps20190902144355\\n\", \"第一批服务器开始进行升级操作！！！\\n\", \"##############################\\n\", \"##############################\\n\", \"当前机器ip为:192.168.43.212###\\n\", \"当前机器ip为:192.168.43.224###\\n\", \"##############################\\n\", \"##############################\\n\", \"服务器：192.168.43.212 7001开始进行启停weblogic操作！\\n\", \"服务器：192.168.43.212 文件备份成功，文件名为:/home/wlgma/yatai/backup/webapps20190902144355\\n\", \"服务器：192.168.43.224 7001开始进行启停weblogic操作！\\n\", \"服务器：192.168.43.212 文件备份成功，文件名为:/home/wlgma/yatai/backup2/webapps20190902144355\\n\", \"服务器：192.168.43.224 的端口号为:7001\\n\", \"服务器：192.168.43.224 查看进行pid，并杀掉进程\\n\", \"服务器：192.168.43.212 的端口号为:7001\\n\", \"服务器：192.168.43.212 查看进行pid，并杀掉进程\\n\", \"服务器：192.168.43.224 进程号为:13585的进程。中断成功\\n\", \"服务器：192.168.43.212 进程号为:12577的进程。中断成功\\n\", \"进入服务器：192.168.43.212 日志缓存目录为：/home/wlgma/yatai/logs并清除缓存\\n\", \"进入服务器：192.168.43.224 日志缓存目录为：/home/wlgma/yatai/logs并清除缓存\\n\", \"清除缓存成功\\n\", \"清除缓存成功\\n\", \"nohup启动192.168.43.212 7001 的weblogic服务器\\n\", \"nohup启动192.168.43.224 7001 的weblogic服务器\\n\", \"查看192.168.43.224 7001的控制台是否启动。。。\\n\", \"查看192.168.43.212 7001的控制台是否启动。。。\\n\", \"检测过程持续5分钟,请耐心等待！！！\\n\", \"检测过程持续5分钟,请耐心等待！！！\\n\", \"192.168.43.212:7001:服务器启动成功！\\n\", \"192.168.43.212 7001 的服务器所有操作流程执行完毕！！！\\n\", \"192.168.43.224:7001:服务器启动成功！\\n\", \"192.168.43.224 7001 的服务器所有操作流程执行完毕！！！\\n\", \"第二批服务器开始进行升级操作！！！\\n\", \"##############################\\n\", \"当前机器ip为:192.168.43.188###\\n\", \"##############################\\n\", \"服务器：192.168.43.188 7001开始进行启停weblogic操作！\\n\", \"服务器：192.168.43.188 的端口号为:7001\\n\", \"服务器：192.168.43.188 查看进行pid，并杀掉进程\\n\", \"服务器：192.168.43.188 进程号为:15846的进程。中断成功\\n\", \"进入服务器：192.168.43.188 日志缓存目录为：/home/wlgma/yatai/logs并清除缓存\\n\", \"清除缓存成功\\n\", \"nohup启动192.168.43.188 7001 的weblogic服务器\\n\", \"查看192.168.43.188 7001的控制台是否启动。。。\\n\", \"检测过程持续5分钟,请耐心等待！！！\\n\", \"192.168.43.188:7001:服务器启动成功！\\n\", \"192.168.43.188 7001 的服务器所有操作流程执行完毕！！！\\n\", \"当前任务下所有服务器执行命令完成,任务执行成功(^_^)\\\"!\\n\", \"开始执行任务\\n\", \"服务器开始进行回滚操作！！！\\n\", \"服务器：192.168.43.212 开始进行回退操作!\\n\", \"服务器：192.168.43.224 开始进行回退操作!\\n\", \"服务器：192.168.43.188 开始进行回退操作!\\n\", \"服务器：192.168.43.212 开始建立远程连接\\n\", \"服务器：192.168.43.188 开始建立远程连接\\n\", \"服务器：192.168.43.224 开始建立远程连接\\n\", \"192.168.43.212 :服务器将备份目录文件/home/wlgma/yatai/backup2/webapps20190902144355移动到应用目录/home/wlgma/yatai/webapps20190902144355\\n\", \"192.168.43.224 :服务器将备份目录文件/home/wlgma/yatai/backup2/webapps20190902144355移动到应用目录/home/wlgma/yatai/webapps20190902144355\\n\", \"192.168.43.188 :服务器将备份目录文件/home/wlgma/yatai/backup2/webapps20190902144355移动到应用目录/home/wlgma/yatai/webapps20190902144355\\n\", \"Traceback (most recent call last):\\n  File \\\"/tmp/pycharm_robopost/tool/execut_work.py\\\", line 81, in run_task\\n    print(done.result())\\n  File \\\"/usr/local/lib/python3.6/concurrent/futures/_base.py\\\", line 398, in result\\n    return self.__get_result()\\n  File \\\"/usr/local/lib/python3.6/concurrent/futures/_base.py\\\", line 357, in __get_result\\n    raise self._exception\\n  File \\\"/usr/local/lib/python3.6/concurrent/futures/thread.py\\\", line 55, in run\\n    result = self.fn(*self.args, **self.kwargs)\\n  File \\\"/tmp/pycharm_robopost/tool/execut_work.py\\\", line 295, in roll_webapps\\n    insert_log(log, log_list, \'%s :服务器%s\' % result)\\nTypeError: not enough arguments for format string\\n\\n\"]', NULL, NULL, NULL, 585);
INSERT INTO `log` VALUES (114, '作业日志586', '[\"开始执行任务\\n\", \"服务器开始进行备份操作！！！\\n\", \"服务器：192.168.43.212 开始进行备份操作,备份路径为：/home/wlgma/yatai/\\n\", \"服务器：192.168.43.212 开始建立远程连接\\n\", \"服务器：192.168.43.212 备份文件,备份时间: 20190902144526\\n\", \"服务器：192.168.43.212 备份文件路径为：/home/wlgma/yatai/backup2,备份后的路径为：/home/wlgma/yatai/backup2/webapps20190902144526\\n\", \"服务器：192.168.43.212 备份文件路径为：/home/wlgma/yatai/backup,备份后的路径为：/home/wlgma/yatai/backup/webapps20190902144526\\n\", \"第一批服务器开始进行升级操作！！！\\n\", \"##############################\\n\", \"##############################\\n\", \"当前机器ip为:192.168.43.224###\\n\", \"当前机器ip为:192.168.43.212###\\n\", \"##############################\\n\", \"##############################\\n\", \"服务器：192.168.43.224 7001开始进行启停weblogic操作！\\n\", \"服务器：192.168.43.212 7001开始进行启停weblogic操作！\\n\", \"服务器：192.168.43.212 文件备份成功，文件名为:/home/wlgma/yatai/backup/webapps20190902144526\\n\", \"服务器：192.168.43.212 文件备份成功，文件名为:/home/wlgma/yatai/backup2/webapps20190902144526\\n\", \"服务器：192.168.43.224 的端口号为:7001\\n\", \"服务器：192.168.43.224 查看进行pid，并杀掉进程\\n\", \"服务器：192.168.43.212 的端口号为:7001\\n\", \"服务器：192.168.43.212 查看进行pid，并杀掉进程\\n\", \"服务器：192.168.43.224 进程号为:13900的进程。中断成功\\n\", \"服务器：192.168.43.212 进程号为:12859的进程。中断成功\\n\", \"进入服务器：192.168.43.224 日志缓存目录为：/home/wlgma/yatai/logs并清除缓存\\n\", \"进入服务器：192.168.43.212 日志缓存目录为：/home/wlgma/yatai/logs并清除缓存\\n\", \"清除缓存成功\\n\", \"nohup启动192.168.43.224 7001 的weblogic服务器\\n\", \"清除缓存成功\\n\", \"nohup启动192.168.43.212 7001 的weblogic服务器\\n\", \"查看192.168.43.224 7001的控制台是否启动。。。\\n\", \"检测过程持续5分钟,请耐心等待！！！\\n\", \"查看192.168.43.212 7001的控制台是否启动。。。\\n\", \"检测过程持续5分钟,请耐心等待！！！\\n\", \"192.168.43.224:7001:服务器启动成功！\\n\", \"192.168.43.212:7001:服务器启动成功！\\n\", \"192.168.43.224 7001 的服务器所有操作流程执行完毕！！！\\n\", \"192.168.43.212 7001 的服务器所有操作流程执行完毕！！！\\n\", \"第二批服务器开始进行升级操作！！！\\n\", \"##############################\\n\", \"当前机器ip为:192.168.43.188###\\n\", \"##############################\\n\", \"服务器：192.168.43.188 7001开始进行启停weblogic操作！\\n\", \"服务器：192.168.43.188 的端口号为:7001\\n\", \"服务器：192.168.43.188 查看进行pid，并杀掉进程\\n\", \"服务器：192.168.43.188 进程号为:16047的进程。中断成功\\n\", \"进入服务器：192.168.43.188 日志缓存目录为：/home/wlgma/yatai/logs并清除缓存\\n\", \"清除缓存成功\\n\", \"nohup启动192.168.43.188 7001 的weblogic服务器\\n\", \"查看192.168.43.188 7001的控制台是否启动。。。\\n\", \"检测过程持续5分钟,请耐心等待！！！\\n\", \"192.168.43.188:7001:服务器启动成功！\\n\", \"192.168.43.188 7001 的服务器所有操作流程执行完毕！！！\\n\", \"当前任务下所有服务器执行命令完成,任务执行成功(^_^)\\\"!\\n\", \"开始执行任务\\n\", \"服务器开始进行回滚操作！！！\\n\", \"服务器：192.168.43.212 开始进行回退操作!\\n\", \"服务器：192.168.43.224 开始进行回退操作!\\n\", \"服务器：192.168.43.188 开始进行回退操作!\\n\", \"服务器：192.168.43.212 开始建立远程连接\\n\", \"服务器：192.168.43.188 开始建立远程连接\\n\", \"服务器：192.168.43.224 开始建立远程连接\\n\", \"192.168.43.212 :服务器将备份目录文件/home/wlgma/yatai/backup2/webapps20190902144526移动到应用目录/home/wlgma/yatai/webapps20190902144526\\n\", \"192.168.43.224 :服务器将备份目录文件/home/wlgma/yatai/backup2/webapps20190902144526移动到应用目录/home/wlgma/yatai/webapps20190902144526\\n\", \"192.168.43.224 :服务器cp: 无法获取\\\"/home/wlgma/yatai/backup2/webapps20190902144526\\\" 的文件状态(stat): 没有那个文件或目录\\n\\n\", \"192.168.43.212 :服务器\\n\", \"192.168.43.224 :服务器获取备份文件失败!,无法进行webapps还原操作！\\n\", \"192.168.43.212 :服务器将/home/wlgma/yatai/webapps修改为/home/wlgma/yatai/webapps_bak20190902144654\\n\", \"192.168.43.188 :服务器将备份目录文件/home/wlgma/yatai/backup2/webapps20190902144526移动到应用目录/home/wlgma/yatai/webapps20190902144526\\n\", \"\\n\", \"192.168.43.212 :服务器将/home/wlgma/yatai/webapps20190902144526修改成/home/wlgma/yatai/webapps\\n\", \"192.168.43.188 :服务器cp: 无法获取\\\"/home/wlgma/yatai/backup2/webapps20190902144526\\\" 的文件状态(stat): 没有那个文件或目录\\n\\n\", \"192.168.43.188 :服务器获取备份文件失败!,无法进行webapps还原操作！\\n\", \"\\n\", \"服务器回滚操作全部完成,开始进行服务器启停操作\\n\", \"第一批服务器开始进行升级操作！！！\\n\", \"##############################\\n\", \"##############################\\n\", \"当前机器ip为:192.168.43.224###\\n\", \"当前机器ip为:192.168.43.212###\\n\", \"##############################\\n\", \"##############################\\n\", \"服务器：192.168.43.224 7001开始进行启停weblogic操作！\\n\", \"服务器：192.168.43.212 7001开始进行启停weblogic操作！\\n\", \"服务器：192.168.43.224 的端口号为:7001\\n\", \"服务器：192.168.43.224 查看进行pid，并杀掉进程\\n\", \"服务器：192.168.43.212 的端口号为:7001\\n\", \"服务器：192.168.43.212 查看进行pid，并杀掉进程\\n\", \"服务器：192.168.43.224 进程号为:14206的进程。中断成功\\n\", \"进入服务器：192.168.43.224 日志缓存目录为：/home/wlgma/yatai/logs并清除缓存\\n\", \"服务器：192.168.43.212 进程号为:13138的进程。中断成功\\n\", \"清除缓存成功\\n\", \"nohup启动192.168.43.224 7001 的weblogic服务器\\n\", \"进入服务器：192.168.43.212 日志缓存目录为：/home/wlgma/yatai/logs并清除缓存\\n\", \"清除缓存成功\\n\", \"nohup启动192.168.43.212 7001 的weblogic服务器\\n\", \"查看192.168.43.224 7001的控制台是否启动。。。\\n\", \"检测过程持续5分钟,请耐心等待！！！\\n\", \"查看192.168.43.212 7001的控制台是否启动。。。\\n\", \"192.168.43.224:7001:服务器启动成功！\\n\", \"检测过程持续5分钟,请耐心等待！！！\\n\", \"192.168.43.224 7001 的服务器所有操作流程执行完毕！！！\\n\", \"192.168.43.212:7001:服务器启动成功！\\n\", \"192.168.43.212 7001 的服务器所有操作流程执行完毕！！！\\n\", \"第二批服务器开始进行升级操作！！！\\n\", \"##############################\\n\", \"当前机器ip为:192.168.43.188###\\n\", \"##############################\\n\", \"服务器：192.168.43.188 7001开始进行启停weblogic操作！\\n\", \"服务器：192.168.43.188 的端口号为:7001\\n\", \"服务器：192.168.43.188 查看进行pid，并杀掉进程\\n\", \"服务器：192.168.43.188 进程号为:16241的进程。中断成功\\n\", \"进入服务器：192.168.43.188 日志缓存目录为：/home/wlgma/yatai/logs并清除缓存\\n\", \"清除缓存成功\\n\", \"nohup启动192.168.43.188 7001 的weblogic服务器\\n\", \"查看192.168.43.188 7001的控制台是否启动。。。\\n\", \"检测过程持续5分钟,请耐心等待！！！\\n\", \"192.168.43.188:7001:服务器启动成功！\\n\", \"192.168.43.188 7001 的服务器所有操作流程执行完毕！！！\\n\", \"当前任务下所有服务器执行命令完成,任务执行成功(^_^)\\\"!\\n\"]', NULL, NULL, NULL, 586);
INSERT INTO `log` VALUES (115, '作业日志587', '[\"开始执行任务\\n\", \"服务器开始进行备份操作！！！\\n\", \"服务器：192.168.43.212 开始进行备份操作,备份路径为：/home/wlgma/yatai/\\n\", \"服务器：192.168.43.212 开始建立远程连接\\n\", \"服务器：192.168.43.212 备份文件,备份时间: 20190902145105\\n\", \"服务器：192.168.43.212 备份文件路径为：/home/wlgma/yatai/backup2,备份后的路径为：/home/wlgma/yatai/backup2/webapps20190902145105\\n\", \"服务器：192.168.43.212 备份文件路径为：/home/wlgma/yatai/backup,备份后的路径为：/home/wlgma/yatai/backup/webapps20190902145105\\n\", \"将打包文件上到到远程公共目\\n\", \"服务器：192.168.43.212 文件备份成功，文件名为:/home/wlgma/yatai/backup2/webapps20190902145105\\n\", \"服务器：192.168.43.212 文件备份成功，文件名为:/home/wlgma/yatai/backup/webapps20190902145105\\n\", \"jar包成功上传至目标机器192.168.43.212路径为:/home/wlgma/yatai/\\n\", \"开始解压文件进行增量升级\\n\", \"创建：META-INF/\\n  解压 META-INF/MANIFEST.MF\\n  解压 webapps/template/ftl/SpecificPolicyContract0923(5).ftl\\n  解压 webapps/WEB-INF/classes/resources/ApplicationResourcesGC.properties\\n  解压 webapps/WEB-INF/classes/resources/ApplicationResourcesGC_zh_CN.properties\\n  解压 webapps/WEB-INF/classes/resources/ApplicationResourcesGC_zh_HK.properties\\n展开：webapps/WEB-INF/classes/resources/ApplicationResourcesGW.properties\\n  解压 webapps/WEB-INF/classes/resources/ApplicationResourcesGW_zh_CN.properties\\n展开：webapps/WEB-INF/classes/resources/ApplicationResourcesGW_zh_HK.properties\\n展开：webapps/WEB-INF/classes/resources/ApplicationResourcesGD.properties\\n展开：webapps/WEB-INF/classes/resources/ApplicationResourcesGD_zh_CN.properties\\n展开：webapps/WEB-INF/classes/resources/ApplicationResourcesGD_zh_HK.properties\\n展开：webapps/WEB-INF/classes/resources/ApplicationResourcesGE.properties\\n展开：webapps/WEB-INF/classes/resources/ApplicationResourcesGE_zh_CN.properties\\n展开：webapps/WEB-INF/classes/resources/ApplicationResourcesGE_zh_HK.properties\\n  解压 webapps/WEB-INF/classes/resources/ApplicationResourcesGG_en_US.properties\\n  解压 webapps/WEB-INF/classes/resources/ApplicationResourcesGG_zh_CN.properties\\n  解压 webapps/WEB-INF/classes/resources/ApplicationResourcesGG_zh_HK.properties\\n展开：webapps/WEB-INF/classes/resources/ApplicationResourcesGP.properties\\n  解压 webapps/WEB-INF/classes/resources/ApplicationResourcesGP_zh_CN.properties\\n  解压 webapps/WEB-INF/classes/resources/ApplicationResourcesGP_zh_HK.properties\\n  解压 webapps/WEB-INF/classes/resources/ApplicationResourcesGP_en_US.properties\\n展开：webapps/WEB-INF/classes/resources/ApplicationResourcesGR.properties\\n  解压 webapps/WEB-INF/classes/resources/ApplicationResourcesGR_zh_CN.properties\\n  解压 webapps/WEB-INF/classes/resources/ApplicationResourcesGR_zh_HK.properties\\n  解压 webapps/WEB-INF/classes/resources/ApplicationResourcesGS.properties\\n  解压 webapps/WEB-INF/classes/resources/ApplicationResourcesGS_zh_CN.properties\\n  解压 webapps/WEB-INF/classes/resources/ApplicationResourcesGS_zh_HK.properties\\n展开：webapps/WEB-INF/classes/resources/ApplicationResourcesGU.properties\\n  解压 webapps/WEB-INF/classes/resources/ApplicationResourcesGU_zh_CN.properties\\n  解压 webapps/WEB-INF/classes/resources/ApplicationResourcesGU_zh_HK.properties\\n  解压 webapps/WEB-INF/classes/resources/ApplicationResourcesPUB_en_US.properties\\n  解压 webapps/WEB-INF/classes/resources/ApplicationResourcesPUB_zh_CN.properties\\n  解压 webapps/WEB-INF/classes/resources/ApplicationResourcesPUB_zh_HK.properties\\n展开：webapps/WEB-INF/classes/resources/ApplicationResourcesSQ_en_US.properties\\n展开：webapps/WEB-INF/classes/resources/ApplicationResourcesSQ_zh_CN.properties\\n展开：webapps/WEB-INF/classes/resources/ApplicationResourcesSQ_zh_HK.properties\\n0\\n\", \"第一批服务器开始进行升级操作！！！\\n\", \"##############################\\n\", \"##############################\\n\", \"当前机器ip为:192.168.43.212###\\n\", \"当前机器ip为:192.168.43.224###\\n\", \"##############################\\n\", \"##############################\\n\", \"服务器：192.168.43.212 7001开始进行启停weblogic操作！\\n\", \"服务器：192.168.43.224 7001开始进行启停weblogic操作！\\n\", \"服务器：192.168.43.224 的端口号为:7001\\n\", \"服务器：192.168.43.212 的端口号为:7001\\n\", \"服务器：192.168.43.224 查看进行pid，并杀掉进程\\n\", \"服务器：192.168.43.212 查看进行pid，并杀掉进程\\n\", \"服务器：192.168.43.224 进程号为:14435的进程。中断成功\\n\", \"服务器：192.168.43.212 进程号为:13394的进程。中断成功\\n\", \"进入服务器：192.168.43.224 日志缓存目录为：/home/wlgma/yatai/logs并清除缓存\\n\", \"进入服务器：192.168.43.212 日志缓存目录为：/home/wlgma/yatai/logs并清除缓存\\n\", \"清除缓存成功\\n\", \"nohup启动192.168.43.224 7001 的weblogic服务器\\n\", \"清除缓存成功\\n\", \"nohup启动192.168.43.212 7001 的weblogic服务器\\n\", \"查看192.168.43.224 7001的控制台是否启动。。。\\n\", \"检测过程持续5分钟,请耐心等待！！！\\n\", \"查看192.168.43.212 7001的控制台是否启动。。。\\n\", \"检测过程持续5分钟,请耐心等待！！！\\n\", \"192.168.43.212:7001:服务器启动成功！\\n\", \"192.168.43.212 7001 的服务器所有操作流程执行完毕！！！\\n\", \"192.168.43.224:7001:服务器启动成功！\\n\", \"192.168.43.224 7001 的服务器所有操作流程执行完毕！！！\\n\", \"第二批服务器开始进行升级操作！！！\\n\", \"##############################\\n\", \"当前机器ip为:192.168.43.188###\\n\", \"##############################\\n\", \"服务器：192.168.43.188 7001开始进行启停weblogic操作！\\n\", \"服务器：192.168.43.188 的端口号为:7001\\n\", \"服务器：192.168.43.188 查看进行pid，并杀掉进程\\n\", \"服务器：192.168.43.188 进程号为:16441的进程。中断成功\\n\", \"进入服务器：192.168.43.188 日志缓存目录为：/home/wlgma/yatai/logs并清除缓存\\n\", \"清除缓存成功\\n\", \"nohup启动192.168.43.188 7001 的weblogic服务器\\n\", \"查看192.168.43.188 7001的控制台是否启动。。。\\n\", \"检测过程持续5分钟,请耐心等待！！！\\n\", \"192.168.43.188:7001:服务器启动成功！\\n\", \"192.168.43.188 7001 的服务器所有操作流程执行完毕！！！\\n\", \"当前任务下所有服务器执行命令完成,任务执行成功(^_^)\\\"!\\n\", \"开始执行任务\\n\", \"服务器开始进行回滚操作！！！\\n\", \"服务器：192.168.43.212 开始进行回退操作!\\n\", \"服务器：192.168.43.224 开始进行回退操作!\\n\", \"服务器：192.168.43.188 开始进行回退操作!\\n\", \"服务器：192.168.43.212 开始建立远程连接\\n\", \"服务器：192.168.43.224 开始建立远程连接\\n\", \"服务器：192.168.43.188 开始建立远程连接\\n\", \"192.168.43.212 :服务器将备份目录文件/home/wlgma/yatai/backup2/webapps20190902145105移动到应用目录/home/wlgma/yatai/webapps20190902145105\\n\", \"192.168.43.224 :服务器将备份目录文件/home/wlgma/yatai/backup2/webapps20190902145105移动到应用目录/home/wlgma/yatai/webapps20190902145105\\n\", \"192.168.43.212 :服务器复制文件成功\\n\", \"192.168.43.212 :服务器将/home/wlgma/yatai/webapps修改为/home/wlgma/yatai/webapps_bak20190902145134\\n\", \"192.168.43.224 :服务器cp: 无法获取\\\"/home/wlgma/yatai/backup2/webapps20190902145105\\\" 的文件状态(stat): 没有那个文件或目录\\n\\n\", \"192.168.43.224 :服务器获取备份文件失败!,无法进行webapps还原操作！\\n\", \"192.168.43.188 :服务器将备份目录文件/home/wlgma/yatai/backup2/webapps20190902145105移动到应用目录/home/wlgma/yatai/webapps20190902145105\\n\", \"192.168.43.212 :服务器将/home/wlgma/yatai/webapps20190902145105修改成/home/wlgma/yatai/webapps\\n\", \"192.168.43.188 :服务器cp: 无法获取\\\"/home/wlgma/yatai/backup2/webapps20190902145105\\\" 的文件状态(stat): 没有那个文件或目录\\n\\n\", \"192.168.43.188 :服务器获取备份文件失败!,无法进行webapps还原操作！\\n\", \"服务器回滚操作全部完成,开始进行服务器启停操作\\n\", \"第一批服务器开始进行升级操作！！！\\n\", \"##############################\\n\", \"##############################\\n\", \"当前机器ip为:192.168.43.224###\\n\", \"当前机器ip为:192.168.43.212###\\n\", \"##############################\\n\", \"##############################\\n\", \"服务器：192.168.43.224 7001开始进行启停weblogic操作！\\n\", \"服务器：192.168.43.212 7001开始进行启停weblogic操作！\\n\", \"服务器：192.168.43.224 的端口号为:7001\\n\", \"服务器：192.168.43.224 查看进行pid，并杀掉进程\\n\", \"服务器：192.168.43.212 的端口号为:7001\\n\", \"服务器：192.168.43.212 查看进行pid，并杀掉进程\\n\", \"服务器：192.168.43.224 进程号为:14696的进程。中断成功\\n\", \"进入服务器：192.168.43.224 日志缓存目录为：/home/wlgma/yatai/logs并清除缓存\\n\", \"服务器：192.168.43.212 进程号为:13681的进程。中断成功\\n\", \"清除缓存成功\\n\", \"nohup启动192.168.43.224 7001 的weblogic服务器\\n\", \"进入服务器：192.168.43.212 日志缓存目录为：/home/wlgma/yatai/logs并清除缓存\\n\", \"清除缓存成功\\n\", \"nohup启动192.168.43.212 7001 的weblogic服务器\\n\", \"查看192.168.43.224 7001的控制台是否启动。。。\\n\", \"检测过程持续5分钟,请耐心等待！！！\\n\", \"查看192.168.43.212 7001的控制台是否启动。。。\\n\", \"192.168.43.224:7001:服务器启动成功！\\n\", \"检测过程持续5分钟,请耐心等待！！！\\n\", \"192.168.43.224 7001 的服务器所有操作流程执行完毕！！！\\n\", \"192.168.43.212:7001:服务器启动成功！\\n\", \"192.168.43.212 7001 的服务器所有操作流程执行完毕！！！\\n\", \"第二批服务器开始进行升级操作！！！\\n\", \"##############################\\n\", \"当前机器ip为:192.168.43.188###\\n\", \"##############################\\n\", \"服务器：192.168.43.188 7001开始进行启停weblogic操作！\\n\", \"服务器：192.168.43.188 的端口号为:7001\\n\", \"服务器：192.168.43.188 查看进行pid，并杀掉进程\\n\", \"服务器：192.168.43.188 进程号为:16615的进程。中断成功\\n\", \"进入服务器：192.168.43.188 日志缓存目录为：/home/wlgma/yatai/logs并清除缓存\\n\", \"清除缓存成功\\n\", \"nohup启动192.168.43.188 7001 的weblogic服务器\\n\", \"查看192.168.43.188 7001的控制台是否启动。。。\\n\", \"检测过程持续5分钟,请耐心等待！！！\\n\", \"192.168.43.188:7001:服务器启动成功！\\n\", \"192.168.43.188 7001 的服务器所有操作流程执行完毕！！！\\n\", \"当前任务下所有服务器执行命令完成,任务执行成功(^_^)\\\"!\\n\"]', NULL, NULL, NULL, 587);
INSERT INTO `log` VALUES (116, '作业日志588', '[\"开始执行任务\\n\", \"服务器开始进行备份操作！！！\\n\", \"服务器：192.168.43.212 开始进行备份操作,备份路径为：/home/wlgma/yatai/\\n\", \"服务器：192.168.43.212 开始建立远程连接\\n\", \"服务器：192.168.43.212 备份文件,备份时间: 20190902145719\\n\", \"服务器：192.168.43.212 备份文件路径为：/home/wlgma/yatai/backup2,备份后的路径为：/home/wlgma/yatai/backup2/webapps20190902145719\\n\", \"服务器：192.168.43.212 备份文件路径为：/home/wlgma/yatai/backup,备份后的路径为：/home/wlgma/yatai/backup/webapps20190902145719\\n\", \"将打包文件上到到远程公共目\\n\", \"服务器开始进行备份操作！！！\\n\", \"服务器：192.168.43.212 文件备份成功，文件名为:/home/wlgma/yatai/backup2/webapps20190902145719\\n\", \"服务器：192.168.43.212 文件备份成功，文件名为:/home/wlgma/yatai/backup/webapps20190902145719\\n\", \"服务器：192.168.43.224 开始进行备份操作,备份路径为：/home/wlgma/yatai/\\n\", \"服务器：192.168.43.224 开始建立远程连接\\n\", \"服务器：192.168.43.224 备份文件,备份时间: 20190902145719\\n\", \"服务器：192.168.43.224 备份文件路径为：/home/wlgma/yatai/backup2,备份后的路径为：/home/wlgma/yatai/backup2/webapps20190902145719\\n\", \"服务器：192.168.43.224 备份文件路径为：/home/wlgma/yatai/backup,备份后的路径为：/home/wlgma/yatai/backup/webapps20190902145719\\n\", \"将打包文件上到到远程公共目\\n\", \"jar包成功上传至目标机器192.168.43.212路径为:/home/wlgma/yatai/\\n\", \"开始解压文件进行增量升级\\n\", \"服务器开始进行备份操作！！！\\n\", \"服务器：192.168.43.224 文件备份成功，文件名为:/home/wlgma/yatai/backup2/webapps20190902145719\\n\", \"服务器：192.168.43.224 文件备份成功，文件名为:/home/wlgma/yatai/backup/webapps20190902145719\\n\", \"服务器：192.168.43.188 开始进行备份操作,备份路径为：/home/wlgma/yatai/\\n\", \"服务器：192.168.43.188 开始建立远程连接\\n\", \"服务器：192.168.43.188 备份文件,备份时间: 20190902145719\\n\", \"服务器：192.168.43.188 备份文件路径为：/home/wlgma/yatai/backup2,备份后的路径为：/home/wlgma/yatai/backup2/webapps20190902145719\\n\", \"将打包文件上到到远程公共目\\n\", \"服务器：192.168.43.188 备份文件路径为：/home/wlgma/yatai/backup,备份后的路径为：/home/wlgma/yatai/backup/webapps20190902145719\\n\", \"jar包成功上传至目标机器192.168.43.224路径为:/home/wlgma/yatai/\\n\", \"开始解压文件进行增量升级\\n\", \"创建：META-INF/\\n  解压 META-INF/MANIFEST.MF\\n  解压 webapps/template/ftl/SpecificPolicyContract0923(5).ftl\\n  解压 webapps/WEB-INF/classes/resources/ApplicationResourcesGC.properties\\n  解压 webapps/WEB-INF/classes/resources/ApplicationResourcesGC_zh_CN.properties\\n  解压 webapps/WEB-INF/classes/resources/ApplicationResourcesGC_zh_HK.properties\\n展开：webapps/WEB-INF/classes/resources/ApplicationResourcesGW.properties\\n  解压 webapps/WEB-INF/classes/resources/ApplicationResourcesGW_zh_CN.properties\\n展开：webapps/WEB-INF/classes/resources/ApplicationResourcesGW_zh_HK.properties\\n展开：webapps/WEB-INF/classes/resources/ApplicationResourcesGD.properties\\n展开：webapps/WEB-INF/classes/resources/ApplicationResourcesGD_zh_CN.properties\\n展开：webapps/WEB-INF/classes/resources/ApplicationResourcesGD_zh_HK.properties\\n展开：webapps/WEB-INF/classes/resources/ApplicationResourcesGE.properties\\n展开：webapps/WEB-INF/classes/resources/ApplicationResourcesGE_zh_CN.properties\\n展开：webapps/WEB-INF/classes/resources/ApplicationResourcesGE_zh_HK.properties\\n  解压 webapps/WEB-INF/classes/resources/ApplicationResourcesGG_en_US.properties\\n  解压 webapps/WEB-INF/classes/resources/ApplicationResourcesGG_zh_CN.properties\\n  解压 webapps/WEB-INF/classes/resources/ApplicationResourcesGG_zh_HK.properties\\n展开：webapps/WEB-INF/classes/resources/ApplicationResourcesGP.properties\\n  解压 webapps/WEB-INF/classes/resources/ApplicationResourcesGP_zh_CN.properties\\n  解压 webapps/WEB-INF/classes/resources/ApplicationResourcesGP_zh_HK.properties\\n  解压 webapps/WEB-INF/classes/resources/ApplicationResourcesGP_en_US.properties\\n展开：webapps/WEB-INF/classes/resources/ApplicationResourcesGR.properties\\n  解压 webapps/WEB-INF/classes/resources/ApplicationResourcesGR_zh_CN.properties\\n  解压 webapps/WEB-INF/classes/resources/ApplicationResourcesGR_zh_HK.properties\\n  解压 webapps/WEB-INF/classes/resources/ApplicationResourcesGS.properties\\n  解压 webapps/WEB-INF/classes/resources/ApplicationResourcesGS_zh_CN.properties\\n  解压 webapps/WEB-INF/classes/resources/ApplicationResourcesGS_zh_HK.properties\\n展开：webapps/WEB-INF/classes/resources/ApplicationResourcesGU.properties\\n  解压 webapps/WEB-INF/classes/resources/ApplicationResourcesGU_zh_CN.properties\\n  解压 webapps/WEB-INF/classes/resources/ApplicationResourcesGU_zh_HK.properties\\n  解压 webapps/WEB-INF/classes/resources/ApplicationResourcesPUB_en_US.properties\\n  解压 webapps/WEB-INF/classes/resources/ApplicationResourcesPUB_zh_CN.properties\\n  解压 webapps/WEB-INF/classes/resources/ApplicationResourcesPUB_zh_HK.properties\\n展开：webapps/WEB-INF/classes/resources/ApplicationResourcesSQ_en_US.properties\\n展开：webapps/WEB-INF/classes/resources/ApplicationResourcesSQ_zh_CN.properties\\n展开：webapps/WEB-INF/classes/resources/ApplicationResourcesSQ_zh_HK.properties\\n0\\n\", \"服务器：192.168.43.188 文件备份成功，文件名为:/home/wlgma/yatai/backup2/webapps20190902145719\\n\", \"服务器：192.168.43.188 文件备份成功，文件名为:/home/wlgma/yatai/backup/webapps20190902145719\\n\", \"创建：META-INF/\\n  解压 META-INF/MANIFEST.MF\\n  解压 webapps/template/ftl/SpecificPolicyContract0923(5).ftl\\n  解压 webapps/WEB-INF/classes/resources/ApplicationResourcesGC.properties\\n  解压 webapps/WEB-INF/classes/resources/ApplicationResourcesGC_zh_CN.properties\\n  解压 webapps/WEB-INF/classes/resources/ApplicationResourcesGC_zh_HK.properties\\n展开：webapps/WEB-INF/classes/resources/ApplicationResourcesGW.properties\\n  解压 webapps/WEB-INF/classes/resources/ApplicationResourcesGW_zh_CN.properties\\n展开：webapps/WEB-INF/classes/resources/ApplicationResourcesGW_zh_HK.properties\\n展开：webapps/WEB-INF/classes/resources/ApplicationResourcesGD.properties\\n展开：webapps/WEB-INF/classes/resources/ApplicationResourcesGD_zh_CN.properties\\n展开：webapps/WEB-INF/classes/resources/ApplicationResourcesGD_zh_HK.properties\\n展开：webapps/WEB-INF/classes/resources/ApplicationResourcesGE.properties\\n展开：webapps/WEB-INF/classes/resources/ApplicationResourcesGE_zh_CN.properties\\n展开：webapps/WEB-INF/classes/resources/ApplicationResourcesGE_zh_HK.properties\\n  解压 webapps/WEB-INF/classes/resources/ApplicationResourcesGG_en_US.properties\\n  解压 webapps/WEB-INF/classes/resources/ApplicationResourcesGG_zh_CN.properties\\n  解压 webapps/WEB-INF/classes/resources/ApplicationResourcesGG_zh_HK.properties\\n展开：webapps/WEB-INF/classes/resources/ApplicationResourcesGP.properties\\n  解压 webapps/WEB-INF/classes/resources/ApplicationResourcesGP_zh_CN.properties\\n  解压 webapps/WEB-INF/classes/resources/ApplicationResourcesGP_zh_HK.properties\\n  解压 webapps/WEB-INF/classes/resources/ApplicationResourcesGP_en_US.properties\\n展开：webapps/WEB-INF/classes/resources/ApplicationResourcesGR.properties\\n  解压 webapps/WEB-INF/classes/resources/ApplicationResourcesGR_zh_CN.properties\\n  解压 webapps/WEB-INF/classes/resources/ApplicationResourcesGR_zh_HK.properties\\n  解压 webapps/WEB-INF/classes/resources/ApplicationResourcesGS.properties\\n  解压 webapps/WEB-INF/classes/resources/ApplicationResourcesGS_zh_CN.properties\\n  解压 webapps/WEB-INF/classes/resources/ApplicationResourcesGS_zh_HK.properties\\n展开：webapps/WEB-INF/classes/resources/ApplicationResourcesGU.properties\\n  解压 webapps/WEB-INF/classes/resources/ApplicationResourcesGU_zh_CN.properties\\n  解压 webapps/WEB-INF/classes/resources/ApplicationResourcesGU_zh_HK.properties\\n  解压 webapps/WEB-INF/classes/resources/ApplicationResourcesPUB_en_US.properties\\n  解压 webapps/WEB-INF/classes/resources/ApplicationResourcesPUB_zh_CN.properties\\n  解压 webapps/WEB-INF/classes/resources/ApplicationResourcesPUB_zh_HK.properties\\n展开：webapps/WEB-INF/classes/resources/ApplicationResourcesSQ_en_US.properties\\n展开：webapps/WEB-INF/classes/resources/ApplicationResourcesSQ_zh_CN.properties\\n展开：webapps/WEB-INF/classes/resources/ApplicationResourcesSQ_zh_HK.properties\\n0\\n\", \"jar包成功上传至目标机器192.168.43.188路径为:/home/wlgma/yatai/\\n\", \"开始解压文件进行增量升级\\n\", \"创建：META-INF/\\n  解压 META-INF/MANIFEST.MF\\n  解压 webapps/template/ftl/SpecificPolicyContract0923(5).ftl\\n  解压 webapps/WEB-INF/classes/resources/ApplicationResourcesGC.properties\\n  解压 webapps/WEB-INF/classes/resources/ApplicationResourcesGC_zh_CN.properties\\n  解压 webapps/WEB-INF/classes/resources/ApplicationResourcesGC_zh_HK.properties\\n展开：webapps/WEB-INF/classes/resources/ApplicationResourcesGW.properties\\n  解压 webapps/WEB-INF/classes/resources/ApplicationResourcesGW_zh_CN.properties\\n展开：webapps/WEB-INF/classes/resources/ApplicationResourcesGW_zh_HK.properties\\n展开：webapps/WEB-INF/classes/resources/ApplicationResourcesGD.properties\\n展开：webapps/WEB-INF/classes/resources/ApplicationResourcesGD_zh_CN.properties\\n展开：webapps/WEB-INF/classes/resources/ApplicationResourcesGD_zh_HK.properties\\n展开：webapps/WEB-INF/classes/resources/ApplicationResourcesGE.properties\\n展开：webapps/WEB-INF/classes/resources/ApplicationResourcesGE_zh_CN.properties\\n展开：webapps/WEB-INF/classes/resources/ApplicationResourcesGE_zh_HK.properties\\n  解压 webapps/WEB-INF/classes/resources/ApplicationResourcesGG_en_US.properties\\n  解压 webapps/WEB-INF/classes/resources/ApplicationResourcesGG_zh_CN.properties\\n  解压 webapps/WEB-INF/classes/resources/ApplicationResourcesGG_zh_HK.properties\\n展开：webapps/WEB-INF/classes/resources/ApplicationResourcesGP.properties\\n  解压 webapps/WEB-INF/classes/resources/ApplicationResourcesGP_zh_CN.properties\\n  解压 webapps/WEB-INF/classes/resources/ApplicationResourcesGP_zh_HK.properties\\n  解压 webapps/WEB-INF/classes/resources/ApplicationResourcesGP_en_US.properties\\n展开：webapps/WEB-INF/classes/resources/ApplicationResourcesGR.properties\\n  解压 webapps/WEB-INF/classes/resources/ApplicationResourcesGR_zh_CN.properties\\n  解压 webapps/WEB-INF/classes/resources/ApplicationResourcesGR_zh_HK.properties\\n  解压 webapps/WEB-INF/classes/resources/ApplicationResourcesGS.properties\\n  解压 webapps/WEB-INF/classes/resources/ApplicationResourcesGS_zh_CN.properties\\n  解压 webapps/WEB-INF/classes/resources/ApplicationResourcesGS_zh_HK.properties\\n展开：webapps/WEB-INF/classes/resources/ApplicationResourcesGU.properties\\n  解压 webapps/WEB-INF/classes/resources/ApplicationResourcesGU_zh_CN.properties\\n  解压 webapps/WEB-INF/classes/resources/ApplicationResourcesGU_zh_HK.properties\\n  解压 webapps/WEB-INF/classes/resources/ApplicationResourcesPUB_en_US.properties\\n  解压 webapps/WEB-INF/classes/resources/ApplicationResourcesPUB_zh_CN.properties\\n  解压 webapps/WEB-INF/classes/resources/ApplicationResourcesPUB_zh_HK.properties\\n展开：webapps/WEB-INF/classes/resources/ApplicationResourcesSQ_en_US.properties\\n展开：webapps/WEB-INF/classes/resources/ApplicationResourcesSQ_zh_CN.properties\\n展开：webapps/WEB-INF/classes/resources/ApplicationResourcesSQ_zh_HK.properties\\n0\\n\", \"第一批服务器开始进行升级操作！！！\\n\", \"##############################\\n\", \"##############################\\n\", \"当前机器ip为:192.168.43.224###\\n\", \"当前机器ip为:192.168.43.212###\\n\", \"##############################\\n\", \"##############################\\n\", \"服务器：192.168.43.224 7001开始进行启停weblogic操作！\\n\", \"服务器：192.168.43.212 7001开始进行启停weblogic操作！\\n\", \"服务器：192.168.43.224 的端口号为:7001\\n\", \"服务器：192.168.43.224 查看进行pid，并杀掉进程\\n\", \"服务器：192.168.43.212 的端口号为:7001\\n\", \"服务器：192.168.43.212 查看进行pid，并杀掉进程\\n\", \"服务器：192.168.43.224 进程号为:14925的进程。中断成功\\n\", \"服务器：192.168.43.212 进程号为:13936的进程。中断成功\\n\", \"进入服务器：192.168.43.224 日志缓存目录为：/home/wlgma/yatai/logs并清除缓存\\n\", \"进入服务器：192.168.43.212 日志缓存目录为：/home/wlgma/yatai/logs并清除缓存\\n\", \"清除缓存成功\\n\", \"nohup启动192.168.43.224 7001 的weblogic服务器\\n\", \"清除缓存成功\\n\", \"nohup启动192.168.43.212 7001 的weblogic服务器\\n\", \"查看192.168.43.224 7001的控制台是否启动。。。\\n\", \"检测过程持续5分钟,请耐心等待！！！\\n\", \"查看192.168.43.212 7001的控制台是否启动。。。\\n\", \"检测过程持续5分钟,请耐心等待！！！\\n\"]', NULL, NULL, NULL, 588);
INSERT INTO `log` VALUES (117, '作业日志589', '[\"开始执行任务\\n\", \"服务器开始进行备份操作！！！\\n\", \"服务器：192.168.43.212 开始进行备份操作,备份路径为：/home/wlgma/yatai/\\n\", \"服务器：192.168.43.212 开始建立远程连接\\n\", \"服务器：192.168.43.212 备份文件,备份时间: 20190902145932\\n\", \"服务器：192.168.43.212 备份文件路径为：/home/wlgma/yatai/backup2,备份后的路径为：/home/wlgma/yatai/backup2/webapps20190902145932\\n\", \"服务器：192.168.43.212 备份文件路径为：/home/wlgma/yatai/backup,备份后的路径为：/home/wlgma/yatai/backup/webapps20190902145932\\n\", \"将打包文件上到到远程公共目\\n\", \"服务器开始进行备份操作！！！\\n\", \"服务器：192.168.43.224 开始进行备份操作,备份路径为：/home/wlgma/yatai/\\n\", \"服务器：192.168.43.224 开始建立远程连接\\n\", \"服务器：192.168.43.212 文件备份成功，文件名为:/home/wlgma/yatai/backup/webapps20190902145932\\n\", \"服务器：192.168.43.224 备份文件,备份时间: 20190902145932\\n\", \"服务器：192.168.43.212 文件备份成功，文件名为:/home/wlgma/yatai/backup2/webapps20190902145932\\n\", \"服务器：192.168.43.224 备份文件路径为：/home/wlgma/yatai/backup2,备份后的路径为：/home/wlgma/yatai/backup2/webapps20190902145932\\n\", \"服务器：192.168.43.224 备份文件路径为：/home/wlgma/yatai/backup,备份后的路径为：/home/wlgma/yatai/backup/webapps20190902145932\\n\", \"将打包文件上到到远程公共目\\n\", \"服务器开始进行备份操作！！！\\n\", \"jar包成功上传至目标机器192.168.43.212路径为:/home/wlgma/yatai/\\n\", \"服务器：192.168.43.188 开始进行备份操作,备份路径为：/home/wlgma/yatai/\\n\", \"服务器：192.168.43.224 文件备份成功，文件名为:/home/wlgma/yatai/backup2/webapps20190902145932\\n\", \"开始解压文件进行增量升级\\n\", \"服务器：192.168.43.224 文件备份成功，文件名为:/home/wlgma/yatai/backup/webapps20190902145932\\n\", \"服务器：192.168.43.188 开始建立远程连接\\n\", \"服务器：192.168.43.188 备份文件,备份时间: 20190902145932\\n\", \"服务器：192.168.43.188 备份文件路径为：/home/wlgma/yatai/backup2,备份后的路径为：/home/wlgma/yatai/backup2/webapps20190902145932\\n\", \"服务器：192.168.43.188 备份文件路径为：/home/wlgma/yatai/backup,备份后的路径为：/home/wlgma/yatai/backup/webapps20190902145932\\n\", \"将打包文件上到到远程公共目\\n\", \"jar包成功上传至目标机器192.168.43.224路径为:/home/wlgma/yatai/\\n\", \"开始解压文件进行增量升级\\n\", \"创建：META-INF/\\n  解压 META-INF/MANIFEST.MF\\n  解压 webapps/template/ftl/SpecificPolicyContract0923(5).ftl\\n  解压 webapps/WEB-INF/classes/resources/ApplicationResourcesGC.properties\\n  解压 webapps/WEB-INF/classes/resources/ApplicationResourcesGC_zh_CN.properties\\n  解压 webapps/WEB-INF/classes/resources/ApplicationResourcesGC_zh_HK.properties\\n展开：webapps/WEB-INF/classes/resources/ApplicationResourcesGW.properties\\n  解压 webapps/WEB-INF/classes/resources/ApplicationResourcesGW_zh_CN.properties\\n展开：webapps/WEB-INF/classes/resources/ApplicationResourcesGW_zh_HK.properties\\n展开：webapps/WEB-INF/classes/resources/ApplicationResourcesGD.properties\\n展开：webapps/WEB-INF/classes/resources/ApplicationResourcesGD_zh_CN.properties\\n展开：webapps/WEB-INF/classes/resources/ApplicationResourcesGD_zh_HK.properties\\n展开：webapps/WEB-INF/classes/resources/ApplicationResourcesGE.properties\\n展开：webapps/WEB-INF/classes/resources/ApplicationResourcesGE_zh_CN.properties\\n展开：webapps/WEB-INF/classes/resources/ApplicationResourcesGE_zh_HK.properties\\n  解压 webapps/WEB-INF/classes/resources/ApplicationResourcesGG_en_US.properties\\n  解压 webapps/WEB-INF/classes/resources/ApplicationResourcesGG_zh_CN.properties\\n  解压 webapps/WEB-INF/classes/resources/ApplicationResourcesGG_zh_HK.properties\\n展开：webapps/WEB-INF/classes/resources/ApplicationResourcesGP.properties\\n  解压 webapps/WEB-INF/classes/resources/ApplicationResourcesGP_zh_CN.properties\\n  解压 webapps/WEB-INF/classes/resources/ApplicationResourcesGP_zh_HK.properties\\n  解压 webapps/WEB-INF/classes/resources/ApplicationResourcesGP_en_US.properties\\n展开：webapps/WEB-INF/classes/resources/ApplicationResourcesGR.properties\\n  解压 webapps/WEB-INF/classes/resources/ApplicationResourcesGR_zh_CN.properties\\n  解压 webapps/WEB-INF/classes/resources/ApplicationResourcesGR_zh_HK.properties\\n  解压 webapps/WEB-INF/classes/resources/ApplicationResourcesGS.properties\\n  解压 webapps/WEB-INF/classes/resources/ApplicationResourcesGS_zh_CN.properties\\n  解压 webapps/WEB-INF/classes/resources/ApplicationResourcesGS_zh_HK.properties\\n展开：webapps/WEB-INF/classes/resources/ApplicationResourcesGU.properties\\n  解压 webapps/WEB-INF/classes/resources/ApplicationResourcesGU_zh_CN.properties\\n  解压 webapps/WEB-INF/classes/resources/ApplicationResourcesGU_zh_HK.properties\\n  解压 webapps/WEB-INF/classes/resources/ApplicationResourcesPUB_en_US.properties\\n  解压 webapps/WEB-INF/classes/resources/ApplicationResourcesPUB_zh_CN.properties\\n  解压 webapps/WEB-INF/classes/resources/ApplicationResourcesPUB_zh_HK.properties\\n展开：webapps/WEB-INF/classes/resources/ApplicationResourcesSQ_en_US.properties\\n展开：webapps/WEB-INF/classes/resources/ApplicationResourcesSQ_zh_CN.properties\\n展开：webapps/WEB-INF/classes/resources/ApplicationResourcesSQ_zh_HK.properties\\n0\\n\", \"服务器：192.168.43.188 文件备份成功，文件名为:/home/wlgma/yatai/backup2/webapps20190902145932\\n\", \"创建：META-INF/\\n  解压 META-INF/MANIFEST.MF\\n  解压 webapps/template/ftl/SpecificPolicyContract0923(5).ftl\\n  解压 webapps/WEB-INF/classes/resources/ApplicationResourcesGC.properties\\n  解压 webapps/WEB-INF/classes/resources/ApplicationResourcesGC_zh_CN.properties\\n  解压 webapps/WEB-INF/classes/resources/ApplicationResourcesGC_zh_HK.properties\\n展开：webapps/WEB-INF/classes/resources/ApplicationResourcesGW.properties\\n  解压 webapps/WEB-INF/classes/resources/ApplicationResourcesGW_zh_CN.properties\\n展开：webapps/WEB-INF/classes/resources/ApplicationResourcesGW_zh_HK.properties\\n展开：webapps/WEB-INF/classes/resources/ApplicationResourcesGD.properties\\n展开：webapps/WEB-INF/classes/resources/ApplicationResourcesGD_zh_CN.properties\\n展开：webapps/WEB-INF/classes/resources/ApplicationResourcesGD_zh_HK.properties\\n展开：webapps/WEB-INF/classes/resources/ApplicationResourcesGE.properties\\n展开：webapps/WEB-INF/classes/resources/ApplicationResourcesGE_zh_CN.properties\\n展开：webapps/WEB-INF/classes/resources/ApplicationResourcesGE_zh_HK.properties\\n  解压 webapps/WEB-INF/classes/resources/ApplicationResourcesGG_en_US.properties\\n  解压 webapps/WEB-INF/classes/resources/ApplicationResourcesGG_zh_CN.properties\\n  解压 webapps/WEB-INF/classes/resources/ApplicationResourcesGG_zh_HK.properties\\n展开：webapps/WEB-INF/classes/resources/ApplicationResourcesGP.properties\\n  解压 webapps/WEB-INF/classes/resources/ApplicationResourcesGP_zh_CN.properties\\n  解压 webapps/WEB-INF/classes/resources/ApplicationResourcesGP_zh_HK.properties\\n  解压 webapps/WEB-INF/classes/resources/ApplicationResourcesGP_en_US.properties\\n展开：webapps/WEB-INF/classes/resources/ApplicationResourcesGR.properties\\n  解压 webapps/WEB-INF/classes/resources/ApplicationResourcesGR_zh_CN.properties\\n  解压 webapps/WEB-INF/classes/resources/ApplicationResourcesGR_zh_HK.properties\\n  解压 webapps/WEB-INF/classes/resources/ApplicationResourcesGS.properties\\n  解压 webapps/WEB-INF/classes/resources/ApplicationResourcesGS_zh_CN.properties\\n  解压 webapps/WEB-INF/classes/resources/ApplicationResourcesGS_zh_HK.properties\\n展开：webapps/WEB-INF/classes/resources/ApplicationResourcesGU.properties\\n  解压 webapps/WEB-INF/classes/resources/ApplicationResourcesGU_zh_CN.properties\\n  解压 webapps/WEB-INF/classes/resources/ApplicationResourcesGU_zh_HK.properties\\n  解压 webapps/WEB-INF/classes/resources/ApplicationResourcesPUB_en_US.properties\\n  解压 webapps/WEB-INF/classes/resources/ApplicationResourcesPUB_zh_CN.properties\\n  解压 webapps/WEB-INF/classes/resources/ApplicationResourcesPUB_zh_HK.properties\\n展开：webapps/WEB-INF/classes/resources/ApplicationResourcesSQ_en_US.properties\\n展开：webapps/WEB-INF/classes/resources/ApplicationResourcesSQ_zh_CN.properties\\n展开：webapps/WEB-INF/classes/resources/ApplicationResourcesSQ_zh_HK.properties\\n0\\n\", \"服务器：192.168.43.188 文件备份成功，文件名为:/home/wlgma/yatai/backup/webapps20190902145932\\n\", \"jar包成功上传至目标机器192.168.43.188路径为:/home/wlgma/yatai/\\n\", \"开始解压文件进行增量升级\\n\", \"创建：META-INF/\\n  解压 META-INF/MANIFEST.MF\\n  解压 webapps/template/ftl/SpecificPolicyContract0923(5).ftl\\n  解压 webapps/WEB-INF/classes/resources/ApplicationResourcesGC.properties\\n  解压 webapps/WEB-INF/classes/resources/ApplicationResourcesGC_zh_CN.properties\\n  解压 webapps/WEB-INF/classes/resources/ApplicationResourcesGC_zh_HK.properties\\n展开：webapps/WEB-INF/classes/resources/ApplicationResourcesGW.properties\\n  解压 webapps/WEB-INF/classes/resources/ApplicationResourcesGW_zh_CN.properties\\n展开：webapps/WEB-INF/classes/resources/ApplicationResourcesGW_zh_HK.properties\\n展开：webapps/WEB-INF/classes/resources/ApplicationResourcesGD.properties\\n展开：webapps/WEB-INF/classes/resources/ApplicationResourcesGD_zh_CN.properties\\n展开：webapps/WEB-INF/classes/resources/ApplicationResourcesGD_zh_HK.properties\\n展开：webapps/WEB-INF/classes/resources/ApplicationResourcesGE.properties\\n展开：webapps/WEB-INF/classes/resources/ApplicationResourcesGE_zh_CN.properties\\n展开：webapps/WEB-INF/classes/resources/ApplicationResourcesGE_zh_HK.properties\\n  解压 webapps/WEB-INF/classes/resources/ApplicationResourcesGG_en_US.properties\\n  解压 webapps/WEB-INF/classes/resources/ApplicationResourcesGG_zh_CN.properties\\n  解压 webapps/WEB-INF/classes/resources/ApplicationResourcesGG_zh_HK.properties\\n展开：webapps/WEB-INF/classes/resources/ApplicationResourcesGP.properties\\n  解压 webapps/WEB-INF/classes/resources/ApplicationResourcesGP_zh_CN.properties\\n  解压 webapps/WEB-INF/classes/resources/ApplicationResourcesGP_zh_HK.properties\\n  解压 webapps/WEB-INF/classes/resources/ApplicationResourcesGP_en_US.properties\\n展开：webapps/WEB-INF/classes/resources/ApplicationResourcesGR.properties\\n  解压 webapps/WEB-INF/classes/resources/ApplicationResourcesGR_zh_CN.properties\\n  解压 webapps/WEB-INF/classes/resources/ApplicationResourcesGR_zh_HK.properties\\n  解压 webapps/WEB-INF/classes/resources/ApplicationResourcesGS.properties\\n  解压 webapps/WEB-INF/classes/resources/ApplicationResourcesGS_zh_CN.properties\\n  解压 webapps/WEB-INF/classes/resources/ApplicationResourcesGS_zh_HK.properties\\n展开：webapps/WEB-INF/classes/resources/ApplicationResourcesGU.properties\\n  解压 webapps/WEB-INF/classes/resources/ApplicationResourcesGU_zh_CN.properties\\n  解压 webapps/WEB-INF/classes/resources/ApplicationResourcesGU_zh_HK.properties\\n  解压 webapps/WEB-INF/classes/resources/ApplicationResourcesPUB_en_US.properties\\n  解压 webapps/WEB-INF/classes/resources/ApplicationResourcesPUB_zh_CN.properties\\n  解压 webapps/WEB-INF/classes/resources/ApplicationResourcesPUB_zh_HK.properties\\n展开：webapps/WEB-INF/classes/resources/ApplicationResourcesSQ_en_US.properties\\n展开：webapps/WEB-INF/classes/resources/ApplicationResourcesSQ_zh_CN.properties\\n展开：webapps/WEB-INF/classes/resources/ApplicationResourcesSQ_zh_HK.properties\\n0\\n\", \"第一批服务器开始进行升级操作！！！\\n\", \"##############################\\n\", \"##############################\\n\", \"当前机器ip为:192.168.43.212###\\n\", \"当前机器ip为:192.168.43.224###\\n\", \"##############################\\n\", \"##############################\\n\", \"服务器：192.168.43.212 7001开始进行启停weblogic操作！\\n\", \"服务器：192.168.43.224 7001开始进行启停weblogic操作！\\n\", \"服务器：192.168.43.224 的端口号为:7001\\n\", \"服务器：192.168.43.224 查看进行pid，并杀掉进程\\n\", \"服务器：192.168.43.212 的端口号为:7001\\n\", \"服务器：192.168.43.212 查看进行pid，并杀掉进程\\n\", \"服务器：192.168.43.224 进程号为:15291的进程。中断成功\\n\", \"服务器：192.168.43.212 进程号为:14285的进程。中断成功\\n\", \"进入服务器：192.168.43.224 日志缓存目录为：/home/wlgma/yatai/logs并清除缓存\\n\", \"进入服务器：192.168.43.212 日志缓存目录为：/home/wlgma/yatai/logs并清除缓存\\n\", \"清除缓存成功\\n\", \"nohup启动192.168.43.224 7001 的weblogic服务器\\n\", \"清除缓存成功\\n\", \"nohup启动192.168.43.212 7001 的weblogic服务器\\n\", \"查看192.168.43.224 7001的控制台是否启动。。。\\n\", \"检测过程持续5分钟,请耐心等待！！！\\n\", \"查看192.168.43.212 7001的控制台是否启动。。。\\n\", \"检测过程持续5分钟,请耐心等待！！！\\n\", \"192.168.43.212:7001:服务器启动成功！\\n\", \"192.168.43.212 7001 的服务器所有操作流程执行完毕！！！\\n\", \"192.168.43.224:7001:服务器启动成功！\\n\", \"192.168.43.224 7001 的服务器所有操作流程执行完毕！！！\\n\", \"第二批服务器开始进行升级操作！！！\\n\", \"##############################\\n\", \"当前机器ip为:192.168.43.188###\\n\", \"##############################\\n\", \"服务器：192.168.43.188 7001开始进行启停weblogic操作！\\n\", \"服务器：192.168.43.188 的端口号为:7001\\n\", \"服务器：192.168.43.188 查看进行pid，并杀掉进程\\n\", \"服务器：192.168.43.188 进程号为:16799的进程。中断成功\\n\", \"进入服务器：192.168.43.188 日志缓存目录为：/home/wlgma/yatai/logs并清除缓存\\n\", \"清除缓存成功\\n\", \"nohup启动192.168.43.188 7001 的weblogic服务器\\n\", \"查看192.168.43.188 7001的控制台是否启动。。。\\n\", \"检测过程持续5分钟,请耐心等待！！！\\n\", \"192.168.43.188:7001:服务器启动成功！\\n\", \"192.168.43.188 7001 的服务器所有操作流程执行完毕！！！\\n\", \"当前任务下所有服务器执行命令完成,任务执行成功(^_^)\\\"!\\n\", \"开始执行任务\\n\", \"服务器开始进行回滚操作！！！\\n\", \"服务器：192.168.43.212 开始进行回退操作!\\n\", \"服务器：192.168.43.224 开始进行回退操作!\\n\", \"服务器：192.168.43.188 开始进行回退操作!\\n\", \"服务器：192.168.43.212 开始建立远程连接\\n\", \"服务器：192.168.43.188 开始建立远程连接\\n\", \"服务器：192.168.43.224 开始建立远程连接\\n\", \"192.168.43.224 :服务器将备份目录文件/home/wlgma/yatai/backup2/webapps20190902145932移动到应用目录/home/wlgma/yatai/webapps20190902145932\\n\", \"192.168.43.212 :服务器将备份目录文件/home/wlgma/yatai/backup2/webapps20190902145932移动到应用目录/home/wlgma/yatai/webapps20190902145932\\n\", \"192.168.43.224 :服务器复制文件成功\\n\", \"192.168.43.224 :服务器将/home/wlgma/yatai/webapps修改为/home/wlgma/yatai/webapps_bak20190902150001\\n\", \"192.168.43.212 :服务器复制文件成功\\n\", \"192.168.43.188 :服务器将备份目录文件/home/wlgma/yatai/backup2/webapps20190902145932移动到应用目录/home/wlgma/yatai/webapps20190902145932\\n\", \"192.168.43.212 :服务器将/home/wlgma/yatai/webapps修改为/home/wlgma/yatai/webapps_bak20190902150001\\n\", \"192.168.43.224 :服务器将/home/wlgma/yatai/webapps20190902145932修改成/home/wlgma/yatai/webapps\\n\", \"192.168.43.188 :服务器复制文件成功\\n\", \"192.168.43.188 :服务器将/home/wlgma/yatai/webapps修改为/home/wlgma/yatai/webapps_bak20190902150001\\n\", \"192.168.43.212 :服务器将/home/wlgma/yatai/webapps20190902145932修改成/home/wlgma/yatai/webapps\\n\", \"192.168.43.188 :服务器将/home/wlgma/yatai/webapps20190902145932修改成/home/wlgma/yatai/webapps\\n\", \"服务器回滚操作全部完成,开始进行服务器启停操作\\n\", \"第一批服务器开始进行升级操作！！！\\n\", \"##############################\\n\", \"##############################\\n\", \"当前机器ip为:192.168.43.212###\\n\", \"当前机器ip为:192.168.43.224###\\n\", \"##############################\\n\", \"##############################\\n\", \"服务器：192.168.43.212 7001开始进行启停weblogic操作！\\n\", \"服务器：192.168.43.224 7001开始进行启停weblogic操作！\\n\", \"服务器：192.168.43.224 的端口号为:7001\\n\", \"服务器：192.168.43.224 查看进行pid，并杀掉进程\\n\", \"服务器：192.168.43.212 的端口号为:7001\\n\", \"服务器：192.168.43.212 查看进行pid，并杀掉进程\\n\", \"服务器：192.168.43.224 进程号为:16361的进程。中断成功\\n\", \"服务器：192.168.43.212 进程号为:15307的进程。中断成功\\n\", \"进入服务器：192.168.43.224 日志缓存目录为：/home/wlgma/yatai/logs并清除缓存\\n\", \"进入服务器：192.168.43.212 日志缓存目录为：/home/wlgma/yatai/logs并清除缓存\\n\", \"清除缓存成功\\n\", \"nohup启动192.168.43.224 7001 的weblogic服务器\\n\", \"清除缓存成功\\n\", \"nohup启动192.168.43.212 7001 的weblogic服务器\\n\", \"查看192.168.43.224 7001的控制台是否启动。。。\\n\", \"检测过程持续5分钟,请耐心等待！！！\\n\", \"查看192.168.43.212 7001的控制台是否启动。。。\\n\", \"检测过程持续5分钟,请耐心等待！！！\\n\", \"192.168.43.212:7001:服务器启动成功！\\n\", \"192.168.43.224:7001:服务器启动成功！\\n\", \"192.168.43.224 7001 的服务器所有操作流程执行完毕！！！\\n\", \"192.168.43.212 7001 的服务器所有操作流程执行完毕！！！\\n\", \"第二批服务器开始进行升级操作！！！\\n\", \"##############################\\n\", \"当前机器ip为:192.168.43.188###\\n\", \"##############################\\n\", \"服务器：192.168.43.188 7001开始进行启停weblogic操作！\\n\", \"服务器：192.168.43.188 的端口号为:7001\\n\", \"服务器：192.168.43.188 查看进行pid，并杀掉进程\\n\", \"服务器：192.168.43.188 进程号为:17295的进程。中断成功\\n\", \"进入服务器：192.168.43.188 日志缓存目录为：/home/wlgma/yatai/logs并清除缓存\\n\", \"清除缓存成功\\n\", \"nohup启动192.168.43.188 7001 的weblogic服务器\\n\", \"查看192.168.43.188 7001的控制台是否启动。。。\\n\", \"检测过程持续5分钟,请耐心等待！！！\\n\", \"192.168.43.188:7001:服务器启动成功！\\n\", \"192.168.43.188 7001 的服务器所有操作流程执行完毕！！！\\n\", \"当前任务下所有服务器执行命令完成,任务执行成功(^_^)\\\"!\\n\"]', NULL, NULL, NULL, 589);
INSERT INTO `log` VALUES (118, '作业日志590', '[\"开始执行任务\\n\", \"第一批服务器开始进行升级操作！！！\\n\", \"##############################\\n\", \"##############################\\n\", \"当前机器ip为:192.168.43.224###\\n\", \"当前机器ip为:192.168.43.212###\\n\", \"##############################\\n\", \"##############################\\n\", \"服务器：192.168.43.224 7001开始进行启停weblogic操作！\\n\", \"服务器：192.168.43.212 7001开始进行启停weblogic操作！\\n\", \"服务器：192.168.43.224 的端口号为:7001\\n\", \"服务器：192.168.43.212 的端口号为:7001\\n\", \"服务器：192.168.43.224 查看进行pid，并杀掉进程\\n\", \"服务器：192.168.43.212 查看进行pid，并杀掉进程\\n\", \"服务器：192.168.43.224 进程号为:16668的进程。中断成功\\n\", \"服务器：192.168.43.212 进程号为:15604的进程。中断成功\\n\", \"进入服务器：192.168.43.224 日志缓存目录为：/home/wlgma/yatai/logs并清除缓存\\n\", \"进入服务器：192.168.43.212 日志缓存目录为：/home/wlgma/yatai/logs并清除缓存\\n\", \"清除缓存成功\\n\", \"nohup启动192.168.43.224 7001 的weblogic服务器\\n\", \"清除缓存成功\\n\", \"nohup启动192.168.43.212 7001 的weblogic服务器\\n\", \"查看192.168.43.224 7001的控制台是否启动。。。\\n\", \"查看192.168.43.212 7001的控制台是否启动。。。\\n\", \"检测过程持续5分钟,请耐心等待！！！\\n\", \"检测过程持续5分钟,请耐心等待！！！\\n\", \"192.168.43.212:7001:服务器启动成功！\\n\", \"192.168.43.212 7001 的服务器所有操作流程执行完毕！！！\\n\", \"192.168.43.224:7001:服务器启动成功！\\n\", \"192.168.43.224 7001 的服务器所有操作流程执行完毕！！！\\n\", \"第二批服务器开始进行升级操作！！！\\n\", \"##############################\\n\", \"当前机器ip为:192.168.43.188###\\n\", \"##############################\\n\", \"服务器：192.168.43.188 7001开始进行启停weblogic操作！\\n\", \"服务器：192.168.43.188 的端口号为:7001\\n\", \"服务器：192.168.43.188 查看进行pid，并杀掉进程\\n\", \"服务器：192.168.43.188 进程号为:17608的进程。中断成功\\n\", \"进入服务器：192.168.43.188 日志缓存目录为：/home/wlgma/yatai/logs并清除缓存\\n\", \"清除缓存成功\\n\", \"nohup启动192.168.43.188 7001 的weblogic服务器\\n\", \"查看192.168.43.188 7001的控制台是否启动。。。\\n\", \"检测过程持续5分钟,请耐心等待！！！\\n\", \"192.168.43.188:7001:服务器启动成功！\\n\", \"192.168.43.188 7001 的服务器所有操作流程执行完毕！！！\\n\", \"当前任务下所有服务器执行命令完成,任务执行成功(^_^)\\\"!\\n\"]', NULL, NULL, NULL, 590);
INSERT INTO `log` VALUES (119, '作业日志591', '[\"开始执行任务\\n\", \"将打包文件上到到远程公共目\\n\", \"将打包文件上到到远程公共目\\n\", \"jar包成功上传至目标机器192.168.43.212路径为:/home/wlgma/yatai/\\n\", \"开始解压文件进行增量升级\\n\", \"将打包文件上到到远程公共目\\n\", \"jar包成功上传至目标机器192.168.43.224路径为:/home/wlgma/yatai/\\n\", \"开始解压文件进行增量升级\\n\", \"创建：META-INF/\\n  解压 META-INF/MANIFEST.MF\\n  解压 webapps/template/ftl/SpecificPolicyContract0923(5).ftl\\n  解压 webapps/WEB-INF/classes/resources/ApplicationResourcesGC.properties\\n  解压 webapps/WEB-INF/classes/resources/ApplicationResourcesGC_zh_CN.properties\\n  解压 webapps/WEB-INF/classes/resources/ApplicationResourcesGC_zh_HK.properties\\n展开：webapps/WEB-INF/classes/resources/ApplicationResourcesGW.properties\\n  解压 webapps/WEB-INF/classes/resources/ApplicationResourcesGW_zh_CN.properties\\n展开：webapps/WEB-INF/classes/resources/ApplicationResourcesGW_zh_HK.properties\\n展开：webapps/WEB-INF/classes/resources/ApplicationResourcesGD.properties\\n展开：webapps/WEB-INF/classes/resources/ApplicationResourcesGD_zh_CN.properties\\n展开：webapps/WEB-INF/classes/resources/ApplicationResourcesGD_zh_HK.properties\\n展开：webapps/WEB-INF/classes/resources/ApplicationResourcesGE.properties\\n展开：webapps/WEB-INF/classes/resources/ApplicationResourcesGE_zh_CN.properties\\n展开：webapps/WEB-INF/classes/resources/ApplicationResourcesGE_zh_HK.properties\\n  解压 webapps/WEB-INF/classes/resources/ApplicationResourcesGG_en_US.properties\\n  解压 webapps/WEB-INF/classes/resources/ApplicationResourcesGG_zh_CN.properties\\n  解压 webapps/WEB-INF/classes/resources/ApplicationResourcesGG_zh_HK.properties\\n展开：webapps/WEB-INF/classes/resources/ApplicationResourcesGP.properties\\n  解压 webapps/WEB-INF/classes/resources/ApplicationResourcesGP_zh_CN.properties\\n  解压 webapps/WEB-INF/classes/resources/ApplicationResourcesGP_zh_HK.properties\\n  解压 webapps/WEB-INF/classes/resources/ApplicationResourcesGP_en_US.properties\\n展开：webapps/WEB-INF/classes/resources/ApplicationResourcesGR.properties\\n  解压 webapps/WEB-INF/classes/resources/ApplicationResourcesGR_zh_CN.properties\\n  解压 webapps/WEB-INF/classes/resources/ApplicationResourcesGR_zh_HK.properties\\n  解压 webapps/WEB-INF/classes/resources/ApplicationResourcesGS.properties\\n  解压 webapps/WEB-INF/classes/resources/ApplicationResourcesGS_zh_CN.properties\\n  解压 webapps/WEB-INF/classes/resources/ApplicationResourcesGS_zh_HK.properties\\n展开：webapps/WEB-INF/classes/resources/ApplicationResourcesGU.properties\\n  解压 webapps/WEB-INF/classes/resources/ApplicationResourcesGU_zh_CN.properties\\n  解压 webapps/WEB-INF/classes/resources/ApplicationResourcesGU_zh_HK.properties\\n  解压 webapps/WEB-INF/classes/resources/ApplicationResourcesPUB_en_US.properties\\n  解压 webapps/WEB-INF/classes/resources/ApplicationResourcesPUB_zh_CN.properties\\n  解压 webapps/WEB-INF/classes/resources/ApplicationResourcesPUB_zh_HK.properties\\n展开：webapps/WEB-INF/classes/resources/ApplicationResourcesSQ_en_US.properties\\n展开：webapps/WEB-INF/classes/resources/ApplicationResourcesSQ_zh_CN.properties\\n展开：webapps/WEB-INF/classes/resources/ApplicationResourcesSQ_zh_HK.properties\\n0\\n\", \"创建：META-INF/\\n  解压 META-INF/MANIFEST.MF\\n  解压 webapps/template/ftl/SpecificPolicyContract0923(5).ftl\\n  解压 webapps/WEB-INF/classes/resources/ApplicationResourcesGC.properties\\n  解压 webapps/WEB-INF/classes/resources/ApplicationResourcesGC_zh_CN.properties\\n  解压 webapps/WEB-INF/classes/resources/ApplicationResourcesGC_zh_HK.properties\\n展开：webapps/WEB-INF/classes/resources/ApplicationResourcesGW.properties\\n  解压 webapps/WEB-INF/classes/resources/ApplicationResourcesGW_zh_CN.properties\\n展开：webapps/WEB-INF/classes/resources/ApplicationResourcesGW_zh_HK.properties\\n展开：webapps/WEB-INF/classes/resources/ApplicationResourcesGD.properties\\n展开：webapps/WEB-INF/classes/resources/ApplicationResourcesGD_zh_CN.properties\\n展开：webapps/WEB-INF/classes/resources/ApplicationResourcesGD_zh_HK.properties\\n展开：webapps/WEB-INF/classes/resources/ApplicationResourcesGE.properties\\n展开：webapps/WEB-INF/classes/resources/ApplicationResourcesGE_zh_CN.properties\\n展开：webapps/WEB-INF/classes/resources/ApplicationResourcesGE_zh_HK.properties\\n  解压 webapps/WEB-INF/classes/resources/ApplicationResourcesGG_en_US.properties\\n  解压 webapps/WEB-INF/classes/resources/ApplicationResourcesGG_zh_CN.properties\\n  解压 webapps/WEB-INF/classes/resources/ApplicationResourcesGG_zh_HK.properties\\n展开：webapps/WEB-INF/classes/resources/ApplicationResourcesGP.properties\\n  解压 webapps/WEB-INF/classes/resources/ApplicationResourcesGP_zh_CN.properties\\n  解压 webapps/WEB-INF/classes/resources/ApplicationResourcesGP_zh_HK.properties\\n  解压 webapps/WEB-INF/classes/resources/ApplicationResourcesGP_en_US.properties\\n展开：webapps/WEB-INF/classes/resources/ApplicationResourcesGR.properties\\n  解压 webapps/WEB-INF/classes/resources/ApplicationResourcesGR_zh_CN.properties\\n  解压 webapps/WEB-INF/classes/resources/ApplicationResourcesGR_zh_HK.properties\\n  解压 webapps/WEB-INF/classes/resources/ApplicationResourcesGS.properties\\n  解压 webapps/WEB-INF/classes/resources/ApplicationResourcesGS_zh_CN.properties\\n  解压 webapps/WEB-INF/classes/resources/ApplicationResourcesGS_zh_HK.properties\\n展开：webapps/WEB-INF/classes/resources/ApplicationResourcesGU.properties\\n  解压 webapps/WEB-INF/classes/resources/ApplicationResourcesGU_zh_CN.properties\\n  解压 webapps/WEB-INF/classes/resources/ApplicationResourcesGU_zh_HK.properties\\n  解压 webapps/WEB-INF/classes/resources/ApplicationResourcesPUB_en_US.properties\\n  解压 webapps/WEB-INF/classes/resources/ApplicationResourcesPUB_zh_CN.properties\\n  解压 webapps/WEB-INF/classes/resources/ApplicationResourcesPUB_zh_HK.properties\\n展开：webapps/WEB-INF/classes/resources/ApplicationResourcesSQ_en_US.properties\\n展开：webapps/WEB-INF/classes/resources/ApplicationResourcesSQ_zh_CN.properties\\n展开：webapps/WEB-INF/classes/resources/ApplicationResourcesSQ_zh_HK.properties\\n0\\n\", \"jar包成功上传至目标机器192.168.43.188路径为:/home/wlgma/yatai/\\n\", \"开始解压文件进行增量升级\\n\", \"创建：META-INF/\\n  解压 META-INF/MANIFEST.MF\\n  解压 webapps/template/ftl/SpecificPolicyContract0923(5).ftl\\n  解压 webapps/WEB-INF/classes/resources/ApplicationResourcesGC.properties\\n  解压 webapps/WEB-INF/classes/resources/ApplicationResourcesGC_zh_CN.properties\\n  解压 webapps/WEB-INF/classes/resources/ApplicationResourcesGC_zh_HK.properties\\n展开：webapps/WEB-INF/classes/resources/ApplicationResourcesGW.properties\\n  解压 webapps/WEB-INF/classes/resources/ApplicationResourcesGW_zh_CN.properties\\n展开：webapps/WEB-INF/classes/resources/ApplicationResourcesGW_zh_HK.properties\\n展开：webapps/WEB-INF/classes/resources/ApplicationResourcesGD.properties\\n展开：webapps/WEB-INF/classes/resources/ApplicationResourcesGD_zh_CN.properties\\n展开：webapps/WEB-INF/classes/resources/ApplicationResourcesGD_zh_HK.properties\\n展开：webapps/WEB-INF/classes/resources/ApplicationResourcesGE.properties\\n展开：webapps/WEB-INF/classes/resources/ApplicationResourcesGE_zh_CN.properties\\n展开：webapps/WEB-INF/classes/resources/ApplicationResourcesGE_zh_HK.properties\\n  解压 webapps/WEB-INF/classes/resources/ApplicationResourcesGG_en_US.properties\\n  解压 webapps/WEB-INF/classes/resources/ApplicationResourcesGG_zh_CN.properties\\n  解压 webapps/WEB-INF/classes/resources/ApplicationResourcesGG_zh_HK.properties\\n展开：webapps/WEB-INF/classes/resources/ApplicationResourcesGP.properties\\n  解压 webapps/WEB-INF/classes/resources/ApplicationResourcesGP_zh_CN.properties\\n  解压 webapps/WEB-INF/classes/resources/ApplicationResourcesGP_zh_HK.properties\\n  解压 webapps/WEB-INF/classes/resources/ApplicationResourcesGP_en_US.properties\\n展开：webapps/WEB-INF/classes/resources/ApplicationResourcesGR.properties\\n  解压 webapps/WEB-INF/classes/resources/ApplicationResourcesGR_zh_CN.properties\\n  解压 webapps/WEB-INF/classes/resources/ApplicationResourcesGR_zh_HK.properties\\n  解压 webapps/WEB-INF/classes/resources/ApplicationResourcesGS.properties\\n  解压 webapps/WEB-INF/classes/resources/ApplicationResourcesGS_zh_CN.properties\\n  解压 webapps/WEB-INF/classes/resources/ApplicationResourcesGS_zh_HK.properties\\n展开：webapps/WEB-INF/classes/resources/ApplicationResourcesGU.properties\\n  解压 webapps/WEB-INF/classes/resources/ApplicationResourcesGU_zh_CN.properties\\n  解压 webapps/WEB-INF/classes/resources/ApplicationResourcesGU_zh_HK.properties\\n  解压 webapps/WEB-INF/classes/resources/ApplicationResourcesPUB_en_US.properties\\n  解压 webapps/WEB-INF/classes/resources/ApplicationResourcesPUB_zh_CN.properties\\n  解压 webapps/WEB-INF/classes/resources/ApplicationResourcesPUB_zh_HK.properties\\n展开：webapps/WEB-INF/classes/resources/ApplicationResourcesSQ_en_US.properties\\n展开：webapps/WEB-INF/classes/resources/ApplicationResourcesSQ_zh_CN.properties\\n展开：webapps/WEB-INF/classes/resources/ApplicationResourcesSQ_zh_HK.properties\\n0\\n\", \"第一批服务器开始进行升级操作！！！\\n\", \"##############################\\n\", \"##############################\\n\", \"当前机器ip为:192.168.43.212###\\n\", \"当前机器ip为:192.168.43.224###\\n\", \"##############################\\n\", \"##############################\\n\", \"服务器：192.168.43.212 7001开始进行启停weblogic操作！\\n\", \"服务器：192.168.43.224 7001开始进行启停weblogic操作！\\n\", \"服务器：192.168.43.224 的端口号为:7001\\n\", \"服务器：192.168.43.212 的端口号为:7001\\n\", \"服务器：192.168.43.224 查看进行pid，并杀掉进程\\n\", \"服务器：192.168.43.212 查看进行pid，并杀掉进程\\n\", \"服务器：192.168.43.224 进程号为:16946的进程。中断成功\\n\", \"服务器：192.168.43.212 进程号为:15878的进程。中断成功\\n\", \"进入服务器：192.168.43.224 日志缓存目录为：/home/wlgma/yatai/logs并清除缓存\\n\", \"进入服务器：192.168.43.212 日志缓存目录为：/home/wlgma/yatai/logs并清除缓存\\n\", \"清除缓存成功\\n\", \"清除缓存成功\\n\", \"nohup启动192.168.43.224 7001 的weblogic服务器\\n\", \"nohup启动192.168.43.212 7001 的weblogic服务器\\n\", \"查看192.168.43.212 7001的控制台是否启动。。。\\n\", \"查看192.168.43.224 7001的控制台是否启动。。。\\n\", \"检测过程持续5分钟,请耐心等待！！！\\n\", \"检测过程持续5分钟,请耐心等待！！！\\n\", \"192.168.43.212:7001:服务器启动成功！\\n\", \"192.168.43.224:7001:服务器启动成功！\\n\", \"192.168.43.212 7001 的服务器所有操作流程执行完毕！！！\\n\", \"192.168.43.224 7001 的服务器所有操作流程执行完毕！！！\\n\", \"第二批服务器开始进行升级操作！！！\\n\", \"##############################\\n\", \"当前机器ip为:192.168.43.188###\\n\", \"##############################\\n\", \"服务器：192.168.43.188 7001开始进行启停weblogic操作！\\n\", \"服务器：192.168.43.188 的端口号为:7001\\n\", \"服务器：192.168.43.188 查看进行pid，并杀掉进程\\n\", \"服务器：192.168.43.188 进程号为:17857的进程。中断成功\\n\", \"进入服务器：192.168.43.188 日志缓存目录为：/home/wlgma/yatai/logs并清除缓存\\n\", \"清除缓存成功\\n\", \"nohup启动192.168.43.188 7001 的weblogic服务器\\n\", \"查看192.168.43.188 7001的控制台是否启动。。。\\n\", \"检测过程持续5分钟,请耐心等待！！！\\n\", \"192.168.43.188:7001:服务器启动成功！\\n\", \"192.168.43.188 7001 的服务器所有操作流程执行完毕！！！\\n\", \"当前任务下所有服务器执行命令完成,任务执行成功(^_^)\\\"!\\n\"]', NULL, NULL, NULL, 591);
INSERT INTO `log` VALUES (120, '作业日志592', '[\"开始执行任务\\n\", \"服务器开始进行备份操作！！！\\n\", \"服务器：192.168.43.212 开始进行备份操作,备份路径为：/home/wlgma/yatai/\\n\", \"服务器：192.168.43.212 开始建立远程连接\\n\", \"服务器：192.168.43.212 备份文件,备份时间: 20190902150518\\n\", \"服务器：192.168.43.212 备份文件路径为：/home/wlgma/yatai/backup2,备份后的路径为：/home/wlgma/yatai/backup2/webapps20190902150518\\n\", \"服务器：192.168.43.212 备份文件路径为：/home/wlgma/yatai/backup,备份后的路径为：/home/wlgma/yatai/backup/webapps20190902150518\\n\", \"服务器开始进行备份操作！！！\\n\", \"服务器：192.168.43.224 开始进行备份操作,备份路径为：/home/wlgma/yatai/\\n\", \"服务器：192.168.43.224 开始建立远程连接\\n\", \"服务器：192.168.43.212 文件备份成功，文件名为:/home/wlgma/yatai/backup/webapps20190902150518\\n\", \"服务器：192.168.43.224 备份文件,备份时间: 20190902150518\\n\", \"服务器：192.168.43.212 文件备份成功，文件名为:/home/wlgma/yatai/backup2/webapps20190902150518\\n\", \"服务器：192.168.43.224 备份文件路径为：/home/wlgma/yatai/backup2,备份后的路径为：/home/wlgma/yatai/backup2/webapps20190902150518\\n\", \"服务器：192.168.43.224 备份文件路径为：/home/wlgma/yatai/backup,备份后的路径为：/home/wlgma/yatai/backup/webapps20190902150518\\n\", \"服务器开始进行备份操作！！！\\n\", \"服务器：192.168.43.224 文件备份成功，文件名为:/home/wlgma/yatai/backup2/webapps20190902150518\\n\", \"服务器：192.168.43.224 文件备份成功，文件名为:/home/wlgma/yatai/backup/webapps20190902150518\\n\", \"服务器：192.168.43.188 开始进行备份操作,备份路径为：/home/wlgma/yatai/\\n\", \"服务器：192.168.43.188 开始建立远程连接\\n\", \"服务器：192.168.43.188 备份文件,备份时间: 20190902150518\\n\", \"服务器：192.168.43.188 备份文件路径为：/home/wlgma/yatai/backup2,备份后的路径为：/home/wlgma/yatai/backup2/webapps20190902150518\\n\", \"服务器：192.168.43.188 备份文件路径为：/home/wlgma/yatai/backup,备份后的路径为：/home/wlgma/yatai/backup/webapps20190902150518\\n\", \"第一批服务器开始进行升级操作！！！\\n\", \"##############################\\n\", \"##############################\\n\", \"当前机器ip为:192.168.43.212###\\n\", \"当前机器ip为:192.168.43.224###\\n\", \"##############################\\n\", \"##############################\\n\", \"第二批服务器开始进行升级操作！！！\\n\", \"##############################\\n\", \"当前机器ip为:192.168.43.188###\\n\", \"##############################\\n\", \"当前任务下所有服务器执行命令完成,任务执行成功(^_^)\\\"!\\n\", \"服务器：192.168.43.188 文件备份成功，文件名为:/home/wlgma/yatai/backup/webapps20190902150518\\n\", \"服务器：192.168.43.188 文件备份成功，文件名为:/home/wlgma/yatai/backup2/webapps20190902150518\\n\", \"开始执行任务\\n\", \"服务器开始进行回滚操作！！！\\n\", \"服务器：192.168.43.212 开始进行回退操作!\\n\", \"服务器：192.168.43.224 开始进行回退操作!\\n\", \"服务器：192.168.43.188 开始进行回退操作!\\n\", \"服务器：192.168.43.212 开始建立远程连接\\n\", \"服务器：192.168.43.224 开始建立远程连接\\n\", \"服务器：192.168.43.188 开始建立远程连接\\n\", \"192.168.43.224 :服务器将备份目录文件/home/wlgma/yatai/backup2/webapps20190902150518移动到应用目录/home/wlgma/yatai/webapps20190902150518\\n\", \"192.168.43.212 :服务器将备份目录文件/home/wlgma/yatai/backup2/webapps20190902150518移动到应用目录/home/wlgma/yatai/webapps20190902150518\\n\", \"192.168.43.224 :服务器复制文件成功\\n\", \"192.168.43.212 :服务器复制文件成功\\n\", \"192.168.43.188 :服务器将备份目录文件/home/wlgma/yatai/backup2/webapps20190902150518移动到应用目录/home/wlgma/yatai/webapps20190902150518\\n\", \"192.168.43.224 :服务器将/home/wlgma/yatai/webapps修改为/home/wlgma/yatai/webapps_bak20190902150604\\n\", \"192.168.43.212 :服务器将/home/wlgma/yatai/webapps修改为/home/wlgma/yatai/webapps_bak20190902150604\\n\", \"192.168.43.224 :服务器将/home/wlgma/yatai/webapps20190902150518修改成/home/wlgma/yatai/webapps\\n\", \"192.168.43.212 :服务器将/home/wlgma/yatai/webapps20190902150518修改成/home/wlgma/yatai/webapps\\n\", \"192.168.43.188 :服务器复制文件成功\\n\", \"192.168.43.188 :服务器将/home/wlgma/yatai/webapps修改为/home/wlgma/yatai/webapps_bak20190902150604\\n\", \"192.168.43.188 :服务器将/home/wlgma/yatai/webapps20190902150518修改成/home/wlgma/yatai/webapps\\n\", \"服务器回滚操作全部完成,开始进行服务器启停操作\\n\", \"第一批服务器开始进行升级操作！！！\\n\", \"##############################\\n\", \"##############################\\n\", \"当前机器ip为:192.168.43.212###\\n\", \"当前机器ip为:192.168.43.224###\\n\", \"##############################\\n\", \"##############################\\n\", \"第二批服务器开始进行升级操作！！！\\n\", \"##############################\\n\", \"当前机器ip为:192.168.43.188###\\n\", \"##############################\\n\", \"当前任务下所有服务器执行命令完成,任务执行成功(^_^)\\\"!\\n\"]', NULL, NULL, NULL, 592);
INSERT INTO `log` VALUES (121, '作业日志593', '[\"开始执行任务\\n\", \"服务器开始进行备份操作！！！\\n\", \"服务器：192.168.43.212 开始进行备份操作,备份路径为：/home/wlgma/yatai/\\n\", \"服务器：192.168.43.212 开始建立远程连接\\n\", \"服务器：192.168.43.212 备份文件,备份时间: 20190902150549\\n\", \"服务器：192.168.43.212 备份文件路径为：/home/wlgma/yatai/backup2,备份后的路径为：/home/wlgma/yatai/backup2/webapps20190902150549\\n\", \"服务器：192.168.43.212 备份文件路径为：/home/wlgma/yatai/backup,备份后的路径为：/home/wlgma/yatai/backup/webapps20190902150549\\n\", \"将打包文件上到到远程公共目\\n\", \"服务器开始进行备份操作！！！\\n\", \"服务器：192.168.43.224 开始进行备份操作,备份路径为：/home/wlgma/yatai/\\n\", \"服务器：192.168.43.212 文件备份成功，文件名为:/home/wlgma/yatai/backup2/webapps20190902150549\\n\", \"服务器：192.168.43.212 文件备份成功，文件名为:/home/wlgma/yatai/backup/webapps20190902150549\\n\", \"服务器：192.168.43.224 开始建立远程连接\\n\", \"服务器：192.168.43.224 备份文件,备份时间: 20190902150549\\n\", \"服务器：192.168.43.224 备份文件路径为：/home/wlgma/yatai/backup2,备份后的路径为：/home/wlgma/yatai/backup2/webapps20190902150549\\n\", \"服务器：192.168.43.224 备份文件路径为：/home/wlgma/yatai/backup,备份后的路径为：/home/wlgma/yatai/backup/webapps20190902150549\\n\", \"将打包文件上到到远程公共目\\n\", \"jar包成功上传至目标机器192.168.43.212路径为:/home/wlgma/yatai/\\n\", \"服务器开始进行备份操作！！！\\n\", \"开始解压文件进行增量升级\\n\", \"服务器：192.168.43.188 开始进行备份操作,备份路径为：/home/wlgma/yatai/\\n\", \"服务器：192.168.43.188 开始建立远程连接\\n\", \"服务器：192.168.43.224 文件备份成功，文件名为:/home/wlgma/yatai/backup2/webapps20190902150549\\n\", \"服务器：192.168.43.224 文件备份成功，文件名为:/home/wlgma/yatai/backup/webapps20190902150549\\n\", \"服务器：192.168.43.188 备份文件,备份时间: 20190902150549\\n\", \"服务器：192.168.43.188 备份文件路径为：/home/wlgma/yatai/backup2,备份后的路径为：/home/wlgma/yatai/backup2/webapps20190902150549\\n\", \"服务器：192.168.43.188 备份文件路径为：/home/wlgma/yatai/backup,备份后的路径为：/home/wlgma/yatai/backup/webapps20190902150549\\n\", \"将打包文件上到到远程公共目\\n\", \"jar包成功上传至目标机器192.168.43.224路径为:/home/wlgma/yatai/\\n\", \"开始解压文件进行增量升级\\n\", \"创建：META-INF/\\n  解压 META-INF/MANIFEST.MF\\n  解压 webapps/template/ftl/SpecificPolicyContract0923(5).ftl\\n  解压 webapps/WEB-INF/classes/resources/ApplicationResourcesGC.properties\\n  解压 webapps/WEB-INF/classes/resources/ApplicationResourcesGC_zh_CN.properties\\n  解压 webapps/WEB-INF/classes/resources/ApplicationResourcesGC_zh_HK.properties\\n展开：webapps/WEB-INF/classes/resources/ApplicationResourcesGW.properties\\n  解压 webapps/WEB-INF/classes/resources/ApplicationResourcesGW_zh_CN.properties\\n展开：webapps/WEB-INF/classes/resources/ApplicationResourcesGW_zh_HK.properties\\n展开：webapps/WEB-INF/classes/resources/ApplicationResourcesGD.properties\\n展开：webapps/WEB-INF/classes/resources/ApplicationResourcesGD_zh_CN.properties\\n展开：webapps/WEB-INF/classes/resources/ApplicationResourcesGD_zh_HK.properties\\n展开：webapps/WEB-INF/classes/resources/ApplicationResourcesGE.properties\\n展开：webapps/WEB-INF/classes/resources/ApplicationResourcesGE_zh_CN.properties\\n展开：webapps/WEB-INF/classes/resources/ApplicationResourcesGE_zh_HK.properties\\n  解压 webapps/WEB-INF/classes/resources/ApplicationResourcesGG_en_US.properties\\n  解压 webapps/WEB-INF/classes/resources/ApplicationResourcesGG_zh_CN.properties\\n  解压 webapps/WEB-INF/classes/resources/ApplicationResourcesGG_zh_HK.properties\\n展开：webapps/WEB-INF/classes/resources/ApplicationResourcesGP.properties\\n  解压 webapps/WEB-INF/classes/resources/ApplicationResourcesGP_zh_CN.properties\\n  解压 webapps/WEB-INF/classes/resources/ApplicationResourcesGP_zh_HK.properties\\n  解压 webapps/WEB-INF/classes/resources/ApplicationResourcesGP_en_US.properties\\n展开：webapps/WEB-INF/classes/resources/ApplicationResourcesGR.properties\\n  解压 webapps/WEB-INF/classes/resources/ApplicationResourcesGR_zh_CN.properties\\n  解压 webapps/WEB-INF/classes/resources/ApplicationResourcesGR_zh_HK.properties\\n  解压 webapps/WEB-INF/classes/resources/ApplicationResourcesGS.properties\\n  解压 webapps/WEB-INF/classes/resources/ApplicationResourcesGS_zh_CN.properties\\n  解压 webapps/WEB-INF/classes/resources/ApplicationResourcesGS_zh_HK.properties\\n展开：webapps/WEB-INF/classes/resources/ApplicationResourcesGU.properties\\n  解压 webapps/WEB-INF/classes/resources/ApplicationResourcesGU_zh_CN.properties\\n  解压 webapps/WEB-INF/classes/resources/ApplicationResourcesGU_zh_HK.properties\\n  解压 webapps/WEB-INF/classes/resources/ApplicationResourcesPUB_en_US.properties\\n  解压 webapps/WEB-INF/classes/resources/ApplicationResourcesPUB_zh_CN.properties\\n  解压 webapps/WEB-INF/classes/resources/ApplicationResourcesPUB_zh_HK.properties\\n展开：webapps/WEB-INF/classes/resources/ApplicationResourcesSQ_en_US.properties\\n展开：webapps/WEB-INF/classes/resources/ApplicationResourcesSQ_zh_CN.properties\\n展开：webapps/WEB-INF/classes/resources/ApplicationResourcesSQ_zh_HK.properties\\n0\\n\", \"服务器：192.168.43.188 文件备份成功，文件名为:/home/wlgma/yatai/backup2/webapps20190902150549\\n\", \"服务器：192.168.43.188 文件备份成功，文件名为:/home/wlgma/yatai/backup/webapps20190902150549\\n\", \"创建：META-INF/\\n  解压 META-INF/MANIFEST.MF\\n  解压 webapps/template/ftl/SpecificPolicyContract0923(5).ftl\\n  解压 webapps/WEB-INF/classes/resources/ApplicationResourcesGC.properties\\n  解压 webapps/WEB-INF/classes/resources/ApplicationResourcesGC_zh_CN.properties\\n  解压 webapps/WEB-INF/classes/resources/ApplicationResourcesGC_zh_HK.properties\\n展开：webapps/WEB-INF/classes/resources/ApplicationResourcesGW.properties\\n  解压 webapps/WEB-INF/classes/resources/ApplicationResourcesGW_zh_CN.properties\\n展开：webapps/WEB-INF/classes/resources/ApplicationResourcesGW_zh_HK.properties\\n展开：webapps/WEB-INF/classes/resources/ApplicationResourcesGD.properties\\n展开：webapps/WEB-INF/classes/resources/ApplicationResourcesGD_zh_CN.properties\\n展开：webapps/WEB-INF/classes/resources/ApplicationResourcesGD_zh_HK.properties\\n展开：webapps/WEB-INF/classes/resources/ApplicationResourcesGE.properties\\n展开：webapps/WEB-INF/classes/resources/ApplicationResourcesGE_zh_CN.properties\\n展开：webapps/WEB-INF/classes/resources/ApplicationResourcesGE_zh_HK.properties\\n  解压 webapps/WEB-INF/classes/resources/ApplicationResourcesGG_en_US.properties\\n  解压 webapps/WEB-INF/classes/resources/ApplicationResourcesGG_zh_CN.properties\\n  解压 webapps/WEB-INF/classes/resources/ApplicationResourcesGG_zh_HK.properties\\n展开：webapps/WEB-INF/classes/resources/ApplicationResourcesGP.properties\\n  解压 webapps/WEB-INF/classes/resources/ApplicationResourcesGP_zh_CN.properties\\n  解压 webapps/WEB-INF/classes/resources/ApplicationResourcesGP_zh_HK.properties\\n  解压 webapps/WEB-INF/classes/resources/ApplicationResourcesGP_en_US.properties\\n展开：webapps/WEB-INF/classes/resources/ApplicationResourcesGR.properties\\n  解压 webapps/WEB-INF/classes/resources/ApplicationResourcesGR_zh_CN.properties\\n  解压 webapps/WEB-INF/classes/resources/ApplicationResourcesGR_zh_HK.properties\\n  解压 webapps/WEB-INF/classes/resources/ApplicationResourcesGS.properties\\n  解压 webapps/WEB-INF/classes/resources/ApplicationResourcesGS_zh_CN.properties\\n  解压 webapps/WEB-INF/classes/resources/ApplicationResourcesGS_zh_HK.properties\\n展开：webapps/WEB-INF/classes/resources/ApplicationResourcesGU.properties\\n  解压 webapps/WEB-INF/classes/resources/ApplicationResourcesGU_zh_CN.properties\\n  解压 webapps/WEB-INF/classes/resources/ApplicationResourcesGU_zh_HK.properties\\n  解压 webapps/WEB-INF/classes/resources/ApplicationResourcesPUB_en_US.properties\\n  解压 webapps/WEB-INF/classes/resources/ApplicationResourcesPUB_zh_CN.properties\\n  解压 webapps/WEB-INF/classes/resources/ApplicationResourcesPUB_zh_HK.properties\\n展开：webapps/WEB-INF/classes/resources/ApplicationResourcesSQ_en_US.properties\\n展开：webapps/WEB-INF/classes/resources/ApplicationResourcesSQ_zh_CN.properties\\n展开：webapps/WEB-INF/classes/resources/ApplicationResourcesSQ_zh_HK.properties\\n0\\n\", \"jar包成功上传至目标机器192.168.43.188路径为:/home/wlgma/yatai/\\n\", \"开始解压文件进行增量升级\\n\", \"创建：META-INF/\\n  解压 META-INF/MANIFEST.MF\\n  解压 webapps/template/ftl/SpecificPolicyContract0923(5).ftl\\n  解压 webapps/WEB-INF/classes/resources/ApplicationResourcesGC.properties\\n  解压 webapps/WEB-INF/classes/resources/ApplicationResourcesGC_zh_CN.properties\\n  解压 webapps/WEB-INF/classes/resources/ApplicationResourcesGC_zh_HK.properties\\n展开：webapps/WEB-INF/classes/resources/ApplicationResourcesGW.properties\\n  解压 webapps/WEB-INF/classes/resources/ApplicationResourcesGW_zh_CN.properties\\n展开：webapps/WEB-INF/classes/resources/ApplicationResourcesGW_zh_HK.properties\\n展开：webapps/WEB-INF/classes/resources/ApplicationResourcesGD.properties\\n展开：webapps/WEB-INF/classes/resources/ApplicationResourcesGD_zh_CN.properties\\n展开：webapps/WEB-INF/classes/resources/ApplicationResourcesGD_zh_HK.properties\\n展开：webapps/WEB-INF/classes/resources/ApplicationResourcesGE.properties\\n展开：webapps/WEB-INF/classes/resources/ApplicationResourcesGE_zh_CN.properties\\n展开：webapps/WEB-INF/classes/resources/ApplicationResourcesGE_zh_HK.properties\\n  解压 webapps/WEB-INF/classes/resources/ApplicationResourcesGG_en_US.properties\\n  解压 webapps/WEB-INF/classes/resources/ApplicationResourcesGG_zh_CN.properties\\n  解压 webapps/WEB-INF/classes/resources/ApplicationResourcesGG_zh_HK.properties\\n展开：webapps/WEB-INF/classes/resources/ApplicationResourcesGP.properties\\n  解压 webapps/WEB-INF/classes/resources/ApplicationResourcesGP_zh_CN.properties\\n  解压 webapps/WEB-INF/classes/resources/ApplicationResourcesGP_zh_HK.properties\\n  解压 webapps/WEB-INF/classes/resources/ApplicationResourcesGP_en_US.properties\\n展开：webapps/WEB-INF/classes/resources/ApplicationResourcesGR.properties\\n  解压 webapps/WEB-INF/classes/resources/ApplicationResourcesGR_zh_CN.properties\\n  解压 webapps/WEB-INF/classes/resources/ApplicationResourcesGR_zh_HK.properties\\n  解压 webapps/WEB-INF/classes/resources/ApplicationResourcesGS.properties\\n  解压 webapps/WEB-INF/classes/resources/ApplicationResourcesGS_zh_CN.properties\\n  解压 webapps/WEB-INF/classes/resources/ApplicationResourcesGS_zh_HK.properties\\n展开：webapps/WEB-INF/classes/resources/ApplicationResourcesGU.properties\\n  解压 webapps/WEB-INF/classes/resources/ApplicationResourcesGU_zh_CN.properties\\n  解压 webapps/WEB-INF/classes/resources/ApplicationResourcesGU_zh_HK.properties\\n  解压 webapps/WEB-INF/classes/resources/ApplicationResourcesPUB_en_US.properties\\n  解压 webapps/WEB-INF/classes/resources/ApplicationResourcesPUB_zh_CN.properties\\n  解压 webapps/WEB-INF/classes/resources/ApplicationResourcesPUB_zh_HK.properties\\n展开：webapps/WEB-INF/classes/resources/ApplicationResourcesSQ_en_US.properties\\n展开：webapps/WEB-INF/classes/resources/ApplicationResourcesSQ_zh_CN.properties\\n展开：webapps/WEB-INF/classes/resources/ApplicationResourcesSQ_zh_HK.properties\\n0\\n\", \"第一批服务器开始进行升级操作！！！\\n\", \"##############################\\n\", \"##############################\\n\", \"当前机器ip为:192.168.43.212###\\n\", \"当前机器ip为:192.168.43.224###\\n\", \"##############################\\n\", \"##############################\\n\", \"第二批服务器开始进行升级操作！！！\\n\", \"##############################\\n\", \"当前机器ip为:192.168.43.188###\\n\", \"##############################\\n\", \"当前任务下所有服务器执行命令完成,任务执行成功(^_^)\\\"!\\n\", \"开始执行任务\\n\", \"服务器开始进行回滚操作！！！\\n\", \"服务器：192.168.43.212 开始进行回退操作!\\n\", \"服务器：192.168.43.224 开始进行回退操作!\\n\", \"服务器：192.168.43.188 开始进行回退操作!\\n\", \"服务器：192.168.43.212 开始建立远程连接\\n\", \"服务器：192.168.43.188 开始建立远程连接\\n\", \"服务器：192.168.43.224 开始建立远程连接\\n\", \"192.168.43.212 :服务器将备份目录文件/home/wlgma/yatai/backup2/webapps20190902150549移动到应用目录/home/wlgma/yatai/webapps20190902150549\\n\", \"192.168.43.188 :服务器将备份目录文件/home/wlgma/yatai/backup2/webapps20190902150549移动到应用目录/home/wlgma/yatai/webapps20190902150549\\n\", \"192.168.43.212 :服务器复制文件成功\\n\", \"192.168.43.212 :服务器将/home/wlgma/yatai/webapps修改为/home/wlgma/yatai/webapps_bak20190902150618\\n\", \"192.168.43.224 :服务器将备份目录文件/home/wlgma/yatai/backup2/webapps20190902150549移动到应用目录/home/wlgma/yatai/webapps20190902150549\\n\", \"192.168.43.188 :服务器复制文件成功\\n\", \"192.168.43.212 :服务器将/home/wlgma/yatai/webapps20190902150549修改成/home/wlgma/yatai/webapps\\n\", \"192.168.43.188 :服务器将/home/wlgma/yatai/webapps修改为/home/wlgma/yatai/webapps_bak20190902150618\\n\", \"192.168.43.224 :服务器复制文件成功\\n\", \"192.168.43.224 :服务器将/home/wlgma/yatai/webapps修改为/home/wlgma/yatai/webapps_bak20190902150618\\n\", \"192.168.43.188 :服务器将/home/wlgma/yatai/webapps20190902150549修改成/home/wlgma/yatai/webapps\\n\", \"192.168.43.224 :服务器将/home/wlgma/yatai/webapps20190902150549修改成/home/wlgma/yatai/webapps\\n\", \"服务器回滚操作全部完成,开始进行服务器启停操作\\n\", \"第一批服务器开始进行升级操作！！！\\n\", \"##############################\\n\", \"##############################\\n\", \"当前机器ip为:192.168.43.224###\\n\", \"当前机器ip为:192.168.43.212###\\n\", \"##############################\\n\", \"##############################\\n\", \"第二批服务器开始进行升级操作！！！\\n\", \"##############################\\n\", \"当前机器ip为:192.168.43.188###\\n\", \"##############################\\n\", \"当前任务下所有服务器执行命令完成,任务执行成功(^_^)\\\"!\\n\"]', NULL, NULL, NULL, 593);
INSERT INTO `log` VALUES (122, '作业日志594', '[\"开始执行任务\\n\", \"服务器开始进行备份操作！！！\\n\", \"服务器：192.168.43.212 开始进行备份操作,备份路径为：/home/wlgma/yatai/\\n\", \"服务器：192.168.43.212 开始建立远程连接\\n\", \"服务器：192.168.43.212 备份文件,备份时间: 20190902150821\\n\", \"服务器：192.168.43.212 备份文件路径为：/home/wlgma/yatai/backup2,备份后的路径为：/home/wlgma/yatai/backup2/webapps20190902150821\\n\", \"服务器：192.168.43.212 备份文件路径为：/home/wlgma/yatai/backup,备份后的路径为：/home/wlgma/yatai/backup/webapps20190902150821\\n\", \"将打包文件上到到远程公共目\\n\", \"服务器开始进行备份操作！！！\\n\", \"服务器：192.168.43.188 开始进行备份操作,备份路径为：/home/wlgma/yatai/\\n\", \"服务器：192.168.43.188 开始建立远程连接\\n\", \"服务器：192.168.43.188 备份文件,备份时间: 20190902150821\\n\", \"服务器：192.168.43.212 文件备份成功，文件名为:/home/wlgma/yatai/backup/webapps20190902150821\\n\", \"服务器：192.168.43.188 备份文件路径为：/home/wlgma/yatai/backup2,备份后的路径为：/home/wlgma/yatai/backup2/webapps20190902150821\\n\", \"服务器：192.168.43.188 备份文件路径为：/home/wlgma/yatai/backup,备份后的路径为：/home/wlgma/yatai/backup/webapps20190902150821\\n\", \"将打包文件上到到远程公共目\\n\", \"服务器：192.168.43.212 文件备份成功，文件名为:/home/wlgma/yatai/backup2/webapps20190902150821\\n\", \"jar包成功上传至目标机器192.168.43.212路径为:/home/wlgma/yatai/\\n\", \"开始解压文件进行增量升级\\n\", \"服务器：192.168.43.188 文件备份成功，文件名为:/home/wlgma/yatai/backup/webapps20190902150821\\n\", \"服务器：192.168.43.188 文件备份成功，文件名为:/home/wlgma/yatai/backup2/webapps20190902150821\\n\", \"创建：META-INF/\\n  解压 META-INF/MANIFEST.MF\\n  解压 webapps/template/ftl/SpecificPolicyContract0923(5).ftl\\n  解压 webapps/WEB-INF/classes/resources/ApplicationResourcesGC.properties\\n  解压 webapps/WEB-INF/classes/resources/ApplicationResourcesGC_zh_CN.properties\\n  解压 webapps/WEB-INF/classes/resources/ApplicationResourcesGC_zh_HK.properties\\n展开：webapps/WEB-INF/classes/resources/ApplicationResourcesGW.properties\\n  解压 webapps/WEB-INF/classes/resources/ApplicationResourcesGW_zh_CN.properties\\n展开：webapps/WEB-INF/classes/resources/ApplicationResourcesGW_zh_HK.properties\\n展开：webapps/WEB-INF/classes/resources/ApplicationResourcesGD.properties\\n展开：webapps/WEB-INF/classes/resources/ApplicationResourcesGD_zh_CN.properties\\n展开：webapps/WEB-INF/classes/resources/ApplicationResourcesGD_zh_HK.properties\\n展开：webapps/WEB-INF/classes/resources/ApplicationResourcesGE.properties\\n展开：webapps/WEB-INF/classes/resources/ApplicationResourcesGE_zh_CN.properties\\n展开：webapps/WEB-INF/classes/resources/ApplicationResourcesGE_zh_HK.properties\\n  解压 webapps/WEB-INF/classes/resources/ApplicationResourcesGG_en_US.properties\\n  解压 webapps/WEB-INF/classes/resources/ApplicationResourcesGG_zh_CN.properties\\n  解压 webapps/WEB-INF/classes/resources/ApplicationResourcesGG_zh_HK.properties\\n展开：webapps/WEB-INF/classes/resources/ApplicationResourcesGP.properties\\n  解压 webapps/WEB-INF/classes/resources/ApplicationResourcesGP_zh_CN.properties\\n  解压 webapps/WEB-INF/classes/resources/ApplicationResourcesGP_zh_HK.properties\\n  解压 webapps/WEB-INF/classes/resources/ApplicationResourcesGP_en_US.properties\\n展开：webapps/WEB-INF/classes/resources/ApplicationResourcesGR.properties\\n  解压 webapps/WEB-INF/classes/resources/ApplicationResourcesGR_zh_CN.properties\\n  解压 webapps/WEB-INF/classes/resources/ApplicationResourcesGR_zh_HK.properties\\n  解压 webapps/WEB-INF/classes/resources/ApplicationResourcesGS.properties\\n  解压 webapps/WEB-INF/classes/resources/ApplicationResourcesGS_zh_CN.properties\\n  解压 webapps/WEB-INF/classes/resources/ApplicationResourcesGS_zh_HK.properties\\n展开：webapps/WEB-INF/classes/resources/ApplicationResourcesGU.properties\\n  解压 webapps/WEB-INF/classes/resources/ApplicationResourcesGU_zh_CN.properties\\n  解压 webapps/WEB-INF/classes/resources/ApplicationResourcesGU_zh_HK.properties\\n  解压 webapps/WEB-INF/classes/resources/ApplicationResourcesPUB_en_US.properties\\n  解压 webapps/WEB-INF/classes/resources/ApplicationResourcesPUB_zh_CN.properties\\n  解压 webapps/WEB-INF/classes/resources/ApplicationResourcesPUB_zh_HK.properties\\n展开：webapps/WEB-INF/classes/resources/ApplicationResourcesSQ_en_US.properties\\n展开：webapps/WEB-INF/classes/resources/ApplicationResourcesSQ_zh_CN.properties\\n展开：webapps/WEB-INF/classes/resources/ApplicationResourcesSQ_zh_HK.properties\\n0\\n\", \"jar包成功上传至目标机器192.168.43.188路径为:/home/wlgma/yatai/\\n\", \"开始解压文件进行增量升级\\n\", \"创建：META-INF/\\n  解压 META-INF/MANIFEST.MF\\n  解压 webapps/template/ftl/SpecificPolicyContract0923(5).ftl\\n  解压 webapps/WEB-INF/classes/resources/ApplicationResourcesGC.properties\\n  解压 webapps/WEB-INF/classes/resources/ApplicationResourcesGC_zh_CN.properties\\n  解压 webapps/WEB-INF/classes/resources/ApplicationResourcesGC_zh_HK.properties\\n展开：webapps/WEB-INF/classes/resources/ApplicationResourcesGW.properties\\n  解压 webapps/WEB-INF/classes/resources/ApplicationResourcesGW_zh_CN.properties\\n展开：webapps/WEB-INF/classes/resources/ApplicationResourcesGW_zh_HK.properties\\n展开：webapps/WEB-INF/classes/resources/ApplicationResourcesGD.properties\\n展开：webapps/WEB-INF/classes/resources/ApplicationResourcesGD_zh_CN.properties\\n展开：webapps/WEB-INF/classes/resources/ApplicationResourcesGD_zh_HK.properties\\n展开：webapps/WEB-INF/classes/resources/ApplicationResourcesGE.properties\\n展开：webapps/WEB-INF/classes/resources/ApplicationResourcesGE_zh_CN.properties\\n展开：webapps/WEB-INF/classes/resources/ApplicationResourcesGE_zh_HK.properties\\n  解压 webapps/WEB-INF/classes/resources/ApplicationResourcesGG_en_US.properties\\n  解压 webapps/WEB-INF/classes/resources/ApplicationResourcesGG_zh_CN.properties\\n  解压 webapps/WEB-INF/classes/resources/ApplicationResourcesGG_zh_HK.properties\\n展开：webapps/WEB-INF/classes/resources/ApplicationResourcesGP.properties\\n  解压 webapps/WEB-INF/classes/resources/ApplicationResourcesGP_zh_CN.properties\\n  解压 webapps/WEB-INF/classes/resources/ApplicationResourcesGP_zh_HK.properties\\n  解压 webapps/WEB-INF/classes/resources/ApplicationResourcesGP_en_US.properties\\n展开：webapps/WEB-INF/classes/resources/ApplicationResourcesGR.properties\\n  解压 webapps/WEB-INF/classes/resources/ApplicationResourcesGR_zh_CN.properties\\n  解压 webapps/WEB-INF/classes/resources/ApplicationResourcesGR_zh_HK.properties\\n  解压 webapps/WEB-INF/classes/resources/ApplicationResourcesGS.properties\\n  解压 webapps/WEB-INF/classes/resources/ApplicationResourcesGS_zh_CN.properties\\n  解压 webapps/WEB-INF/classes/resources/ApplicationResourcesGS_zh_HK.properties\\n展开：webapps/WEB-INF/classes/resources/ApplicationResourcesGU.properties\\n  解压 webapps/WEB-INF/classes/resources/ApplicationResourcesGU_zh_CN.properties\\n  解压 webapps/WEB-INF/classes/resources/ApplicationResourcesGU_zh_HK.properties\\n  解压 webapps/WEB-INF/classes/resources/ApplicationResourcesPUB_en_US.properties\\n  解压 webapps/WEB-INF/classes/resources/ApplicationResourcesPUB_zh_CN.properties\\n  解压 webapps/WEB-INF/classes/resources/ApplicationResourcesPUB_zh_HK.properties\\n展开：webapps/WEB-INF/classes/resources/ApplicationResourcesSQ_en_US.properties\\n展开：webapps/WEB-INF/classes/resources/ApplicationResourcesSQ_zh_CN.properties\\n展开：webapps/WEB-INF/classes/resources/ApplicationResourcesSQ_zh_HK.properties\\n0\\n\", \"第一批服务器开始进行升级操作！！！\\n\", \"##############################\\n\", \"##############################\\n\", \"当前机器ip为:192.168.43.224###\\n\", \"当前机器ip为:192.168.43.212###\\n\", \"##############################\\n\", \"##############################\\n\", \"服务器：192.168.43.224 7001开始进行启停weblogic操作！\\n\", \"服务器：192.168.43.224 的端口号为:7001\\n\", \"服务器：192.168.43.224 查看进行pid，并杀掉进程\\n\", \"服务器：192.168.43.224 进程号为:17284的进程。中断成功\\n\", \"进入服务器：192.168.43.224 日志缓存目录为：/home/wlgma/yatai/logs并清除缓存\\n\", \"清除缓存成功\\n\", \"nohup启动192.168.43.224 7001 的weblogic服务器\\n\", \"查看192.168.43.224 7001的控制台是否启动。。。\\n\", \"检测过程持续5分钟,请耐心等待！！！\\n\", \"192.168.43.224:7001:服务器启动成功！\\n\", \"192.168.43.224 7001 的服务器所有操作流程执行完毕！！！\\n\", \"第二批服务器开始进行升级操作！！！\\n\", \"##############################\\n\", \"当前机器ip为:192.168.43.188###\\n\", \"##############################\\n\", \"当前任务下所有服务器执行命令完成,任务执行成功(^_^)\\\"!\\n\"]', NULL, NULL, NULL, 594);
INSERT INTO `log` VALUES (123, '作业日志595', '[\"开始执行任务\\n\", \"服务器开始进行备份操作！！！\\n\", \"服务器：192.168.43.212 开始进行备份操作,备份路径为：/home/wlgma/yatai/\\n\", \"服务器：192.168.43.212 开始建立远程连接\\n\", \"服务器：192.168.43.212 备份文件,备份时间: 20190902151100\\n\", \"服务器：192.168.43.212 备份文件路径为：/home/wlgma/yatai/backup2,备份后的路径为：/home/wlgma/yatai/backup2/webapps20190902151100\\n\", \"服务器：192.168.43.212 备份文件路径为：/home/wlgma/yatai/backup,备份后的路径为：/home/wlgma/yatai/backup/webapps20190902151100\\n\", \"将打包文件上到到远程公共目\\n\", \"服务器开始进行备份操作！！！\\n\", \"服务器：192.168.43.188 开始进行备份操作,备份路径为：/home/wlgma/yatai/\\n\", \"服务器：192.168.43.188 开始建立远程连接\\n\", \"服务器：192.168.43.188 备份文件,备份时间: 20190902151100\\n\", \"服务器：192.168.43.188 备份文件路径为：/home/wlgma/yatai/backup2,备份后的路径为：/home/wlgma/yatai/backup2/webapps20190902151100\\n\", \"服务器：192.168.43.188 备份文件路径为：/home/wlgma/yatai/backup,备份后的路径为：/home/wlgma/yatai/backup/webapps20190902151100\\n\", \"将打包文件上到到远程公共目\\n\", \"服务器：192.168.43.212 文件备份成功，文件名为:/home/wlgma/yatai/backup/webapps20190902151100\\n\", \"服务器：192.168.43.212 文件备份成功，文件名为:/home/wlgma/yatai/backup2/webapps20190902151100\\n\", \"jar包成功上传至目标机器192.168.43.212路径为:/home/wlgma/yatai/\\n\", \"开始解压文件进行增量升级\\n\", \"服务器：192.168.43.188 文件备份成功，文件名为:/home/wlgma/yatai/backup/webapps20190902151100\\n\", \"服务器：192.168.43.188 文件备份成功，文件名为:/home/wlgma/yatai/backup2/webapps20190902151100\\n\", \"创建：META-INF/\\n  解压 META-INF/MANIFEST.MF\\n  解压 webapps/template/ftl/SpecificPolicyContract0923(5).ftl\\n  解压 webapps/WEB-INF/classes/resources/ApplicationResourcesGC.properties\\n  解压 webapps/WEB-INF/classes/resources/ApplicationResourcesGC_zh_CN.properties\\n  解压 webapps/WEB-INF/classes/resources/ApplicationResourcesGC_zh_HK.properties\\n展开：webapps/WEB-INF/classes/resources/ApplicationResourcesGW.properties\\n  解压 webapps/WEB-INF/classes/resources/ApplicationResourcesGW_zh_CN.properties\\n展开：webapps/WEB-INF/classes/resources/ApplicationResourcesGW_zh_HK.properties\\n展开：webapps/WEB-INF/classes/resources/ApplicationResourcesGD.properties\\n展开：webapps/WEB-INF/classes/resources/ApplicationResourcesGD_zh_CN.properties\\n展开：webapps/WEB-INF/classes/resources/ApplicationResourcesGD_zh_HK.properties\\n展开：webapps/WEB-INF/classes/resources/ApplicationResourcesGE.properties\\n展开：webapps/WEB-INF/classes/resources/ApplicationResourcesGE_zh_CN.properties\\n展开：webapps/WEB-INF/classes/resources/ApplicationResourcesGE_zh_HK.properties\\n  解压 webapps/WEB-INF/classes/resources/ApplicationResourcesGG_en_US.properties\\n  解压 webapps/WEB-INF/classes/resources/ApplicationResourcesGG_zh_CN.properties\\n  解压 webapps/WEB-INF/classes/resources/ApplicationResourcesGG_zh_HK.properties\\n展开：webapps/WEB-INF/classes/resources/ApplicationResourcesGP.properties\\n  解压 webapps/WEB-INF/classes/resources/ApplicationResourcesGP_zh_CN.properties\\n  解压 webapps/WEB-INF/classes/resources/ApplicationResourcesGP_zh_HK.properties\\n  解压 webapps/WEB-INF/classes/resources/ApplicationResourcesGP_en_US.properties\\n展开：webapps/WEB-INF/classes/resources/ApplicationResourcesGR.properties\\n  解压 webapps/WEB-INF/classes/resources/ApplicationResourcesGR_zh_CN.properties\\n  解压 webapps/WEB-INF/classes/resources/ApplicationResourcesGR_zh_HK.properties\\n  解压 webapps/WEB-INF/classes/resources/ApplicationResourcesGS.properties\\n  解压 webapps/WEB-INF/classes/resources/ApplicationResourcesGS_zh_CN.properties\\n  解压 webapps/WEB-INF/classes/resources/ApplicationResourcesGS_zh_HK.properties\\n展开：webapps/WEB-INF/classes/resources/ApplicationResourcesGU.properties\\n  解压 webapps/WEB-INF/classes/resources/ApplicationResourcesGU_zh_CN.properties\\n  解压 webapps/WEB-INF/classes/resources/ApplicationResourcesGU_zh_HK.properties\\n  解压 webapps/WEB-INF/classes/resources/ApplicationResourcesPUB_en_US.properties\\n  解压 webapps/WEB-INF/classes/resources/ApplicationResourcesPUB_zh_CN.properties\\n  解压 webapps/WEB-INF/classes/resources/ApplicationResourcesPUB_zh_HK.properties\\n展开：webapps/WEB-INF/classes/resources/ApplicationResourcesSQ_en_US.properties\\n展开：webapps/WEB-INF/classes/resources/ApplicationResourcesSQ_zh_CN.properties\\n展开：webapps/WEB-INF/classes/resources/ApplicationResourcesSQ_zh_HK.properties\\n0\\n\", \"jar包成功上传至目标机器192.168.43.188路径为:/home/wlgma/yatai/\\n\", \"开始解压文件进行增量升级\\n\", \"创建：META-INF/\\n  解压 META-INF/MANIFEST.MF\\n  解压 webapps/template/ftl/SpecificPolicyContract0923(5).ftl\\n  解压 webapps/WEB-INF/classes/resources/ApplicationResourcesGC.properties\\n  解压 webapps/WEB-INF/classes/resources/ApplicationResourcesGC_zh_CN.properties\\n  解压 webapps/WEB-INF/classes/resources/ApplicationResourcesGC_zh_HK.properties\\n展开：webapps/WEB-INF/classes/resources/ApplicationResourcesGW.properties\\n  解压 webapps/WEB-INF/classes/resources/ApplicationResourcesGW_zh_CN.properties\\n展开：webapps/WEB-INF/classes/resources/ApplicationResourcesGW_zh_HK.properties\\n展开：webapps/WEB-INF/classes/resources/ApplicationResourcesGD.properties\\n展开：webapps/WEB-INF/classes/resources/ApplicationResourcesGD_zh_CN.properties\\n展开：webapps/WEB-INF/classes/resources/ApplicationResourcesGD_zh_HK.properties\\n展开：webapps/WEB-INF/classes/resources/ApplicationResourcesGE.properties\\n展开：webapps/WEB-INF/classes/resources/ApplicationResourcesGE_zh_CN.properties\\n展开：webapps/WEB-INF/classes/resources/ApplicationResourcesGE_zh_HK.properties\\n  解压 webapps/WEB-INF/classes/resources/ApplicationResourcesGG_en_US.properties\\n  解压 webapps/WEB-INF/classes/resources/ApplicationResourcesGG_zh_CN.properties\\n  解压 webapps/WEB-INF/classes/resources/ApplicationResourcesGG_zh_HK.properties\\n展开：webapps/WEB-INF/classes/resources/ApplicationResourcesGP.properties\\n  解压 webapps/WEB-INF/classes/resources/ApplicationResourcesGP_zh_CN.properties\\n  解压 webapps/WEB-INF/classes/resources/ApplicationResourcesGP_zh_HK.properties\\n  解压 webapps/WEB-INF/classes/resources/ApplicationResourcesGP_en_US.properties\\n展开：webapps/WEB-INF/classes/resources/ApplicationResourcesGR.properties\\n  解压 webapps/WEB-INF/classes/resources/ApplicationResourcesGR_zh_CN.properties\\n  解压 webapps/WEB-INF/classes/resources/ApplicationResourcesGR_zh_HK.properties\\n  解压 webapps/WEB-INF/classes/resources/ApplicationResourcesGS.properties\\n  解压 webapps/WEB-INF/classes/resources/ApplicationResourcesGS_zh_CN.properties\\n  解压 webapps/WEB-INF/classes/resources/ApplicationResourcesGS_zh_HK.properties\\n展开：webapps/WEB-INF/classes/resources/ApplicationResourcesGU.properties\\n  解压 webapps/WEB-INF/classes/resources/ApplicationResourcesGU_zh_CN.properties\\n  解压 webapps/WEB-INF/classes/resources/ApplicationResourcesGU_zh_HK.properties\\n  解压 webapps/WEB-INF/classes/resources/ApplicationResourcesPUB_en_US.properties\\n  解压 webapps/WEB-INF/classes/resources/ApplicationResourcesPUB_zh_CN.properties\\n  解压 webapps/WEB-INF/classes/resources/ApplicationResourcesPUB_zh_HK.properties\\n展开：webapps/WEB-INF/classes/resources/ApplicationResourcesSQ_en_US.properties\\n展开：webapps/WEB-INF/classes/resources/ApplicationResourcesSQ_zh_CN.properties\\n展开：webapps/WEB-INF/classes/resources/ApplicationResourcesSQ_zh_HK.properties\\n0\\n\", \"第一批服务器开始进行升级操作！！！\\n\", \"##############################\\n\", \"##############################\\n\", \"当前机器ip为:192.168.43.224###\\n\", \"当前机器ip为:192.168.43.212###\\n\", \"##############################\\n\", \"##############################\\n\", \"服务器：192.168.43.224 7001开始进行启停weblogic操作！\\n\", \"服务器：192.168.43.212 7001 该机器不参与启停操作\\n\", \"服务器：192.168.43.224 的端口号为:7001\\n\", \"服务器：192.168.43.224 查看进行pid，并杀掉进程\\n\", \"服务器：192.168.43.224 进程号为:18026的进程。中断成功\\n\", \"进入服务器：192.168.43.224 日志缓存目录为：/home/wlgma/yatai/logs并清除缓存\\n\", \"清除缓存成功\\n\", \"nohup启动192.168.43.224 7001 的weblogic服务器\\n\", \"查看192.168.43.224 7001的控制台是否启动。。。\\n\", \"检测过程持续5分钟,请耐心等待！！！\\n\", \"192.168.43.224:7001:服务器启动成功！\\n\", \"192.168.43.224 7001 的服务器所有操作流程执行完毕！！！\\n\", \"第二批服务器开始进行升级操作！！！\\n\", \"##############################\\n\", \"当前机器ip为:192.168.43.188###\\n\", \"##############################\\n\", \"服务器：192.168.43.188 7001 该机器不参与启停操作\\n\", \"当前任务下所有服务器执行命令完成,任务执行成功(^_^)\\\"!\\n\", \"开始执行任务\\n\", \"服务器开始进行回滚操作！！！\\n\", \"服务器：192.168.43.212 开始进行回退操作!\\n\", \"服务器：192.168.43.224 开始进行回退操作!\\n\", \"服务器：192.168.43.188 开始进行回退操作!\\n\", \"服务器：192.168.43.212 开始建立远程连接\\n\", \"服务器：192.168.43.224 开始建立远程连接\\n\", \"服务器：192.168.43.188 开始建立远程连接\\n\", \"192.168.43.212 :服务器将备份目录文件/home/wlgma/yatai/backup2/webapps20190902151100移动到应用目录/home/wlgma/yatai/webapps20190902151100\\n\", \"192.168.43.224 :服务器将备份目录文件/home/wlgma/yatai/backup2/webapps20190902151100移动到应用目录/home/wlgma/yatai/webapps20190902151100\\n\", \"192.168.43.212 :服务器复制文件成功\\n\", \"192.168.43.212 :服务器将/home/wlgma/yatai/webapps修改为/home/wlgma/yatai/webapps_bak20190902151123\\n\", \"192.168.43.224 :服务器cp: 无法获取\\\"/home/wlgma/yatai/backup2/webapps20190902151100\\\" 的文件状态(stat): 没有那个文件或目录\\n\", \"192.168.43.224 :服务器获取备份文件失败!,无法进行webapps还原操作！\\n\", \"192.168.43.188 :服务器将备份目录文件/home/wlgma/yatai/backup2/webapps20190902151100移动到应用目录/home/wlgma/yatai/webapps20190902151100\\n\", \"192.168.43.212 :服务器将/home/wlgma/yatai/webapps20190902151100修改成/home/wlgma/yatai/webapps\\n\", \"192.168.43.188 :服务器复制文件成功\\n\", \"192.168.43.188 :服务器将/home/wlgma/yatai/webapps修改为/home/wlgma/yatai/webapps_bak20190902151123\\n\", \"192.168.43.188 :服务器将/home/wlgma/yatai/webapps20190902151100修改成/home/wlgma/yatai/webapps\\n\", \"服务器回滚操作全部完成,开始进行服务器启停操作\\n\", \"第一批服务器开始进行升级操作！！！\\n\", \"##############################\\n\", \"##############################\\n\", \"当前机器ip为:192.168.43.212###\\n\", \"当前机器ip为:192.168.43.224###\\n\", \"##############################\\n\", \"##############################\\n\", \"服务器：192.168.43.212 7001 该机器不参与启停操作\\n\", \"服务器：192.168.43.224 7001开始进行启停weblogic操作！\\n\", \"服务器：192.168.43.224 的端口号为:7001\\n\", \"服务器：192.168.43.224 查看进行pid，并杀掉进程\\n\", \"服务器：192.168.43.224 进程号为:18284的进程。中断成功\\n\", \"进入服务器：192.168.43.224 日志缓存目录为：/home/wlgma/yatai/logs并清除缓存\\n\", \"清除缓存成功\\n\", \"nohup启动192.168.43.224 7001 的weblogic服务器\\n\", \"查看192.168.43.224 7001的控制台是否启动。。。\\n\", \"检测过程持续5分钟,请耐心等待！！！\\n\", \"192.168.43.224:7001:服务器启动成功！\\n\", \"192.168.43.224 7001 的服务器所有操作流程执行完毕！！！\\n\", \"第二批服务器开始进行升级操作！！！\\n\", \"##############################\\n\", \"当前机器ip为:192.168.43.188###\\n\", \"##############################\\n\", \"服务器：192.168.43.188 7001 该机器不参与启停操作\\n\", \"当前任务下所有服务器执行命令完成,任务执行成功(^_^)\\\"!\\n\"]', NULL, NULL, NULL, 595);
INSERT INTO `log` VALUES (124, '作业日志596', '[\"开始执行任务\\n\", \"服务器开始进行备份操作！！！\\n\", \"服务器：192.168.43.224 开始进行备份操作,备份路径为：/home/wlgma/yatai/\\n\", \"服务器：192.168.43.224 开始建立远程连接\\n\", \"服务器：192.168.43.224 备份文件,备份时间: 20190902151217\\n\", \"服务器：192.168.43.224 备份文件路径为：/home/wlgma/yatai/backup2,备份后的路径为：/home/wlgma/yatai/backup2/webapps20190902151217\\n\", \"服务器：192.168.43.224 备份文件路径为：/home/wlgma/yatai/backup,备份后的路径为：/home/wlgma/yatai/backup/webapps20190902151217\\n\", \"将打包文件上到到远程公共目\\n\", \"服务器：192.168.43.224 文件备份成功，文件名为:/home/wlgma/yatai/backup/webapps20190902151217\\n\", \"服务器：192.168.43.224 文件备份成功，文件名为:/home/wlgma/yatai/backup2/webapps20190902151217\\n\", \"jar包成功上传至目标机器192.168.43.224路径为:/home/wlgma/yatai/\\n\", \"开始解压文件进行增量升级\\n\", \"创建：META-INF/\\n  解压 META-INF/MANIFEST.MF\\n  解压 webapps/template/ftl/SpecificPolicyContract0923(5).ftl\\n  解压 webapps/WEB-INF/classes/resources/ApplicationResourcesGC.properties\\n  解压 webapps/WEB-INF/classes/resources/ApplicationResourcesGC_zh_CN.properties\\n  解压 webapps/WEB-INF/classes/resources/ApplicationResourcesGC_zh_HK.properties\\n展开：webapps/WEB-INF/classes/resources/ApplicationResourcesGW.properties\\n  解压 webapps/WEB-INF/classes/resources/ApplicationResourcesGW_zh_CN.properties\\n展开：webapps/WEB-INF/classes/resources/ApplicationResourcesGW_zh_HK.properties\\n展开：webapps/WEB-INF/classes/resources/ApplicationResourcesGD.properties\\n展开：webapps/WEB-INF/classes/resources/ApplicationResourcesGD_zh_CN.properties\\n展开：webapps/WEB-INF/classes/resources/ApplicationResourcesGD_zh_HK.properties\\n展开：webapps/WEB-INF/classes/resources/ApplicationResourcesGE.properties\\n展开：webapps/WEB-INF/classes/resources/ApplicationResourcesGE_zh_CN.properties\\n展开：webapps/WEB-INF/classes/resources/ApplicationResourcesGE_zh_HK.properties\\n  解压 webapps/WEB-INF/classes/resources/ApplicationResourcesGG_en_US.properties\\n  解压 webapps/WEB-INF/classes/resources/ApplicationResourcesGG_zh_CN.properties\\n  解压 webapps/WEB-INF/classes/resources/ApplicationResourcesGG_zh_HK.properties\\n展开：webapps/WEB-INF/classes/resources/ApplicationResourcesGP.properties\\n  解压 webapps/WEB-INF/classes/resources/ApplicationResourcesGP_zh_CN.properties\\n  解压 webapps/WEB-INF/classes/resources/ApplicationResourcesGP_zh_HK.properties\\n  解压 webapps/WEB-INF/classes/resources/ApplicationResourcesGP_en_US.properties\\n展开：webapps/WEB-INF/classes/resources/ApplicationResourcesGR.properties\\n  解压 webapps/WEB-INF/classes/resources/ApplicationResourcesGR_zh_CN.properties\\n  解压 webapps/WEB-INF/classes/resources/ApplicationResourcesGR_zh_HK.properties\\n  解压 webapps/WEB-INF/classes/resources/ApplicationResourcesGS.properties\\n  解压 webapps/WEB-INF/classes/resources/ApplicationResourcesGS_zh_CN.properties\\n  解压 webapps/WEB-INF/classes/resources/ApplicationResourcesGS_zh_HK.properties\\n展开：webapps/WEB-INF/classes/resources/ApplicationResourcesGU.properties\\n  解压 webapps/WEB-INF/classes/resources/ApplicationResourcesGU_zh_CN.properties\\n  解压 webapps/WEB-INF/classes/resources/ApplicationResourcesGU_zh_HK.properties\\n  解压 webapps/WEB-INF/classes/resources/ApplicationResourcesPUB_en_US.properties\\n  解压 webapps/WEB-INF/classes/resources/ApplicationResourcesPUB_zh_CN.properties\\n  解压 webapps/WEB-INF/classes/resources/ApplicationResourcesPUB_zh_HK.properties\\n展开：webapps/WEB-INF/classes/resources/ApplicationResourcesSQ_en_US.properties\\n展开：webapps/WEB-INF/classes/resources/ApplicationResourcesSQ_zh_CN.properties\\n展开：webapps/WEB-INF/classes/resources/ApplicationResourcesSQ_zh_HK.properties\\n0\\n\", \"第一批服务器开始进行升级操作！！！\\n\", \"##############################\\n\", \"##############################\\n\", \"当前机器ip为:192.168.43.212###\\n\", \"当前机器ip为:192.168.43.224###\\n\", \"##############################\\n\", \"##############################\\n\", \"服务器：192.168.43.212 7001开始进行启停weblogic操作！\\n\", \"服务器：192.168.43.224 7001 该机器不参与启停操作\\n\", \"服务器：192.168.43.212 的端口号为:7001\\n\", \"服务器：192.168.43.212 查看进行pid，并杀掉进程\\n\", \"服务器：192.168.43.212 进程号为:16185的进程。中断成功\\n\", \"进入服务器：192.168.43.212 日志缓存目录为：/home/wlgma/yatai/logs并清除缓存\\n\", \"清除缓存成功\\n\", \"nohup启动192.168.43.212 7001 的weblogic服务器\\n\", \"查看192.168.43.212 7001的控制台是否启动。。。\\n\", \"检测过程持续5分钟,请耐心等待！！！\\n\", \"192.168.43.212:7001:服务器启动成功！\\n\", \"192.168.43.212 7001 的服务器所有操作流程执行完毕！！！\\n\", \"第二批服务器开始进行升级操作！！！\\n\", \"##############################\\n\", \"当前机器ip为:192.168.43.188###\\n\", \"##############################\\n\", \"服务器：192.168.43.188 7001开始进行启停weblogic操作！\\n\", \"服务器：192.168.43.188 的端口号为:7001\\n\", \"服务器：192.168.43.188 查看进行pid，并杀掉进程\\n\", \"服务器：192.168.43.188 进程号为:18134的进程。中断成功\\n\", \"进入服务器：192.168.43.188 日志缓存目录为：/home/wlgma/yatai/logs并清除缓存\\n\", \"清除缓存成功\\n\", \"nohup启动192.168.43.188 7001 的weblogic服务器\\n\", \"查看192.168.43.188 7001的控制台是否启动。。。\\n\", \"检测过程持续5分钟,请耐心等待！！！\\n\", \"192.168.43.188:7001:服务器启动成功！\\n\", \"192.168.43.188 7001 的服务器所有操作流程执行完毕！！！\\n\", \"当前任务下所有服务器执行命令完成,任务执行成功(^_^)\\\"!\\n\", \"开始执行任务\\n\", \"服务器开始进行回滚操作！！！\\n\", \"服务器：192.168.43.212 开始进行回退操作!\\n\", \"服务器：192.168.43.224 开始进行回退操作!\\n\", \"服务器：192.168.43.188 开始进行回退操作!\\n\", \"服务器：192.168.43.212 开始建立远程连接\\n\", \"服务器：192.168.43.224 开始建立远程连接\\n\", \"服务器：192.168.43.188 开始建立远程连接\\n\", \"192.168.43.224 :服务器将备份目录文件/home/wlgma/yatai/backup2/webapps20190902151217移动到应用目录/home/wlgma/yatai/webapps20190902151217\\n\", \"192.168.43.224 :服务器复制文件成功\\n\", \"192.168.43.224 :服务器将/home/wlgma/yatai/webapps修改为/home/wlgma/yatai/webapps_bak20190902151245\\n\", \"192.168.43.224 :服务器将/home/wlgma/yatai/webapps20190902151217修改成/home/wlgma/yatai/webapps\\n\", \"192.168.43.212 :服务器将备份目录文件/home/wlgma/yatai/backup2/webapps20190902151217移动到应用目录/home/wlgma/yatai/webapps20190902151217\\n\", \"192.168.43.212 :服务器cp: 无法获取\\\"/home/wlgma/yatai/backup2/webapps20190902151217\\\" 的文件状态(stat): 没有那个文件或目录\\n\", \"192.168.43.188 :服务器将备份目录文件/home/wlgma/yatai/backup2/webapps20190902151217移动到应用目录/home/wlgma/yatai/webapps20190902151217\\n\", \"192.168.43.212 :服务器获取备份文件失败!,无法进行webapps还原操作！\\n\", \"192.168.43.188 :服务器cp: 无法获取\\\"/home/wlgma/yatai/backup2/webapps20190902151217\\\" 的文件状态(stat): 没有那个文件或目录\\n\", \"192.168.43.188 :服务器获取备份文件失败!,无法进行webapps还原操作！\\n\", \"服务器回滚操作全部完成,开始进行服务器启停操作\\n\", \"第一批服务器开始进行升级操作！！！\\n\", \"##############################\\n\", \"##############################\\n\", \"当前机器ip为:192.168.43.224###\\n\", \"当前机器ip为:192.168.43.212###\\n\", \"##############################\\n\", \"##############################\\n\", \"服务器：192.168.43.224 7001 该机器不参与启停操作\\n\", \"服务器：192.168.43.212 7001开始进行启停weblogic操作！\\n\", \"服务器：192.168.43.212 的端口号为:7001\\n\", \"服务器：192.168.43.212 查看进行pid，并杀掉进程\\n\", \"服务器：192.168.43.212 进程号为:17260的进程。中断成功\\n\", \"进入服务器：192.168.43.212 日志缓存目录为：/home/wlgma/yatai/logs并清除缓存\\n\", \"清除缓存成功\\n\", \"nohup启动192.168.43.212 7001 的weblogic服务器\\n\", \"查看192.168.43.212 7001的控制台是否启动。。。\\n\", \"检测过程持续5分钟,请耐心等待！！！\\n\", \"192.168.43.212:7001:服务器启动成功！\\n\", \"192.168.43.212 7001 的服务器所有操作流程执行完毕！！！\\n\", \"第二批服务器开始进行升级操作！！！\\n\", \"##############################\\n\", \"当前机器ip为:192.168.43.188###\\n\", \"##############################\\n\", \"服务器：192.168.43.188 7001开始进行启停weblogic操作！\\n\", \"服务器：192.168.43.188 的端口号为:7001\\n\", \"服务器：192.168.43.188 查看进行pid，并杀掉进程\\n\", \"服务器：192.168.43.188 进程号为:19107的进程。中断成功\\n\", \"进入服务器：192.168.43.188 日志缓存目录为：/home/wlgma/yatai/logs并清除缓存\\n\", \"清除缓存成功\\n\", \"nohup启动192.168.43.188 7001 的weblogic服务器\\n\", \"查看192.168.43.188 7001的控制台是否启动。。。\\n\", \"检测过程持续5分钟,请耐心等待！！！\\n\", \"192.168.43.188:7001:服务器启动成功！\\n\", \"192.168.43.188 7001 的服务器所有操作流程执行完毕！！！\\n\", \"当前任务下所有服务器执行命令完成,任务执行成功(^_^)\\\"!\\n\"]', NULL, NULL, NULL, 596);
INSERT INTO `log` VALUES (125, '作业日志597', '[\"开始执行任务\\n\", \"服务器开始进行备份操作！！！\\n\", \"服务器：192.168.43.212 开始进行备份操作,备份路径为：/home/wlgma/yatai/\\n\", \"服务器：192.168.43.212 开始建立远程连接\\n\", \"服务器：192.168.43.212 备份文件,备份时间: 20190902152421\\n\", \"服务器：192.168.43.212 备份文件路径为：/home/wlgma/yatai/backup2,备份后的路径为：/home/wlgma/yatai/backup2/webapps20190902152421\\n\", \"服务器：192.168.43.212 备份文件路径为：/home/wlgma/yatai/backup,备份后的路径为：/home/wlgma/yatai/backup/webapps20190902152421\\n\", \"服务器开始进行备份操作！！！\\n\", \"服务器：192.168.43.188 开始进行备份操作,备份路径为：/home/wlgma/yatai/\\n\", \"服务器：192.168.43.188 开始建立远程连接\\n\", \"服务器：192.168.43.188 备份文件,备份时间: 20190902152421\\n\", \"服务器：192.168.43.188 备份文件路径为：/home/wlgma/yatai/backup2,备份后的路径为：/home/wlgma/yatai/backup2/webapps20190902152421\\n\", \"服务器：192.168.43.188 备份文件路径为：/home/wlgma/yatai/backup,备份后的路径为：/home/wlgma/yatai/backup/webapps20190902152421\\n\", \"第一批服务器开始进行升级操作！！！\\n\", \"服务器：192.168.43.212 文件备份成功，文件名为:/home/wlgma/yatai/backup/webapps20190902152421\\n\", \"##############################\\n\", \"##############################\\n\", \"服务器：192.168.43.212 文件备份成功，文件名为:/home/wlgma/yatai/backup2/webapps20190902152421\\n\", \"当前机器ip为:192.168.43.212###\\n\", \"当前机器ip为:192.168.43.224###\\n\", \"##############################\\n\", \"##############################\\n\", \"服务器：192.168.43.224 7001开始进行启停weblogic操作！\\n\", \"服务器：192.168.43.212 7001 该机器不参与启停操作\\n\", \"服务器：192.168.43.188 文件备份成功，文件名为:/home/wlgma/yatai/backup2/webapps20190902152421\\n\", \"服务器：192.168.43.188 文件备份成功，文件名为:/home/wlgma/yatai/backup/webapps20190902152421\\n\", \"服务器：192.168.43.224 的端口号为:7001\\n\", \"服务器：192.168.43.224 查看进行pid，并杀掉进程\\n\", \"服务器：192.168.43.224 进程号为:18555的进程。中断成功\\n\", \"进入服务器：192.168.43.224 日志缓存目录为：/home/wlgma/yatai/logs并清除缓存\\n\", \"清除缓存成功\\n\", \"nohup启动192.168.43.224 7001 的weblogic服务器\\n\", \"查看192.168.43.224 7001的控制台是否启动。。。\\n\", \"检测过程持续5分钟,请耐心等待！！！\\n\", \"192.168.43.224:7001:服务器启动成功！\\n\", \"192.168.43.224 7001 的服务器所有操作流程执行完毕！！！\\n\", \"第二批服务器开始进行升级操作！！！\\n\", \"##############################\\n\", \"当前机器ip为:192.168.43.188###\\n\", \"##############################\\n\", \"服务器：192.168.43.188 7001 该机器不参与启停操作\\n\", \"当前任务下所有服务器执行命令完成,任务执行成功(^_^)\\\"!\\n\", \"开始执行任务\\n\", \"服务器开始进行回滚操作！！！\\n\", \"服务器：192.168.43.212 开始进行回退操作!\\n\", \"服务器：192.168.43.224 开始进行回退操作!\\n\", \"服务器：192.168.43.188 开始进行回退操作!\\n\", \"服务器：192.168.43.212 开始建立远程连接\\n\", \"服务器：192.168.43.224 开始建立远程连接\\n\", \"服务器：192.168.43.188 开始建立远程连接\\n\", \"192.168.43.212 :服务器将备份目录文件/home/wlgma/yatai/backup2/webapps20190902152421移动到应用目录/home/wlgma/yatai/webapps20190902152421\\n\", \"192.168.43.224 :服务器将备份目录文件/home/wlgma/yatai/backup2/webapps20190902152421移动到应用目录/home/wlgma/yatai/webapps20190902152421\\n\", \"192.168.43.212 :服务器复制文件成功\\n\", \"192.168.43.212 :服务器将/home/wlgma/yatai/webapps修改为/home/wlgma/yatai/webapps_bak20190902152727\\n\", \"192.168.43.224 :服务器cp: 无法获取\\\"/home/wlgma/yatai/backup2/webapps20190902152421\\\" 的文件状态(stat): 没有那个文件或目录\\n\", \"192.168.43.188 :服务器将备份目录文件/home/wlgma/yatai/backup2/webapps20190902152421移动到应用目录/home/wlgma/yatai/webapps20190902152421\\n\", \"192.168.43.224 :服务器获取备份文件失败!,无法进行webapps还原操作！\\n\", \"192.168.43.212 :服务器将/home/wlgma/yatai/webapps20190902152421修改成/home/wlgma/yatai/webapps\\n\", \"192.168.43.188 :服务器复制文件成功\\n\", \"192.168.43.188 :服务器将/home/wlgma/yatai/webapps修改为/home/wlgma/yatai/webapps_bak20190902152727\\n\", \"192.168.43.188 :服务器将/home/wlgma/yatai/webapps20190902152421修改成/home/wlgma/yatai/webapps\\n\", \"服务器回滚操作全部完成,开始进行服务器启停操作\\n\", \"第一批服务器开始进行升级操作！！！\\n\", \"##############################\\n\", \"##############################\\n\", \"当前机器ip为:192.168.43.224###\\n\", \"当前机器ip为:192.168.43.212###\\n\", \"##############################\\n\", \"##############################\\n\", \"服务器：192.168.43.224 7001开始进行启停weblogic操作！\\n\", \"服务器：192.168.43.212 7001 该机器不参与启停操作\\n\", \"服务器：192.168.43.224 的端口号为:7001\\n\", \"服务器：192.168.43.224 查看进行pid，并杀掉进程\\n\", \"服务器：192.168.43.224 进程号为:19104的进程。中断成功\\n\", \"进入服务器：192.168.43.224 日志缓存目录为：/home/wlgma/yatai/logs并清除缓存\\n\", \"清除缓存成功\\n\", \"nohup启动192.168.43.224 7001 的weblogic服务器\\n\", \"查看192.168.43.224 7001的控制台是否启动。。。\\n\", \"检测过程持续5分钟,请耐心等待！！！\\n\", \"192.168.43.224:7001:服务器启动成功！\\n\", \"192.168.43.224 7001 的服务器所有操作流程执行完毕！！！\\n\", \"第二批服务器开始进行升级操作！！！\\n\", \"##############################\\n\", \"当前机器ip为:192.168.43.188###\\n\", \"##############################\\n\", \"服务器：192.168.43.188 7001 该机器不参与启停操作\\n\", \"当前任务下所有服务器执行命令完成,任务执行成功(^_^)\\\"!\\n\"]', NULL, NULL, NULL, 597);
INSERT INTO `log` VALUES (126, '作业日志598', '[\"开始执行任务\\n\", \"服务器开始进行备份操作！！！\\n\", \"服务器：192.168.43.224 开始进行备份操作,备份路径为：/home/wlgma/yatai/\\n\", \"服务器：192.168.43.224 开始建立远程连接\\n\", \"服务器：192.168.43.224 备份文件,备份时间: 20190902152829\\n\", \"服务器：192.168.43.224 备份文件路径为：/home/wlgma/yatai/backup2,备份后的路径为：/home/wlgma/yatai/backup2/webapps20190902152829\\n\", \"服务器：192.168.43.224 备份文件路径为：/home/wlgma/yatai/backup,备份后的路径为：/home/wlgma/yatai/backup/webapps20190902152829\\n\", \"第一批服务器开始进行升级操作！！！\\n\", \"##############################\\n\", \"##############################\\n\", \"当前机器ip为:192.168.43.212###\\n\", \"当前机器ip为:192.168.43.224###\\n\", \"##############################\\n\", \"##############################\\n\", \"服务器：192.168.43.224 文件备份成功，文件名为:/home/wlgma/yatai/backup/webapps20190902152829\\n\", \"服务器：192.168.43.212 7001开始进行启停weblogic操作！\\n\", \"服务器：192.168.43.224 7001 该机器不参与启停操作\\n\", \"服务器：192.168.43.224 文件备份成功，文件名为:/home/wlgma/yatai/backup2/webapps20190902152829\\n\", \"服务器：192.168.43.212 的端口号为:7001\\n\", \"服务器：192.168.43.212 查看进行pid，并杀掉进程\\n\", \"服务器：192.168.43.212 进程号为:17519的进程。中断成功\\n\", \"进入服务器：192.168.43.212 日志缓存目录为：/home/wlgma/yatai/logs并清除缓存\\n\", \"清除缓存成功\\n\", \"nohup启动192.168.43.212 7001 的weblogic服务器\\n\", \"查看192.168.43.212 7001的控制台是否启动。。。\\n\", \"检测过程持续5分钟,请耐心等待！！！\\n\", \"192.168.43.212:7001:服务器启动成功！\\n\", \"192.168.43.212 7001 的服务器所有操作流程执行完毕！！！\\n\", \"第二批服务器开始进行升级操作！！！\\n\", \"##############################\\n\", \"当前机器ip为:192.168.43.188###\\n\", \"##############################\\n\", \"服务器：192.168.43.188 7001开始进行启停weblogic操作！\\n\", \"服务器：192.168.43.188 的端口号为:7001\\n\", \"服务器：192.168.43.188 查看进行pid，并杀掉进程\\n\", \"服务器：192.168.43.188 进程号为:19360的进程。中断成功\\n\", \"进入服务器：192.168.43.188 日志缓存目录为：/home/wlgma/yatai/logs并清除缓存\\n\", \"清除缓存成功\\n\", \"nohup启动192.168.43.188 7001 的weblogic服务器\\n\", \"查看192.168.43.188 7001的控制台是否启动。。。\\n\", \"检测过程持续5分钟,请耐心等待！！！\\n\", \"192.168.43.188:7001:服务器启动成功！\\n\", \"192.168.43.188 7001 的服务器所有操作流程执行完毕！！！\\n\", \"当前任务下所有服务器执行命令完成,任务执行成功(^_^)\\\"!\\n\"]', NULL, NULL, NULL, 598);
INSERT INTO `log` VALUES (127, '作业日志599', '[\"开始执行任务\\n\", \"第一批服务器开始进行升级操作！！！\\n\", \"##############################\\n\", \"当前机器ip为:192.168.43.224###\\n\", \"##############################\\n\", \"服务器：192.168.43.224 7001开始进行启停weblogic操作！\\n\", \"服务器：192.168.43.224 的端口号为:7001\\n\", \"服务器：192.168.43.224 查看进行pid，并杀掉进程\\n\", \"服务器：192.168.43.224 没有查询到:的端口号, 进程中断失败！\\n\", \"进入服务器：192.168.43.224 日志缓存目录为：/home/wlgma/yatai/logs并清除缓存\\n\", \"清除缓存成功\\n\", \"nohup启动192.168.43.224 7001 的weblogic服务器\\n\", \"查看192.168.43.224 7001的控制台是否启动。。。\\n\", \"检测过程持续5分钟,请耐心等待！！！\\n\", \"192.168.43.224:7001:服务器启动成功！\\n\", \"192.168.43.224 7001 的服务器所有操作流程执行完毕！！！\\n\", \"当前任务下所有服务器执行命令完成,任务执行成功(^_^)\\\"!\\n\"]', NULL, NULL, NULL, 599);
INSERT INTO `log` VALUES (128, '作业日志600', '[\"开始执行任务\\n\", \"第一批服务器开始进行升级操作！！！\\n\", \"##############################\\n\", \"当前机器ip为:192.168.43.212###\\n\", \"##############################\\n\", \"服务器：192.168.43.212 7001开始进行启停weblogic操作！\\n\", \"服务器：192.168.43.212 的端口号为:7001\\n\", \"服务器：192.168.43.212 查看进行pid，并杀掉进程\\n\", \"服务器：192.168.43.212 没有查询到:的端口号, 进程中断失败！\\n\", \"进入服务器：192.168.43.212 日志缓存目录为：/home/wlgma/yatai/logs并清除缓存\\n\", \"清除缓存成功\\n\", \"nohup启动192.168.43.212 7001 的weblogic服务器\\n\", \"查看192.168.43.212 7001的控制台是否启动。。。\\n\", \"检测过程持续5分钟,请耐心等待！！！\\n\", \"192.168.43.212:7001:服务器启动成功！\\n\", \"192.168.43.212 7001 的服务器所有操作流程执行完毕！！！\\n\", \"当前任务下所有服务器执行命令完成,任务执行成功(^_^)\\\"!\\n\"]', NULL, NULL, NULL, 600);
INSERT INTO `log` VALUES (129, '作业日志601', '[\"开始执行任务\\n\", \"服务器开始进行备份操作！！！\\n\", \"服务器：192.168.43.212 开始进行备份操作,备份路径为：/home/wlgma/yatai/\\n\", \"服务器：192.168.43.212 开始建立远程连接\\n\", \"服务器：192.168.43.212 备份文件,备份时间: 20190903173216\\n\", \"服务器：192.168.43.212 备份文件路径为：/home/wlgma/yatai/backup2,备份后的路径为：/home/wlgma/yatai/backup2/webapps20190903173216\\n\", \"服务器：192.168.43.212 备份文件路径为：/home/wlgma/yatai/backup,备份后的路径为：/home/wlgma/yatai/backup/webapps20190903173216\\n\", \"服务器开始进行备份操作！！！\\n\", \"服务器：192.168.43.224 开始进行备份操作,备份路径为：/home/wlgma/yatai/\\n\", \"服务器：192.168.43.224 开始建立远程连接\\n\", \"服务器：192.168.43.224 备份文件,备份时间: 20190903173216\\n\", \"服务器：192.168.43.224 备份文件路径为：/home/wlgma/yatai/backup2,备份后的路径为：/home/wlgma/yatai/backup2/webapps20190903173216\\n\", \"服务器：192.168.43.224 备份文件路径为：/home/wlgma/yatai/backup,备份后的路径为：/home/wlgma/yatai/backup/webapps20190903173216\\n\", \"第一批服务器开始进行升级操作！！！\\n\", \"服务器：192.168.43.212 文件备份成功，文件名为:/home/wlgma/yatai/backup/webapps20190903173216\\n\", \"服务器：192.168.43.212 文件备份成功，文件名为:/home/wlgma/yatai/backup2/webapps20190903173216\\n\", \"##############################\\n\", \"##############################\\n\", \"当前机器ip为:192.168.43.224###\\n\", \"当前机器ip为:192.168.43.212###\\n\", \"##############################\\n\", \"服务器：192.168.43.224 文件备份成功，文件名为:/home/wlgma/yatai/backup2/webapps20190903173216\\n\", \"服务器：192.168.43.224 文件备份成功，文件名为:/home/wlgma/yatai/backup/webapps20190903173216\\n\", \"##############################\\n\", \"服务器：192.168.43.224 7001开始进行启停weblogic操作！\\n\", \"服务器：192.168.43.212 7001开始进行启停weblogic操作！\\n\", \"服务器：192.168.43.224 的端口号为:7001\\n\", \"服务器：192.168.43.224 查看进行pid，并杀掉进程\\n\", \"服务器：192.168.43.212 的端口号为:7001\\n\", \"服务器：192.168.43.212 查看进行pid，并杀掉进程\\n\", \"服务器：192.168.43.224 进程号为:6275的进程。中断成功\\n\", \"服务器：192.168.43.212 进程号为:9362的进程。中断成功\\n\", \"进入服务器：192.168.43.224 日志缓存目录为：/home/wlgma/yatai/logs并清除缓存\\n\", \"进入服务器：192.168.43.212 日志缓存目录为：/home/wlgma/yatai/logs并清除缓存\\n\", \"清除缓存成功\\n\", \"nohup启动192.168.43.224 7001 的weblogic服务器\\n\", \"清除缓存成功\\n\", \"nohup启动192.168.43.212 7001 的weblogic服务器\\n\", \"查看192.168.43.224 7001的控制台是否启动。。。\\n\", \"检测过程持续5分钟,请耐心等待！！！\\n\", \"查看192.168.43.212 7001的控制台是否启动。。。\\n\", \"检测过程持续5分钟,请耐心等待！！！\\n\", \"192.168.43.224:7001:服务器启动成功！\\n\", \"192.168.43.224 7001 的服务器所有操作流程执行完毕！！！\\n\", \"192.168.43.212:7001:服务器启动成功！\\n\", \"192.168.43.212 7001 的服务器所有操作流程执行完毕！！！\\n\", \"当前任务下所有服务器执行命令完成,任务执行成功(^_^)\\\"!\\n\"]', NULL, NULL, NULL, 601);
INSERT INTO `log` VALUES (130, '作业日志602', '[\"开始执行任务\\n\", \"服务器开始进行备份操作！！！\\n\", \"服务器：192.168.43.212 开始进行备份操作,备份路径为：/home/wlgma/yatai/\\n\", \"服务器：192.168.43.212 开始建立远程连接\\n\", \"服务器：192.168.43.212 备份文件,备份时间: 20190903173349\\n\", \"服务器：192.168.43.212 备份文件路径为：/home/wlgma/yatai/backup2,备份后的路径为：/home/wlgma/yatai/backup2/webapps20190903173349\\n\", \"服务器：192.168.43.212 备份文件路径为：/home/wlgma/yatai/backup,备份后的路径为：/home/wlgma/yatai/backup/webapps20190903173349\\n\", \"服务器：192.168.43.212 文件备份成功，文件名为:/home/wlgma/yatai/backup/webapps20190903173349\\n\", \"服务器：192.168.43.212 文件备份成功，文件名为:/home/wlgma/yatai/backup2/webapps20190903173349\\n\", \"服务器开始进行备份操作！！！\\n\", \"服务器：192.168.43.224 开始进行备份操作,备份路径为：/home/wlgma/yatai/\\n\", \"服务器：192.168.43.224 开始建立远程连接\\n\", \"服务器：192.168.43.224 备份文件,备份时间: 20190903173349\\n\", \"服务器：192.168.43.224 备份文件路径为：/home/wlgma/yatai/backup2,备份后的路径为：/home/wlgma/yatai/backup2/webapps20190903173349\\n\", \"服务器：192.168.43.224 备份文件路径为：/home/wlgma/yatai/backup,备份后的路径为：/home/wlgma/yatai/backup/webapps20190903173349\\n\", \"第一批服务器开始进行升级操作！！！\\n\", \"##############################\\n\", \"##############################\\n\", \"当前机器ip为:192.168.43.212###\\n\", \"当前机器ip为:192.168.43.224###\\n\", \"##############################\\n\", \"服务器：192.168.43.224 文件备份成功，文件名为:/home/wlgma/yatai/backup2/webapps20190903173349\\n\", \"服务器：192.168.43.224 文件备份成功，文件名为:/home/wlgma/yatai/backup/webapps20190903173349\\n\", \"##############################\\n\", \"服务器：192.168.43.212 7001开始进行启停weblogic操作！\\n\", \"服务器：192.168.43.224 7001开始进行启停weblogic操作！\\n\", \"服务器：192.168.43.224 的端口号为:7001\\n\", \"服务器：192.168.43.224 查看进行pid，并杀掉进程\\n\", \"服务器：192.168.43.212 的端口号为:7001\\n\", \"服务器：192.168.43.212 查看进行pid，并杀掉进程\\n\", \"服务器：192.168.43.212 进程号为:9677的进程。中断成功\\n\", \"服务器：192.168.43.224 进程号为:7973的进程。中断成功\\n\", \"进入服务器：192.168.43.212 日志缓存目录为：/home/wlgma/yatai/logs并清除缓存\\n\", \"进入服务器：192.168.43.224 日志缓存目录为：/home/wlgma/yatai/logs并清除缓存\\n\", \"清除缓存成功\\n\", \"清除缓存成功\\n\", \"nohup启动192.168.43.212 7001 的weblogic服务器\\n\", \"nohup启动192.168.43.224 7001 的weblogic服务器\\n\", \"查看192.168.43.212 7001的控制台是否启动。。。\\n\", \"查看192.168.43.224 7001的控制台是否启动。。。\\n\", \"检测过程持续5分钟,请耐心等待！！！\\n\", \"检测过程持续5分钟,请耐心等待！！！\\n\", \"192.168.43.224:7001:服务器启动成功！\\n\", \"192.168.43.224 7001 的服务器所有操作流程执行完毕！！！\\n\", \"192.168.43.212:7001:服务器启动成功！\\n\", \"192.168.43.212 7001 的服务器所有操作流程执行完毕！！！\\n\", \"当前任务下所有服务器执行命令完成,任务执行成功(^_^)\\\"!\\n\"]', NULL, NULL, NULL, 602);
INSERT INTO `log` VALUES (131, '作业日志603', '[\"开始执行任务\\n\", \"服务器开始进行备份操作！！！\\n\", \"服务器：192.168.43.212 开始进行备份操作,备份路径为：/home/wlgma/yatai/\\n\", \"服务器：192.168.43.212 开始建立远程连接\\n\", \"服务器：192.168.43.212 备份文件,备份时间: 20190903173443\\n\", \"服务器：192.168.43.212 备份文件路径为：/home/wlgma/yatai/backup2,备份后的路径为：/home/wlgma/yatai/backup2/webapps20190903173443\\n\", \"服务器：192.168.43.212 备份文件路径为：/home/wlgma/yatai/backup,备份后的路径为：/home/wlgma/yatai/backup/webapps20190903173443\\n\", \"服务器开始进行备份操作！！！\\n\", \"服务器：192.168.43.212 文件备份成功，文件名为:/home/wlgma/yatai/backup/webapps20190903173443\\n\", \"服务器：192.168.43.224 开始进行备份操作,备份路径为：/home/wlgma/yatai/\\n\", \"服务器：192.168.43.212 文件备份成功，文件名为:/home/wlgma/yatai/backup2/webapps20190903173443\\n\", \"服务器：192.168.43.224 开始建立远程连接\\n\", \"服务器：192.168.43.224 备份文件,备份时间: 20190903173443\\n\", \"服务器：192.168.43.224 备份文件路径为：/home/wlgma/yatai/backup2,备份后的路径为：/home/wlgma/yatai/backup2/webapps20190903173443\\n\", \"第一批服务器开始进行升级操作！！！\\n\", \"服务器：192.168.43.224 备份文件路径为：/home/wlgma/yatai/backup,备份后的路径为：/home/wlgma/yatai/backup/webapps20190903173443\\n\", \"##############################\\n\", \"##############################\\n\", \"当前机器ip为:192.168.43.224###\\n\", \"当前机器ip为:192.168.43.212###\\n\", \"服务器：192.168.43.224 文件备份成功，文件名为:/home/wlgma/yatai/backup/webapps20190903173443\\n\", \"服务器：192.168.43.224 文件备份成功，文件名为:/home/wlgma/yatai/backup2/webapps20190903173443\\n\", \"##############################\\n\", \"##############################\\n\", \"服务器：192.168.43.212 7001开始进行启停weblogic操作！\\n\", \"服务器：192.168.43.224 7001开始进行启停weblogic操作！\\n\", \"服务器：192.168.43.224 的端口号为:7001\\n\", \"服务器：192.168.43.224 查看进行pid，并杀掉进程\\n\", \"服务器：192.168.43.212 的端口号为:7001\\n\", \"服务器：192.168.43.212 查看进行pid，并杀掉进程\\n\", \"服务器：192.168.43.224 进程号为:8269的进程。中断成功\\n\", \"服务器：192.168.43.212 进程号为:9950的进程。中断成功\\n\", \"进入服务器：192.168.43.224 日志缓存目录为：/home/wlgma/yatai/logs并清除缓存\\n\", \"进入服务器：192.168.43.212 日志缓存目录为：/home/wlgma/yatai/logs并清除缓存\\n\", \"清除缓存成功\\n\", \"nohup启动192.168.43.224 7001 的weblogic服务器\\n\", \"清除缓存成功\\n\", \"nohup启动192.168.43.212 7001 的weblogic服务器\\n\", \"查看192.168.43.224 7001的控制台是否启动。。。\\n\", \"检测过程持续5分钟,请耐心等待！！！\\n\", \"查看192.168.43.212 7001的控制台是否启动。。。\\n\", \"检测过程持续5分钟,请耐心等待！！！\\n\", \"192.168.43.224:7001:服务器启动成功！\\n\", \"192.168.43.224 7001 的服务器所有操作流程执行完毕！！！\\n\", \"192.168.43.212:7001:服务器启动成功！\\n\", \"192.168.43.212 7001 的服务器所有操作流程执行完毕！！！\\n\", \"当前任务下所有服务器执行命令完成,任务执行成功(^_^)\\\"!\\n\"]', NULL, NULL, NULL, 603);
INSERT INTO `log` VALUES (132, '作业日志604', '[\"开始执行任务\\n\", \"服务器开始进行备份操作！！！\\n\", \"服务器：192.168.43.212 开始进行备份操作,备份路径为：/home/wlgma/yatai/\\n\", \"服务器：192.168.43.212 开始建立远程连接\\n\", \"服务器：192.168.43.212 备份文件,备份时间: 20190903173557\\n\", \"服务器：192.168.43.212 备份文件路径为：/home/wlgma/yatai/backup2,备份后的路径为：/home/wlgma/yatai/backup2/webapps20190903173557\\n\", \"服务器：192.168.43.212 备份文件路径为：/home/wlgma/yatai/backup,备份后的路径为：/home/wlgma/yatai/backup/webapps20190903173557\\n\", \"服务器：192.168.43.212 文件备份成功，文件名为:/home/wlgma/yatai/backup/webapps20190903173557\\n\", \"服务器：192.168.43.212 文件备份成功，文件名为:/home/wlgma/yatai/backup2/webapps20190903173557\\n\", \"服务器开始进行备份操作！！！\\n\", \"服务器：192.168.43.224 开始进行备份操作,备份路径为：/home/wlgma/yatai/\\n\", \"服务器：192.168.43.224 开始建立远程连接\\n\", \"服务器：192.168.43.224 备份文件,备份时间: 20190903173557\\n\", \"服务器：192.168.43.224 备份文件路径为：/home/wlgma/yatai/backup2,备份后的路径为：/home/wlgma/yatai/backup2/webapps20190903173557\\n\", \"服务器：192.168.43.224 备份文件路径为：/home/wlgma/yatai/backup,备份后的路径为：/home/wlgma/yatai/backup/webapps20190903173557\\n\", \"第一批服务器开始进行升级操作！！！\\n\", \"##############################\\n\", \"##############################\\n\", \"当前机器ip为:192.168.43.212###\\n\", \"当前机器ip为:192.168.43.224###\\n\", \"##############################\\n\", \"##############################\\n\", \"服务器：192.168.43.212 7001开始进行启停weblogic操作！\\n\", \"服务器：192.168.43.224 7001开始进行启停weblogic操作！\\n\", \"服务器：192.168.43.224 文件备份成功，文件名为:/home/wlgma/yatai/backup/webapps20190903173557\\n\", \"服务器：192.168.43.224 文件备份成功，文件名为:/home/wlgma/yatai/backup2/webapps20190903173557\\n\", \"服务器：192.168.43.212 的端口号为:7001\\n\", \"服务器：192.168.43.212 查看进行pid，并杀掉进程\\n\", \"服务器：192.168.43.224 的端口号为:7001\\n\", \"服务器：192.168.43.224 查看进行pid，并杀掉进程\\n\", \"服务器：192.168.43.212 进程号为:10229的进程。中断成功\\n\", \"服务器：192.168.43.224 进程号为:8555的进程。中断成功\\n\", \"进入服务器：192.168.43.212 日志缓存目录为：/home/wlgma/yatai/logs并清除缓存\\n\", \"进入服务器：192.168.43.224 日志缓存目录为：/home/wlgma/yatai/logs并清除缓存\\n\", \"清除缓存成功\\n\", \"nohup启动192.168.43.212 7001 的weblogic服务器\\n\", \"清除缓存成功\\n\", \"nohup启动192.168.43.224 7001 的weblogic服务器\\n\", \"查看192.168.43.212 7001的控制台是否启动。。。\\n\", \"检测过程持续5分钟,请耐心等待！！！\\n\", \"查看192.168.43.224 7001的控制台是否启动。。。\\n\", \"检测过程持续5分钟,请耐心等待！！！\\n\", \"192.168.43.212:7001:服务器启动成功！\\n\", \"192.168.43.212 7001 的服务器所有操作流程执行完毕！！！\\n\", \"192.168.43.224:7001:服务器启动成功！\\n\", \"192.168.43.224 7001 的服务器所有操作流程执行完毕！！！\\n\", \"当前任务下所有服务器执行命令完成,任务执行成功(^_^)\\\"!\\n\"]', NULL, NULL, NULL, 604);
INSERT INTO `log` VALUES (133, '作业日志605', '[\"开始执行任务\\n\", \"服务器开始进行备份操作！！！\\n\", \"服务器：192.168.43.212 开始进行备份操作,备份路径为：/home/wlgma/yatai/\\n\", \"服务器：192.168.43.212 开始建立远程连接\\n\", \"服务器：192.168.43.212 备份文件,备份时间: 20190903173816\\n\", \"服务器：192.168.43.212 备份文件路径为：/home/wlgma/yatai/backup2,备份后的路径为：/home/wlgma/yatai/backup2/webapps20190903173816\\n\", \"服务器：192.168.43.212 备份文件路径为：/home/wlgma/yatai/backup,备份后的路径为：/home/wlgma/yatai/backup/webapps20190903173816\\n\", \"服务器开始进行备份操作！！！\\n\", \"服务器：192.168.43.224 开始进行备份操作,备份路径为：/home/wlgma/yatai/\\n\", \"服务器：192.168.43.224 开始建立远程连接\\n\", \"服务器：192.168.43.224 备份文件,备份时间: 20190903173816\\n\", \"服务器：192.168.43.212 文件备份成功，文件名为:/home/wlgma/yatai/backup/webapps20190903173816\\n\", \"服务器：192.168.43.224 备份文件路径为：/home/wlgma/yatai/backup2,备份后的路径为：/home/wlgma/yatai/backup2/webapps20190903173816\\n\", \"第一批服务器开始进行升级操作！！！\\n\", \"服务器：192.168.43.224 备份文件路径为：/home/wlgma/yatai/backup,备份后的路径为：/home/wlgma/yatai/backup/webapps20190903173816\\n\", \"服务器：192.168.43.212 文件备份成功，文件名为:/home/wlgma/yatai/backup2/webapps20190903173816\\n\", \"##############################\\n\", \"##############################\\n\", \"当前机器ip为:192.168.43.212###\\n\", \"当前机器ip为:192.168.43.224###\\n\", \"##############################\\n\", \"服务器：192.168.43.224 文件备份成功，文件名为:/home/wlgma/yatai/backup2/webapps20190903173816\\n\", \"##############################\\n\", \"服务器：192.168.43.224 文件备份成功，文件名为:/home/wlgma/yatai/backup/webapps20190903173816\\n\", \"服务器：192.168.43.212 7001开始进行启停weblogic操作！\\n\", \"服务器：192.168.43.224 7001开始进行启停weblogic操作！\\n\", \"服务器：192.168.43.224 的端口号为:7001\\n\", \"服务器：192.168.43.212 的端口号为:7001\\n\", \"服务器：192.168.43.212 查看进行pid，并杀掉进程\\n\", \"服务器：192.168.43.224 查看进行pid，并杀掉进程\\n\", \"服务器：192.168.43.212 进程号为:10503的进程。中断成功\\n\", \"服务器：192.168.43.224 进程号为:8841的进程。中断成功\\n\", \"进入服务器：192.168.43.224 日志缓存目录为：/home/wlgma/yatai/logs并清除缓存\\n\", \"进入服务器：192.168.43.212 日志缓存目录为：/home/wlgma/yatai/logs并清除缓存\\n\", \"清除缓存成功\\n\", \"清除缓存成功\\n\", \"nohup启动192.168.43.224 7001 的weblogic服务器\\n\", \"nohup启动192.168.43.212 7001 的weblogic服务器\\n\", \"查看192.168.43.224 7001的控制台是否启动。。。\\n\", \"查看192.168.43.212 7001的控制台是否启动。。。\\n\", \"检测过程持续5分钟,请耐心等待！！！\\n\", \"检测过程持续5分钟,请耐心等待！！！\\n\", \"192.168.43.212:7001:服务器启动成功！\\n\", \"192.168.43.212 7001 的服务器所有操作流程执行完毕！！！\\n\", \"192.168.43.224:7001:服务器启动成功！\\n\", \"192.168.43.224 7001 的服务器所有操作流程执行完毕！！！\\n\", \"当前任务下所有服务器执行命令完成,任务执行成功(^_^)\\\"!\\n\"]', NULL, NULL, NULL, 605);

-- ----------------------------
-- Table structure for scriptmanage_script
-- ----------------------------
DROP TABLE IF EXISTS `scriptmanage_script`;
CREATE TABLE `scriptmanage_script`  (
  `id` int(11) NOT NULL AUTO_INCREMENT,
  `function_name` varchar(100) CHARACTER SET utf8 COLLATE utf8_general_ci NOT NULL,
  `script_info` longtext CHARACTER SET utf8 COLLATE utf8_general_ci NOT NULL,
  `script_code` varchar(100) CHARACTER SET utf8 COLLATE utf8_general_ci NOT NULL,
  `script_type` varchar(20) CHARACTER SET utf8 COLLATE utf8_general_ci NOT NULL,
  `script_language` varchar(20) CHARACTER SET utf8 COLLATE utf8_general_ci NOT NULL,
  `param_list` longtext CHARACTER SET utf8 COLLATE utf8_general_ci NOT NULL,
  `author` varchar(20) CHARACTER SET utf8 COLLATE utf8_general_ci NOT NULL,
  `upload_time` int(11) NOT NULL,
  `file_name` varchar(100) CHARACTER SET utf8 COLLATE utf8_general_ci NOT NULL,
  `extend1` varchar(1000) CHARACTER SET utf8 COLLATE utf8_general_ci NULL DEFAULT NULL,
  `extend2` varchar(1000) CHARACTER SET utf8 COLLATE utf8_general_ci NULL DEFAULT NULL,
  `extend3` varchar(1000) CHARACTER SET utf8 COLLATE utf8_general_ci NULL DEFAULT NULL,
  PRIMARY KEY (`id`) USING BTREE
) ENGINE = InnoDB AUTO_INCREMENT = 2 CHARACTER SET = utf8 COLLATE = utf8_general_ci ROW_FORMAT = Compact;

-- ----------------------------
-- Records of scriptmanage_script
-- ----------------------------
INSERT INTO `scriptmanage_script` VALUES (1, '测试脚本', '#!-*- coding: utf-8 -*-\nimport json\nimport paramiko\nimport os\n###$1$:HOST_IP:Linux机器IP地址\n###$2$:USERNAME:机器用户\n###$3$:PASSWORD:机器密码\n###$4$:windows_path:选择文件路径\n###$5$:linux_path:传到linux机器的路径\n\n\ndef list_file(file_path):\n\n    return [file for file in os.listdir(file_path) if os.path.isfile(os.path.join(file_path, file))]\n\nHOST_IP = $1$\nHOST_PORT = 22\nUSERNAME = $2$\nPASSWORD = $3$\nwindows_path = $4$\nlinux_path = $5$\n\na = windows_path.split(\'/\')\nif \'.\' in a[-1]:\n    linux_path = linux_path + \'/\' + a[-1]\n\nelse:\n    filenames = list_file(windows_path)\n    windows_path = windows_path + \'/\' + filenames[0]\n    b = windows_path.split(\'/\')\n    linux_path = linux_path + \'/\' + b[-1]\ntry:\n    transport = paramiko.Transport((HOST_IP, HOST_PORT))\n    transport.connect(username=USERNAME, password=PASSWORD)\n    sftp = paramiko.SFTPClient.from_transport(transport)\n    print(\"连接远程服务器成功！\")\n    print(\"*******************************同步文件--开始\")\n    sftp.put(windows_path, linux_path)\n    print(\"已同步本地文件： \\\"\" + windows_path + \"\\\"  到服务器路径：\\\"\" + linux_path + \"\\\"\")\nfinally:\n    sftp.close()\n    transport.close()\n\nprint(\"传输完成！\")\nprint(\"END\")', 'utf-8', 'was', 'python', '[[\"HOST_IP\", \"Linux机器IP地址\"], [\"USERNAME\", \"机器用户\"], [\"PASSWORD\", \"机器密码\"], [\"windows_path\", \"选择文件路径\"], [\"linux_path\", \"传到linux机器的路径\"]]', 'leon', 1521451803, 'w_l.py', NULL, NULL, NULL);

-- ----------------------------
-- Table structure for scriptmanage_templet
-- ----------------------------
DROP TABLE IF EXISTS `scriptmanage_templet`;
CREATE TABLE `scriptmanage_templet`  (
  `id` int(11) NOT NULL AUTO_INCREMENT,
  `tem_name` varchar(100) CHARACTER SET utf8 COLLATE utf8_general_ci NOT NULL,
  `order_list` varchar(100) CHARACTER SET utf8 COLLATE utf8_general_ci NOT NULL,
  `templet_type` varchar(100) CHARACTER SET utf8 COLLATE utf8_general_ci NOT NULL,
  `tem_introduce` longtext CHARACTER SET utf8 COLLATE utf8_general_ci NOT NULL,
  `author` varchar(10) CHARACTER SET utf8 COLLATE utf8_general_ci NOT NULL,
  `create_time` int(11) NOT NULL,
  `extend1` varchar(1000) CHARACTER SET utf8 COLLATE utf8_general_ci NULL DEFAULT NULL,
  `extend2` varchar(1000) CHARACTER SET utf8 COLLATE utf8_general_ci NULL DEFAULT NULL,
  `extend3` varchar(1000) CHARACTER SET utf8 COLLATE utf8_general_ci NULL DEFAULT NULL,
  PRIMARY KEY (`id`) USING BTREE
) ENGINE = InnoDB AUTO_INCREMENT = 1 CHARACTER SET = utf8 COLLATE = utf8_general_ci ROW_FORMAT = Compact;

-- ----------------------------
-- Table structure for template
-- ----------------------------
DROP TABLE IF EXISTS `template`;
CREATE TABLE `template`  (
  `id` int(11) NOT NULL AUTO_INCREMENT,
  `temp_name` varchar(100) CHARACTER SET utf8 COLLATE utf8_general_ci NOT NULL,
  `belong_sys` varchar(100) CHARACTER SET utf8 COLLATE utf8_general_ci NOT NULL,
  `extend1` varchar(1000) CHARACTER SET utf8 COLLATE utf8_general_ci NULL DEFAULT NULL,
  `extend2` varchar(1000) CHARACTER SET utf8 COLLATE utf8_general_ci NULL DEFAULT NULL,
  `extend3` varchar(1000) CHARACTER SET utf8 COLLATE utf8_general_ci NULL DEFAULT NULL,
  `temp_type` varchar(100) CHARACTER SET utf8 COLLATE utf8_general_ci NOT NULL,
  PRIMARY KEY (`id`) USING BTREE
) ENGINE = InnoDB AUTO_INCREMENT = 53 CHARACTER SET = utf8 COLLATE = utf8_general_ci ROW_FORMAT = Compact;

-- ----------------------------
-- Records of template
-- ----------------------------
INSERT INTO `template` VALUES (51, '生产模板_核心组', '核心组', '1', NULL, NULL, '生产');
INSERT INTO `template` VALUES (52, '亚太模板_核心组', '核心组', '1', NULL, NULL, '生产');

-- ----------------------------
-- Table structure for work
-- ----------------------------
DROP TABLE IF EXISTS `work`;
CREATE TABLE `work`  (
  `id` int(11) NOT NULL AUTO_INCREMENT,
  `work_name` varchar(100) CHARACTER SET utf8 COLLATE utf8_general_ci NOT NULL,
  `work_status` varchar(100) CHARACTER SET utf8 COLLATE utf8_general_ci NOT NULL,
  `extend1` varchar(1000) CHARACTER SET utf8 COLLATE utf8_general_ci NULL DEFAULT NULL,
  `extend2` varchar(1000) CHARACTER SET utf8 COLLATE utf8_general_ci NULL DEFAULT NULL,
  `extend3` varchar(1000) CHARACTER SET utf8 COLLATE utf8_general_ci NULL DEFAULT NULL,
  `belong_sys` varchar(100) CHARACTER SET utf8 COLLATE utf8_general_ci NULL DEFAULT NULL,
  `end_time` int(11) NULL DEFAULT NULL,
  `run_way` varchar(10) CHARACTER SET utf8 COLLATE utf8_general_ci NOT NULL,
  `start_time` int(11) NULL DEFAULT NULL,
  `temp_id` varchar(10) CHARACTER SET utf8 COLLATE utf8_general_ci NOT NULL,
  `total_time` int(11) NULL DEFAULT NULL,
  `value_list` longtext CHARACTER SET utf8 COLLATE utf8_general_ci NOT NULL,
  `zip_name` longtext CHARACTER SET utf8 COLLATE utf8_general_ci NULL,
  `build_time` int(11) NULL DEFAULT NULL,
  `version` varchar(50) CHARACTER SET utf8 COLLATE utf8_general_ci NULL DEFAULT NULL,
  `work_type` varchar(100) CHARACTER SET utf8 COLLATE utf8_general_ci NULL DEFAULT NULL,
  `jar_name` varchar(1000) CHARACTER SET utf8 COLLATE utf8_general_ci NULL DEFAULT NULL,
  `publish_way` varchar(100) CHARACTER SET utf8 COLLATE utf8_general_ci NULL DEFAULT NULL,
  `time_rule` varchar(100) CHARACTER SET utf8 COLLATE utf8_general_ci NULL DEFAULT NULL,
  `webapps_name` varchar(1000) CHARACTER SET utf8 COLLATE utf8_general_ci NULL DEFAULT NULL,
  PRIMARY KEY (`id`) USING BTREE
) ENGINE = InnoDB AUTO_INCREMENT = 606 CHARACTER SET = utf8 COLLATE = utf8_general_ci ROW_FORMAT = Compact;

-- ----------------------------
-- Records of work
-- ----------------------------
INSERT INTO `work` VALUES (573, '学习', '回退成功', '回退成功', '[{\'id\': 1, \'status\': \'0\'}, {\'id\': 2, \'status\': \'0\'}, {\'id\': 3, \'status\': \'0\'}]', NULL, '核心组', 1567396268, '手动', 1567396218, '51', NULL, '[{\"key\":\"webapp_name\",\"value\":\"webapps\",\"info\":\"webapp名称\"}]', NULL, 1567396213, NULL, '生产', 'webapps08281500.jar', 'work_params2', '#NaN', '/home/wlgma/yatai/backup2/webapps09021150');
INSERT INTO `work` VALUES (574, '啊啊啊啊', '回退成功', '回退成功', '[{\'id\': 1, \'status\': \'0\'}, {\'id\': 2, \'status\': \'0\'}, {\'id\': 3, \'status\': \'0\'}]', NULL, '核心组', 1567403329, '手动', 1567403045, '51', NULL, '[{\"key\":\"webapp_name\",\"value\":\"webapps\",\"info\":\"webapp名称\"}]', NULL, 1567403035, NULL, '生产', 'webapps08281500.jar', 'work_params2', '#NaN', '/home/wlgma/yatai/backup2/webapps09021344');
INSERT INTO `work` VALUES (575, '啊啊', '回退成功', '回退成功', '[{\'id\': 1, \'status\': \'0\'}, {\'id\': 2, \'status\': \'0\'}, {\'id\': 3, \'status\': \'0\'}]', NULL, '核心组', 1567403893, '手动', 1567403802, '51', NULL, '[{\"key\":\"webapp_name\",\"value\":\"webapps\",\"info\":\"webapp名称\"}]', NULL, 1567403797, NULL, '生产', 'webapps08281500.jar', 'work_params2', '#NaN', '/home/wlgma/yatai/backup2/webapps20190902135642');
INSERT INTO `work` VALUES (576, '单独启停', '执行成功', NULL, '[{\'id\': 1, \'status\': \'1\'}, {\'id\': 2, \'status\': \'1\'}, {\'id\': 3, \'status\': \'1\'}]', NULL, '核心组', 1567404115, '手动', 1567404093, '51', NULL, '[{\"key\":\"webapp_name\",\"value\":\"webapps\",\"info\":\"webapp名称\"}]', NULL, 1567404088, NULL, '生产', '', 'work_params2', '#NaN', NULL);
INSERT INTO `work` VALUES (577, '单独备份', '回退成功', '回退成功', '[{\'id\': 1, \'status\': \'2\'}, {\'id\': 2, \'status\': \'2\'}, {\'id\': 3, \'status\': \'2\'}]', NULL, '核心组', 1567404299, '手动', 1567404209, '51', NULL, '[{\"key\":\"webapp_name\",\"value\":\"webapps\",\"info\":\"webapp名称\"}]', NULL, 1567404186, NULL, '生产', '', 'work_params2', '#NaN', '/home/wlgma/yatai/backup2/webapps20190902140329');
INSERT INTO `work` VALUES (578, '再次测试备份', '回退成功', '回退成功', '[{\'id\': 1, \'status\': \'2\'}, {\'id\': 2, \'status\': \'2\'}, {\'id\': 3, \'status\': \'2\'}]', NULL, '核心组', 1567404352, '手动', 1567404266, '51', NULL, '[{\"key\":\"webapp_name\",\"value\":\"webapps\",\"info\":\"webapp名称\"}]', NULL, 1567404261, NULL, '生产', '', 'work_params2', '#NaN', '/home/wlgma/yatai/backup2/webapps20190902140426');
INSERT INTO `work` VALUES (579, '双选', '回退成功', '回退成功', '[{\'id\': 1, \'status\': \'0\'}, {\'id\': 2, \'status\': \'0\'}, {\'id\': 3, \'status\': \'0\'}]', NULL, '核心组', 1567404881, '手动', 1567404804, '51', NULL, '[{\"key\":\"webapp_name\",\"value\":\"webapps\",\"info\":\"webapp名称\"}]', NULL, 1567404798, NULL, '生产', '', 'work_params2', '#NaN', '/home/wlgma/yatai/backup2/webapps20190902141324');
INSERT INTO `work` VALUES (580, '212备份启停|其他都启停', '回退成功', '回退成功', '[{\'id\': 1, \'status\': \'0\'}, {\'id\': 2, \'status\': \'1\'}, {\'id\': 3, \'status\': \'1\'}]', NULL, '核心组', 1567405447, '手动', 1567404989, '51', NULL, '[{\"key\":\"webapp_name\",\"value\":\"webapps\",\"info\":\"webapp名称\"}]', NULL, 1567404984, NULL, '生产', 'webapps08281500.jar', 'work_params2', '#NaN', '/home/wlgma/yatai/backup2/webapps20190902141629');
INSERT INTO `work` VALUES (581, '再次测试', '回退成功', '回退成功', '[{\'id\': 1, \'status\': \'0\'}, {\'id\': 2, \'status\': \'1\'}, {\'id\': 3, \'status\': \'1\'}]', NULL, '核心组', 1567405702, '手动', 1567405642, '51', NULL, '[{\"key\":\"webapp_name\",\"value\":\"webapps\",\"info\":\"webapp名称\"}]', NULL, 1567405634, NULL, '生产', 'webapps08281500.jar', 'work_params2', '#NaN', '/home/wlgma/yatai/backup2/webapps20190902142722');
INSERT INTO `work` VALUES (582, '谢谢谢谢', '回退成功', '回退成功', '[{\'id\': 1, \'status\': \'0\'}, {\'id\': 2, \'status\': \'1\'}, {\'id\': 3, \'status\': \'1\'}]', NULL, '核心组', 1567406172, '手动', 1567406034, '51', NULL, '[{\"key\":\"webapp_name\",\"value\":\"webapps\",\"info\":\"webapp名称\"}]', NULL, 1567406021, NULL, '生产', '', 'work_params2', '#NaN', '/home/wlgma/yatai/backup2/webapps20190902143354');
INSERT INTO `work` VALUES (583, 'xxx', '回退成功', '回退成功', '[{\'id\': 1, \'status\': \'0\'}, {\'id\': 2, \'status\': \'1\'}, {\'id\': 3, \'status\': \'1\'}]', NULL, '核心组', 1567406337, '手动', 1567406274, '51', NULL, '[{\"key\":\"webapp_name\",\"value\":\"webapps\",\"info\":\"webapp名称\"}]', NULL, 1567406270, NULL, '生产', '', 'work_params2', '#NaN', '/home/wlgma/yatai/backup2/webapps20190902143754');
INSERT INTO `work` VALUES (584, 'aaax', '执行异常', '回退开始', '[{\'id\': 1, \'status\': \'0\'}, {\'id\': 2, \'status\': \'1\'}, {\'id\': 3, \'status\': \'1\'}]', NULL, '核心组', 1567406604, '手动', 1567406532, '51', NULL, '[{\"key\":\"webapp_name\",\"value\":\"webapps\",\"info\":\"webapp名称\"}]', NULL, 1567406527, NULL, '生产', '', 'work_params2', '#NaN', '/home/wlgma/yatai/backup2/webapps20190902144212');
INSERT INTO `work` VALUES (585, 'xxxv', '执行异常', '回退开始', '[{\'id\': 1, \'status\': \'0\'}, {\'id\': 2, \'status\': \'1\'}, {\'id\': 3, \'status\': \'1\'}]', NULL, '核心组', 1567406674, '手动', 1567406635, '51', NULL, '[{\"key\":\"webapp_name\",\"value\":\"webapps\",\"info\":\"webapp名称\"}]', NULL, 1567406631, NULL, '生产', '', 'work_params2', '#NaN', '/home/wlgma/yatai/backup2/webapps20190902144355');
INSERT INTO `work` VALUES (586, 'xxca', '回退成功', '回退成功', '[{\'id\': 1, \'status\': \'0\'}, {\'id\': 2, \'status\': \'1\'}, {\'id\': 3, \'status\': \'1\'}]', NULL, '核心组', 1567406836, '手动', 1567406726, '51', NULL, '[{\"key\":\"webapp_name\",\"value\":\"webapps\",\"info\":\"webapp名称\"}]', NULL, 1567406721, NULL, '生产', '', 'work_params2', '#NaN', '/home/wlgma/yatai/backup2/webapps20190902144526');
INSERT INTO `work` VALUES (587, 'xxxcaa', '回退成功', '回退成功', '[{\'id\': 1, \'status\': \'0\'}, {\'id\': 2, \'status\': \'1\'}, {\'id\': 3, \'status\': \'1\'}]', NULL, '核心组', 1567407117, '手动', 1567407065, '51', NULL, '[{\"key\":\"webapp_name\",\"value\":\"webapps\",\"info\":\"webapp名称\"}]', NULL, 1567407060, NULL, '生产', 'webapps08281500.jar', 'work_params2', '#NaN', '/home/wlgma/yatai/backup2/webapps20190902145105');
INSERT INTO `work` VALUES (588, 'croncc', '执行中断', NULL, '[{\'id\': 1, \'status\': \'0\'}, {\'id\': 2, \'status\': \'0\'}, {\'id\': 3, \'status\': \'0\'}]', NULL, '核心组', NULL, '手动', 1567407439, '51', NULL, '[{\"key\":\"webapp_name\",\"value\":\"webapps\",\"info\":\"webapp名称\"}]', NULL, 1567407434, NULL, '生产', 'webapps08281500.jar', 'work_params2', '#NaN', '/home/wlgma/yatai/backup2/webapps20190902145719');
INSERT INTO `work` VALUES (589, 'xxxf', '回退成功', '回退成功', '[{\'id\': 1, \'status\': \'0\'}, {\'id\': 2, \'status\': \'0\'}, {\'id\': 3, \'status\': \'0\'}]', NULL, '核心组', 1567407623, '手动', 1567407572, '51', NULL, '[{\"key\":\"webapp_name\",\"value\":\"webapps\",\"info\":\"webapp名称\"}]', NULL, 1567407566, NULL, '生产', 'webapps08281500.jar', 'work_params2', '#NaN', '/home/wlgma/yatai/backup2/webapps20190902145932');
INSERT INTO `work` VALUES (590, 'not jar 启停', '执行成功', NULL, '[{\'id\': 1, \'status\': \'1\'}, {\'id\': 2, \'status\': \'1\'}, {\'id\': 3, \'status\': \'1\'}]', NULL, '核心组', 1567407800, '手动', 1567407776, '51', NULL, '[{\"key\":\"webapp_name\",\"value\":\"webapps\",\"info\":\"webapp名称\"}]', NULL, 1567407771, NULL, '生产', '', 'work_params2', '#NaN', NULL);
INSERT INTO `work` VALUES (591, 'jar 启停', '执行成功', NULL, '[{\'id\': 1, \'status\': \'1\'}, {\'id\': 2, \'status\': \'1\'}, {\'id\': 3, \'status\': \'1\'}]', NULL, '核心组', 1567407873, '手动', 1567407850, '51', NULL, '[{\"key\":\"webapp_name\",\"value\":\"webapps\",\"info\":\"webapp名称\"}]', NULL, 1567407843, NULL, '生产', 'webapps08281500.jar', 'work_params2', '#NaN', NULL);
INSERT INTO `work` VALUES (592, 'not jar 备份', '回退成功', '回退成功', '[{\'id\': 1, \'status\': \'2\'}, {\'id\': 2, \'status\': \'2\'}, {\'id\': 3, \'status\': \'2\'}]', NULL, '核心组', 1567407965, '手动', 1567407918, '51', NULL, '[{\"key\":\"webapp_name\",\"value\":\"webapps\",\"info\":\"webapp名称\"}]', NULL, 1567407913, NULL, '生产', '', 'work_params2', '#NaN', '/home/wlgma/yatai/backup2/webapps20190902150518');
INSERT INTO `work` VALUES (593, 'jar备份', '回退成功', '回退成功', '[{\'id\': 1, \'status\': \'2\'}, {\'id\': 2, \'status\': \'2\'}, {\'id\': 3, \'status\': \'2\'}]', NULL, '核心组', 1567407979, '手动', 1567407949, '51', NULL, '[{\"key\":\"webapp_name\",\"value\":\"webapps\",\"info\":\"webapp名称\"}]', NULL, 1567407933, NULL, '生产', 'webapps08281500.jar', 'work_params2', '#NaN', '/home/wlgma/yatai/backup2/webapps20190902150549');
INSERT INTO `work` VALUES (594, '测试单选', '执行成功', NULL, '[{\'id\': 1, \'status\': \'2\'}, {\'id\': 2, \'status\': \'1\'}, {\'id\': 3, \'status\': \'2\'}]', NULL, '核心组', 1567408113, '手动', 1567408101, '51', NULL, '[{\"key\":\"webapp_name\",\"value\":\"webapps\",\"info\":\"webapp名称\"}]', NULL, 1567408096, NULL, '生产', 'webapps08281500.jar', 'work_params2', '#NaN', '/home/wlgma/yatai/backup2/webapps20190902150821');
INSERT INTO `work` VALUES (595, '大夫士大夫士大夫一二', '回退成功', '回退成功', '[{\'id\': 1, \'status\': \'2\'}, {\'id\': 2, \'status\': \'1\'}, {\'id\': 3, \'status\': \'2\'}]', NULL, '核心组', 1567408294, '手动', 1567408260, '51', NULL, '[{\"key\":\"webapp_name\",\"value\":\"webapps\",\"info\":\"webapp名称\"}]', NULL, 1567408255, NULL, '生产', 'webapps08281500.jar', 'work_params2', '#NaN', '/home/wlgma/yatai/backup2/webapps20190902151100');
INSERT INTO `work` VALUES (596, '另一种单一情况', '回退成功', '回退成功', '[{\'id\': 1, \'status\': \'1\'}, {\'id\': 2, \'status\': \'2\'}, {\'id\': 3, \'status\': \'1\'}]', NULL, '核心组', 1567408388, '手动', 1567408337, '51', NULL, '[{\"key\":\"webapp_name\",\"value\":\"webapps\",\"info\":\"webapp名称\"}]', NULL, 1567408332, NULL, '生产', 'webapps08281500.jar', 'work_params2', '#NaN', '/home/wlgma/yatai/backup2/webapps20190902151217');
INSERT INTO `work` VALUES (597, '多对多', '回退成功', '回退成功', '[{\'id\': 1, \'status\': \'2\'}, {\'id\': 2, \'status\': \'1\'}, {\'id\': 3, \'status\': \'2\'}]', NULL, '核心组', 1567409258, '手动', 1567409061, '51', NULL, '[{\"key\":\"webapp_name\",\"value\":\"webapps\",\"info\":\"webapp名称\"}]', NULL, 1567409056, NULL, '生产', '', 'work_params2', '#NaN', '/home/wlgma/yatai/backup2/webapps20190902152421');
INSERT INTO `work` VALUES (598, '多对多对', '执行成功', NULL, '[{\'id\': 1, \'status\': \'1\'}, {\'id\': 2, \'status\': \'2\'}, {\'id\': 3, \'status\': \'1\'}]', NULL, '核心组', 1567409331, '手动', 1567409309, '51', NULL, '[{\"key\":\"webapp_name\",\"value\":\"webapps\",\"info\":\"webapp名称\"}]', NULL, 1567409303, NULL, '生产', '', 'work_params2', '#NaN', '/home/wlgma/yatai/backup2/webapps20190902152829');
INSERT INTO `work` VALUES (599, 'x', '执行成功', NULL, '[{\'id\': 2, \'status\': \'1\'}]', NULL, '核心组', 1567474464, '手动', 1567474451, '51', NULL, '[{\"key\":\"webapp_name\",\"value\":\"webapps\",\"info\":\"webapp名称\"}]', NULL, 1567474446, NULL, '生产', '', 'work_params2', '#NaN', NULL);
INSERT INTO `work` VALUES (600, '212', '执行成功', NULL, '[{\'id\': 1, \'status\': \'1\'}]', NULL, '核心组', 1567474517, '手动', 1567474506, '51', NULL, '[{\"key\":\"webapp_name\",\"value\":\"webapps\",\"info\":\"webapp名称\"}]', NULL, 1567474496, NULL, '生产', '', 'work_params2', '#NaN', NULL);
INSERT INTO `work` VALUES (601, 'xxxff', '执行成功', NULL, '[{\'id\': 1, \'status\': \'0\'}, {\'id\': 2, \'status\': \'0\'}]', NULL, '核心组', 1567503148, '手动', 1567503136, '51', NULL, '[{\"key\":\"webapp_name\",\"value\":\"webapps\",\"info\":\"webapp名称\"}]', NULL, 1567503128, NULL, '生产', '', 'work_params2', '#NaN', '/home/wlgma/yatai/backup2/webapps20190903173216');
INSERT INTO `work` VALUES (602, '查看线程之间的时间差', '执行成功', NULL, '[{\'id\': 1, \'status\': \'0\'}, {\'id\': 2, \'status\': \'0\'}]', NULL, '核心组', 1567503241, '手动', 1567503229, '51', NULL, '[{\"key\":\"webapp_name\",\"value\":\"webapps\",\"info\":\"webapp名称\"}]', NULL, 1567503224, NULL, '生产', '', 'work_params2', '#NaN', '/home/wlgma/yatai/backup2/webapps20190903173349');
INSERT INTO `work` VALUES (603, '测试定时任务', '执行成功', NULL, '[{\'id\': 1, \'status\': \'0\'}, {\'id\': 2, \'status\': \'0\'}]', NULL, '核心组', 1567503295, '手动', 1567503283, '51', NULL, '[{\"key\":\"webapp_name\",\"value\":\"webapps\",\"info\":\"webapp名称\"}]', NULL, 1567503279, NULL, '生产', '', 'work_params2', '#NaN', '/home/wlgma/yatai/backup2/webapps20190903173443');
INSERT INTO `work` VALUES (604, '试试', '执行成功', NULL, '[{\'id\': 1, \'status\': \'0\'}, {\'id\': 2, \'status\': \'0\'}]', NULL, '核心组', 1567503368, '手动', 1567503357, '51', NULL, '[{\"key\":\"webapp_name\",\"value\":\"webapps\",\"info\":\"webapp名称\"}]', NULL, 1567503352, NULL, '生产', '', 'work_params2', '#NaN', '/home/wlgma/yatai/backup2/webapps20190903173557');
INSERT INTO `work` VALUES (605, '阿道夫', '执行成功', NULL, '[{\'id\': 1, \'status\': \'0\'}, {\'id\': 2, \'status\': \'0\'}]', NULL, '核心组', 1567503507, '手动', 1567503496, '51', NULL, '[{\"key\":\"webapp_name\",\"value\":\"webapps\",\"info\":\"webapp名称\"}]', NULL, 1567503491, NULL, '生产', '', 'work_params2', '#NaN', '/home/wlgma/yatai/backup2/webapps20190903173816');

-- ----------------------------
-- Table structure for work_workinfo
-- ----------------------------
DROP TABLE IF EXISTS `work_workinfo`;
CREATE TABLE `work_workinfo`  (
  `id` int(11) NOT NULL AUTO_INCREMENT,
  `work_name` varchar(50) CHARACTER SET utf8 COLLATE utf8_general_ci NOT NULL,
  `platform` varchar(20) CHARACTER SET utf8 COLLATE utf8_general_ci NOT NULL,
  `province` varchar(30) CHARACTER SET utf8 COLLATE utf8_general_ci NOT NULL,
  `project` varchar(200) CHARACTER SET utf8 COLLATE utf8_general_ci NOT NULL,
  `work_info` longtext CHARACTER SET utf8 COLLATE utf8_general_ci NOT NULL,
  `runway` int(1) NOT NULL,
  `time_rule` varchar(100) CHARACTER SET utf8 COLLATE utf8_general_ci NULL DEFAULT NULL,
  `start_time` int(11) NULL DEFAULT NULL,
  `end_time` int(11) NULL DEFAULT NULL,
  `run_user` varchar(50) CHARACTER SET utf8 COLLATE utf8_general_ci NOT NULL,
  `work_status` int(1) NOT NULL,
  `file_package_names` varchar(500) CHARACTER SET utf8 COLLATE utf8_general_ci NOT NULL,
  `run_status` int(3) NULL DEFAULT NULL,
  `host_list` longtext CHARACTER SET utf8 COLLATE utf8_general_ci NOT NULL,
  `value_list` longtext CHARACTER SET utf8 COLLATE utf8_general_ci NOT NULL,
  `create_time` int(11) NOT NULL,
  `extend1` varchar(1000) CHARACTER SET utf8 COLLATE utf8_general_ci NULL DEFAULT NULL,
  `extend2` varchar(1000) CHARACTER SET utf8 COLLATE utf8_general_ci NULL DEFAULT NULL,
  `extend3` varchar(1000) CHARACTER SET utf8 COLLATE utf8_general_ci NULL DEFAULT NULL,
  PRIMARY KEY (`id`) USING BTREE
) ENGINE = InnoDB AUTO_INCREMENT = 1 CHARACTER SET = utf8 COLLATE = utf8_general_ci ROW_FORMAT = Compact;

-- ----------------------------
-- Table structure for work_worklog
-- ----------------------------
DROP TABLE IF EXISTS `work_worklog`;
CREATE TABLE `work_worklog`  (
  `id` int(11) NOT NULL AUTO_INCREMENT,
  `work_id` varchar(10) CHARACTER SET utf8 COLLATE utf8_general_ci NOT NULL,
  `work_name` varchar(100) CHARACTER SET utf8 COLLATE utf8_general_ci NOT NULL,
  `log` longtext CHARACTER SET utf8 COLLATE utf8_general_ci NOT NULL,
  `extend1` varchar(1000) CHARACTER SET utf8 COLLATE utf8_general_ci NULL DEFAULT NULL,
  `extend2` varchar(1000) CHARACTER SET utf8 COLLATE utf8_general_ci NULL DEFAULT NULL,
  `extend3` varchar(1000) CHARACTER SET utf8 COLLATE utf8_general_ci NULL DEFAULT NULL,
  PRIMARY KEY (`id`) USING BTREE
) ENGINE = InnoDB AUTO_INCREMENT = 1 CHARACTER SET = utf8 COLLATE = utf8_general_ci ROW_FORMAT = Compact;

SET FOREIGN_KEY_CHECKS = 1;
